file_id,merged-2Kpa.hdf5
date,2026-09-30
spring_constant,29
tip_geometry,sphere
tip_radius,1e-05
velocity,9
tip_angle,0
curve_id,0
index,Z indent (µm),Force indent (µN)
0,0,0.8148193359375
1,0.00055043371093743687,0.84259033203125
2,0.00082093070312505567,0.8917236328125
3,0.0011005419140623918,0.91094970703125
4,0.0013713644140624925,0.86700439453125
5,0.0016509756250000507,0.92926025390625
6,0.0019214726171874474,0.9765625
7,0.0022014093359374876,1.01959228515625
8,0.0024719063281248843,0.99334716796875
9,0.0027518430468749244,1.0247802734375
10,0.0030223400390625432,1.06658935546875
11,0.0033022767578125833,1.11663818359375
12,0.0035727737499999801,1.1395263671875
13,0.0038191831640626006,1.15509033203125
14,0.004123207460937417,1.15509033203125
15,0.0043696168750000375,1.21307373046875
16,0.0046733156640625939,1.27471923828125
17,0.004953252382812412,1.28448486328125
18,0.005221145312499953,1.26953125
19,0.0054652761718749776,1.29974365234375
20,0.0057715790234373898,1.3958740234375
21,0.0060030150781249514,1.41876220703125
22,0.0063119219921874414,1.3958740234375
23,0.0065531232812499063,1.42333984375
24,0.0068724464453124856,1.5301513671875
25,0.0071035569921875652,1.524658203125
26,0.0074049772265625258,1.5765380859375
27,0.0076539907031250021,1.575927734375
28,0.0079528068749998848,1.61712646484375
29,0.0082018203515625832,1.6412353515625
30,0.0084723173437499799,1.76971435546875
31,0.00875225406250002,1.70166015625
32,0.0090227510546874168,1.737060546875
33,0.0093026877734374569,1.75933837890625
34,0.0095731847656250757,1.91253662109375
35,0.0098527959765624118,1.86981201171875
36,0.010123618476562513,1.92108154296875
37,0.010403229687500071,1.8695068359375
38,0.010673726679687467,2.069091796875
39,0.010953663398437508,2.02392578125
40,0.011224160390624904,2.15301513671875
41,0.011504097109374944,2.03765869140625
42,0.011774594101562563,2.1905517578125
43,0.012054530820312381,2.156982421875
44,0.0123250278125,2.37457275390625
45,0.01260496453125004,2.2210693359375
46,0.012875461523437437,2.35076904296875
47,0.013121870937500058,2.2918701171875
48,0.013423291171875018,2.57080078125
49,0.013669700585937417,2.4273681640625
50,0.013973724882812455,2.5592041015625
51,0.014204835429687535,2.457275390625
52,0.01452383308593741,2.74261474609375
53,0.014762755820312501,2.59521484375
54,0.015061571992187384,2.8173828125
55,0.015305377343749926,2.6568603515625
56,0.015624700507812506,2.88970947265625
57,0.015855811054687585,2.79876708984375
58,0.016157231289062546,3.1036376953125
59,0.016403640703124944,2.85064697265625
60,0.016707664999999983,3.111572265625
61,0.016954074414062381,2.99407958984375
62,0.01722457140625,3.3502197265625
63,0.01750450812500004,3.133544921875
64,0.017775005117187437,3.336181640625
65,0.018054941835937477,3.16864013671875
66,0.018325438828125096,3.57879638671875
67,0.018605375546874914,3.372802734375
68,0.018875872539062533,3.6798095703125
69,0.019155483750000091,3.4271240234375
70,0.019426306249999969,3.775634765625
71,0.019705917460937528,3.590087890625
72,0.019976414453124924,4.0167236328125
73,0.020256351171874964,3.71002197265625
74,0.020526848164062583,4.00360107421875
75,0.020806784882812401,3.80157470703125
76,0.021074677812499942,4.3603515625
77,0.021321412734375045,3.992919921875
78,0.021625111523437601,4.2877197265625
79,0.0218715209375,4.04510498046875
80,0.022175545234375038,4.61212158203125
81,0.022455481953125078,4.2413330078125
82,0.022725978945312475,4.7357177734375
83,0.02296718023437494,4.32861328125
84,0.02327608714843743,4.80194091796875
85,0.023507523203124991,4.5050048828125
86,0.023826520859375089,5.1611328125
87,0.024070651718749891,4.59869384765625
88,0.024364259765625063,5.107421875
89,0.024605786562500009,4.77447509765625
90,0.024909485351562566,5.5181884765625
91,0.025155894765624964,4.9200439453125
92,0.025426717265625065,5.46417236328125
93,0.025706328476562401,5.01251220703125
94,0.02601035277343744,5.82366943359375
95,0.02625676218750006,5.240478515625
96,0.026527259179687457,5.95184326171875
97,0.026807195898437497,5.3021240234375
98,0.027077692890624894,6.06048583984375
99,0.027357629609374934,5.52276611328125
100,0.027628126601562331,6.492919921875
101,0.027908063320312371,5.63446044921875
102,0.028178560312500212,6.30340576171875
103,0.028458171523437548,5.8099365234375
104,0.028728668515624944,6.8267822265625
105,0.029008605234374985,5.9832763671875
106,0.029276498164062525,6.7095947265625
107,0.029559038945312421,6.13677978515625
108,0.029826931874999962,6.9781494140625
109,0.030106868593750002,6.31103515625
110,0.030377365585937399,7.125244140625
111,0.030624100507812502,6.46209716796875
112,0.030927799296874836,7.10693359375
113,0.031207736015624876,6.649169921875
114,0.031478233007812273,7.80120849609375
115,0.031724642421875116,6.7926025390625
116,0.032028666718750154,7.373046875
117,0.032269868007812397,6.84814453125
118,0.032563476054687568,8.349609375
119,0.03281021097656267,7.008056640625
120,0.033113909765625005,7.95623779296875
121,0.033358040624999807,7.08221435546875
122,0.033666947539062297,8.63372802734375
123,0.033908474335937688,7.3809814453125
124,0.034212173125000023,8.802490234375
125,0.034458582539062421,7.49786376953125
126,0.03476260683593746,8.58856201171875
127,0.035009016249999858,7.75238037109375
128,0.035279513242187699,9.1802978515625
129,0.035559449960937295,7.96234130859375
130,0.035829946953125136,8.48846435546875
131,0.036109883671875176,8.1719970703125
132,0.03635564207031261,9.23309326171875
133,0.036660317382812613,8.41644287109375
134,0.036802564296875007,8.580322265625
135,0.037166807539062541,9.12841796875
136,0.037210425585937346,8.57177734375
137,0.0374526033984377,9.02923583984375
138,0.037657347812500186,8.74237060546875
139,0.037758255234374927,8.88153076171875
140,0.037781366289062701,9.25262451171875
141,0.037824658828124802,8.24249267578125
142,0.037824984335937506,9.21875
curve_id,1
index,Z indent (µm),Force indent (µN)
0,0,0.84014892578125
1,0.00022264734374988215,0.87646484375
2,0.00050681566406240997,0.880126953125
3,0.00077308105468731902,0.88226318359375
4,0.0010520412499999132,0.916748046875
5,0.0013183066406248223,0.92132568359375
6,0.0016024749609373501,0.9814453125
7,0.0018225182421873765,1.01409912109375
8,0.0021503046093749312,0.9912109375
9,0.0024038751953123771,1.0174560546875
10,0.002700738320312368,1.11724853515625
11,0.0029565874609374099,1.13006591796875
12,0.0032508465234373229,1.080322265625
13,0.0034738193749999091,1.138916015625
14,0.0038012802343749819,1.2017822265625
15,0.004024253085937346,1.2469482421875
16,0.0043517139453124187,1.2347412109375
17,0.0045746867968750049,1.25885009765625
18,0.0049021476562498556,1.27471923828125
19,0.0051247949999999598,1.35528564453125
20,0.0054525813671875145,1.36688232421875
21,0.0056726246484373188,1.407470703125
22,0.0060030150781249514,1.38916015625
23,0.0062230583593749778,1.44775390625
24,0.0065508447265625325,1.49871826171875
25,0.0067734920703124146,1.5875244140625
26,0.0071009529296874874,1.5069580078125
27,0.0073239257812498515,1.571044921875
28,0.0076513866406249242,1.61895751953125
29,0.0078743594921875104,1.73370361328125
30,0.0082018203515623611,1.63970947265625
31,0.0084244676953124653,1.751708984375
32,0.0087086360156249931,1.7169189453125
33,0.0089749014062499022,1.832275390625
34,0.0092564656640623522,1.7840576171875
35,0.0095201269921874054,1.93206787109375
36,0.0098095034374998669,1.82769775390625
37,0.010070560703124842,2.00439453125
38,0.010357333085937448,1.95343017578125
39,0.01060569554687496,2.12371826171875
40,0.010902558671874951,1.9781494140625
41,0.011156129257812397,2.16796875
42,0.011452992382812388,2.0843505859375
43,0.011716653710937441,2.333984375
44,0.012003426093749825,2.1636962890625
45,0.012226073437499929,2.3297119140625
46,0.012553534296875002,2.2454833984375
47,0.012776507148437366,2.50244140625
48,0.013103968007812439,2.31719970703125
49,0.013324336796874947,2.57568359375
50,0.013654401718749876,2.42401123046875
51,0.013874770507812384,2.65289306640625
52,0.014204835429687535,2.51953125
53,0.014424878710937339,2.83447265625
54,0.014752665078124894,2.5762939453125
55,0.014975312421874998,2.83599853515625
56,0.01530309878906233,2.7227783203125
57,0.015525746132812435,3.065185546875
58,0.015853206992187507,2.7862548828125
59,0.016076179843749872,3.0889892578125
60,0.016403640703124944,2.8936767578125
61,0.01662661355468753,3.28369140625
62,0.016920872617187444,3.03466796875
63,0.017177047265624967,3.34320068359375
64,0.017460890078125013,3.0810546875
65,0.017727155468749922,3.5040283203125
66,0.018013927851562528,3.2781982421875
67,0.018272706562499907,3.68408203125
68,0.018561757499999887,3.33251953125
69,0.018822814765624862,3.6749267578125
70,0.019109587148437468,3.47503662109375
71,0.01935794960937498,4.0374755859375
72,0.019654812734374971,3.58306884765625
73,0.019908383320312417,3.93157958984375
74,0.020205246445312408,3.74542236328125
75,0.020468907773437461,4.273681640625
76,0.020755680156249845,3.80767822265625
77,0.020978327499999949,4.33624267578125
78,0.021305788359375022,3.96484375
79,0.02152615714843753,4.46990966796875
80,0.021856222070312459,4.1363525390625
81,0.022076590859374967,4.75677490234375
82,0.022406655781249896,4.1668701171875
83,0.022627024570312404,4.71343994140625
84,0.022954485429687477,4.41131591796875
85,0.023177458281249841,5.12939453125
86,0.023504919140624914,4.466552734375
87,0.023727566484375018,5.04180908203125
88,0.02405535285156235,4.62799072265625
89,0.024278000195312455,5.47576904296875
90,0.024605786562500009,4.7784423828125
91,0.024828433906249892,5.43792724609375
92,0.025155894765624964,4.903564453125
93,0.025378867617187328,5.72509765625
94,0.025706328476562401,5.06805419921875
95,0.025929301328124987,5.985107421875
96,0.02625676218750006,5.21575927734375
97,0.026479735039062424,5.88287353515625
98,0.026776598164062415,5.37322998046875
99,0.02702496062500015,6.5118408203125
100,0.027311407499999829,5.48370361328125
101,0.027575068828124882,6.23626708984375
102,0.027856633085937554,5.7244873046875
103,0.028122898476562463,6.76910400390625
104,0.028407066796874991,5.81634521484375
105,0.028660637382812437,6.74102783203125
106,0.028957500507812428,5.98968505859375
107,0.02921367515624973,6.86767578125
108,0.029507934218749865,6.22802734375
109,0.029727977500000113,7.13836669921875
110,0.030058367929687302,6.3043212890625
111,0.03027841121093755,6.99951171875
112,0.030606197578124883,6.53045654296875
113,0.030828844921874987,7.77008056640625
114,0.03115630578125006,6.68975830078125
115,0.031379278632812424,7.2442626953125
116,0.031706739492187497,6.81610107421875
117,0.031929712343749861,8.33343505859375
118,0.032257173203124934,6.90185546875
119,0.032480146054687298,7.88055419921875
120,0.032807606914062371,7.0367431640625
121,0.033030254257812475,8.45245361328125
122,0.033358040624999807,7.203369140625
123,0.033580687968749912,8.87451171875
124,0.033908474335937244,7.401123046875
125,0.034131121679687348,8.3306884765625
126,0.034458582539062421,7.664794921875
127,0.034681555390624785,9.19921875
128,0.035009016249999858,7.79998779296875
129,0.035229385039062366,8.3721923828125
130,0.035513227851562634,8.11187744140625
131,0.035754429140624877,9.193115234375
132,0.036066265624999927,8.28857421875
133,0.036198096289062454,8.5791015625
134,0.036560711992187356,8.99139404296875
135,0.036611491210937208,8.45733642578125
136,0.036840323203125136,9.03778076171875
137,0.03703758093749987,8.54522705078125
138,0.037159320859374789,8.80859375
139,0.037168109570312469,9.2547607421875
140,0.037217586757812393,8.10150146484375
141,0.037218237773437357,8.40545654296875
curve_id,2
index,Z indent (µm),Force indent (µN)
0,0,0.82611083984375
1,0.00059144769531238595,0.89263916015625
2,0.0007805677343748485,0.8251953125
3,0.0010956592968749401,0.90667724609375
4,0.0013310014453125074,0.91278076171875
5,0.0016408848828124434,0.9979248046875
6,0.0018814351562499443,0.94024658203125
7,0.0021965267187498139,1.00616455078125
8,0.0024318688671873812,1.00982666015625
9,0.0027417523046873171,1.07818603515625
10,0.0029796985156249622,1.06781005859375
11,0.003292186015624976,1.1383056640625
12,0.0035275281640623213,1.1260986328125
13,0.0038400156640623351,1.177978515625
14,0.0040701496874999687,1.2139892578125
15,0.004390123867187512,1.253662109375
16,0.0045821734765623123,1.2432861328125
17,0.0049405575781249489,1.2811279296875
18,0.0051732956640624383,1.36749267578125
19,0.0054909912890623858,1.3751220703125
20,0.0056827153906249261,1.38671875
21,0.0060414249999998226,1.4044189453125
22,0.006233149101562363,1.4996337890625
23,0.0065918587109374815,1.50909423828125
24,0.0067835828125000219,1.556396484375
25,0.0071422924218749184,1.5667724609375
26,0.007331412460937381,1.6485595703125
27,0.0076924006249998733,1.629638671875
28,0.0078818461718748178,1.73309326171875
29,0.0082018203515623611,1.7108154296875
30,0.0084322798828124768,1.78375244140625
31,0.0087932680468749691,1.7669677734375
32,0.0089827135937499136,1.93115234375
33,0.0093026877734374569,1.87591552734375
34,0.0094332164062498336,1.93511962890625
35,0.0095328217968748685,2.11822509765625
36,0.0098427052343750265,1.925048828125
37,0.010393138945312463,2.05352783203125
38,0.010633689218749964,2.15362548828125
39,0.0109435726562499,2.12127685546875
40,0.011178914804687468,2.308349609375
41,0.011494006367187337,2.222900390625
42,0.011729348515624904,2.35137939453125
43,0.012041836015624918,2.310791015625
44,0.01227197003906233,2.46673583984375
45,0.012592269726562355,2.39837646484375
46,0.012783993828124895,2.60498046875
47,0.013144981992187388,2.5311279296875
48,0.013375441523437503,2.6605224609375
49,0.013692811640624969,2.5830078125
50,0.013884861249999991,2.85797119140625
51,0.014243245351562406,2.7276611328125
52,0.014435294960937428,2.86376953125
53,0.014793679062499843,2.8076171875
54,0.014985403164062383,3.116455078125
55,0.015344112773437502,2.94189453125
56,0.015533232812499964,3.12652587890625
57,0.015894546484374938,3.021240234375
58,0.016083666523437401,3.3087158203125
59,0.016444654687499893,3.14544677734375
60,0.016634100234374838,3.4423828125
61,0.016954074414062381,3.2489013671875
62,0.017184533945312497,3.5198974609375
63,0.017504508124999818,3.365478515625
64,0.017734967656249934,3.768310546875
65,0.01804485109374987,3.47900390625
66,0.018285075859374889,3.76617431640625
67,0.018595284804687529,3.59954833984375
68,0.018835509570312325,4.085693359375
69,0.019145393007812483,3.7255859375
70,0.019385943281249984,4.05914306640625
71,0.01969582671874992,3.8262939453125
72,0.019933772929687343,4.33807373046875
73,0.020243656367187501,3.96728515625
74,0.020484206640625002,4.45159912109375
75,0.020794090078124938,4.08538818359375
76,0.021026828164062428,4.5806884765625
77,0.021344523789062375,4.23828125
78,0.021579865937499942,4.893798828125
79,0.021894957499999812,4.3328857421875
80,0.022086681601562574,4.8199462890625
81,0.022445065703124989,4.5233154296875
82,0.022637115312500011,5.2838134765625
83,0.022995499414062426,4.617919921875
84,0.023184944960937592,5.145263671875
85,0.023545933124999863,4.8162841796875
86,0.023735378671875029,5.59234619140625
87,0.0240963668359373,4.92156982421875
88,0.024285486874999762,5.60089111328125
89,0.024646800546874736,5.09796142578125
90,0.024835920585937643,5.8209228515625
91,0.025156220273437224,5.26092529296875
92,0.02538635429687508,6.14410400390625
93,0.025745063906249754,5.40374755859375
94,0.025936788007812517,6.03057861328125
95,0.026249275507812531,5.5950927734375
96,0.026484617656250098,6.62139892578125
97,0.026797105156250112,5.7379150390625
98,0.027037655429687391,6.3665771484375
99,0.0273498174218747,5.921630859375
100,0.027587763632812567,6.866455078125
101,0.02789536851562513,6.0968017578125
102,0.028132989218749849,6.80877685546875
103,0.028445476718749862,6.28509521484375
104,0.028683422929687286,7.00653076171875
105,0.028995910429687299,6.43798828125
106,0.029233856640624722,7.31658935546875
107,0.029546344140624736,6.61712646484375
108,0.029776478164062592,7.16278076171875
109,0.030096777851562617,6.7974853515625
110,0.030329515937499885,8.0047607421875
111,0.030647211562500054,6.85699462890625
112,0.030838935664062372,7.5164794921875
113,0.031197645273437491,6.98577880859375
114,0.031386765312499953,8.4844970703125
115,0.031747753476562224,7.14508056640625
116,0.03193719902343739,8.21197509765625
117,0.032298187187500105,7.29461669921875
118,0.032487632734374827,8.72589111328125
119,0.032848620898437542,7.55218505859375
120,0.033038066445312264,9.08599853515625
121,0.033358040625000029,7.7044677734375
122,0.033588174648437441,8.65509033203125
123,0.033908474335937466,7.9461669921875
124,0.034138608359374878,9.24957275390625
125,0.034497317968749996,8.14178466796875
126,0.034689042070312315,8.658447265625
127,0.034998925507812473,8.3526611328125
128,0.035217015742187385,9.26025390625
129,0.03554935921874991,8.603515625
130,0.035591675234374787,8.7945556640625
131,0.035667193046875045,9.16961669921875
132,0.036097188867187491,8.779296875
133,0.036647622578124928,9.0399169921875
134,0.036657713320312535,9.21875
135,0.036705888476562532,8.38653564453125
136,0.036706539492187495,9.18487548828125
curve_id,3
index,Z indent (µm),Force indent (µN)
0,0,0.80291748046875
1,0.00050681566406240997,0.8343505859375
2,0.0011005419140623918,0.8917236328125
3,0.0012434398437499716,0.859375
4,0.0016024749609373501,0.91064453125
5,0.0018348875390623576,0.89324951171875
6,0.0021551872265623828,0.9686279296875
7,0.0023443072656248454,0.97381591796875
8,0.002700738320312368,1.03485107421875
9,0.0028921369140624265,1.01318359375
10,0.0032508465234373229,1.04217529296875
11,0.0034425706249998633,1.08001708984375
12,0.003798676171874904,1.14959716796875
13,0.0039952828906248961,1.15325927734375
14,0.0043491098828123409,1.16241455078125
15,0.0045431125390624771,1.2115478515625
16,0.0048995435937499998,1.25335693359375
17,0.0050909421874998362,1.28692626953125
18,0.0054525813671875145,1.27288818359375
19,0.0056465840234374287,1.3360595703125
20,0.0060004110156248736,1.35101318359375
21,0.0061944136718750098,1.4324951171875
22,0.0065531232812499063,1.41510009765625
23,0.0067448473828124467,1.505126953125
24,0.0071009529296874874,1.474609375
25,0.0072949555859374016,1.575927734375
26,0.0076513866406249242,1.57379150390625
27,0.0078427852343749827,1.65374755859375
28,0.0082018203515623611,1.602783203125
29,0.0083906148828123417,1.7333984375
30,0.00875225406250002,1.71234130859375
31,0.0089436526562498564,1.82159423828125
32,0.00925906972656243,1.73553466796875
33,0.0094914823046874375,1.89178466796875
34,0.0098505174218748159,1.84814453125
35,0.010039311953125019,1.9879150390625
36,0.010357333085937448,1.9171142578125
37,0.010587141601562378,2.1099853515625
38,0.010899954609374873,1.99005126953125
39,0.01109395726562501,2.18231201171875
40,0.011452992382812388,2.10968017578125
41,0.011646995039062524,2.30377197265625
42,0.012000822031249969,2.1728515625
43,0.012194824687499883,2.38677978515625
44,0.012553534296875002,2.3077392578125
45,0.01274525839843732,2.48687744140625
46,0.013101363945312361,2.3480224609375
47,0.013295366601562497,2.611083984375
48,0.01365179765625002,2.4847412109375
49,0.013845800312499934,2.6824951171875
50,0.014202231367187457,2.56744384765625
51,0.014393629960937515,2.8680419921875
52,0.014755269140624971,2.6715087890625
53,0.01494666773437503,2.89642333984375
54,0.01530309878906233,2.7752685546875
55,0.015494497382812389,3.09112548828125
56,0.015853206992187507,2.8643798828125
57,0.016044931093749826,3.1658935546875
58,0.016403640703124944,3.0047607421875
59,0.016595364804687485,3.3111572265625
60,0.016954074414062381,3.05694580078125
61,0.01714547300781244,3.46466064453125
62,0.017501904062499962,3.21044921875
63,0.017695906718749876,3.5296630859375
64,0.01801132378906245,3.2904052734375
65,0.018238528242187524,3.802490234375
66,0.018556549374999953,3.41217041015625
67,0.018745669414062416,3.7860107421875
68,0.01910698308593739,3.531494140625
69,0.019339395664062398,4.09423828125
70,0.019654812734374971,3.64532470703125
71,0.019889829374999834,4.09454345703125
72,0.02020264238281233,3.7945556640625
73,0.020394040976562389,4.36004638671875
74,0.020755680156249845,3.87481689453125
75,0.020947078749999903,4.456787109375
76,0.021303509804687426,4.03656005859375
77,0.02149751246093734,4.5880126953125
78,0.021853618007812381,4.14642333984375
79,0.022047946171874999,4.91119384765625
80,0.022404051718749818,4.2926025390625
81,0.02259577582031258,4.83367919921875
82,0.022954485429687255,4.4256591796875
83,0.023145884023437313,5.2691650390625
84,0.023502315078124836,4.54498291015625
85,0.02369631773437475,5.1953125
86,0.024055352851562573,4.7467041015625
87,0.024249355507812487,5.5584716796875
88,0.02460318249999971,4.8260498046875
89,0.024797185156250068,5.6439208984375
90,0.02515361621093759,5.0408935546875
91,0.025347618867187505,5.787353515625
92,0.025703724414062323,5.166015625
93,0.025897727070312238,6.1669921875
94,0.02625676218750006,5.322265625
95,0.026448160781250118,6.02294921875
96,0.026804591835937641,5.5059814453125
97,0.026998594492187555,6.61102294921875
98,0.027355025546875078,5.65277099609375
99,0.027543820078124837,6.41265869140625
100,0.027864445273437566,5.85540771484375
101,0.028091649726562418,6.8359375
102,0.028407066796874991,6.01318359375
103,0.02859846539062505,6.83074951171875
104,0.028954896445312572,6.2127685546875
105,0.029148899101562487,6.9635009765625
106,0.029505330156250009,6.376953125
107,0.029699332812499923,7.3785400390625
108,0.030058367929687302,6.5618896484375
109,0.03024976652343736,7.14630126953125
110,0.030606197578124883,6.7193603515625
111,0.030797596171874941,8.00445556640625
112,0.031158909843749916,6.82281494140625
113,0.031348029882812378,7.55828857421875
114,0.031706739492187497,6.94305419921875
115,0.031898138085937555,8.44757080078125
116,0.032257173203124934,7.05810546875
117,0.032448571796874992,8.2672119140625
118,0.032805002851562515,7.25128173828125
119,0.032999005507812429,8.6907958984375
120,0.033355436562499952,7.4591064453125
121,0.033552043281249722,9.13421630859375
122,0.033905870273437388,7.6513671875
123,0.034097268867187447,8.6138916015625
124,0.034455978476562565,7.90740966796875
125,0.03465030664062474,9.25537109375
126,0.035006412187500002,8.0792236328125
127,0.035200414843749916,8.6676025390625
128,0.035513227851562634,8.33343505859375
129,0.035725784453125131,9.2559814453125
130,0.036066265624999927,8.52294921875
131,0.036139179374999886,8.87725830078125
132,0.036542809062499737,9.12445068359375
133,0.036614095273437508,8.7701416015625
134,0.036810376484375018,9.23309326171875
135,0.037024235117187443,8.720703125
136,0.037158995351562529,9.21875
137,0.037161924921875089,8.99139404296875
138,0.03720814703124975,8.36517333984375
139,0.037212704140624941,9.21875
140,0.037213029648437645,8.59375
curve_id,4
index,Z indent (µm),Force indent (µN)
0,0,0.84716796875
1,0.00024152679687494683,0.8013916015625
2,0.00055043371093743687,0.86334228515625
3,0.0007919605078123837,0.82733154296875
4,0.001098263359375018,0.9381103515625
5,0.0013423942187500426,0.94329833984375
6,0.0016486970703124548,0.94512939453125
7,0.0018902238671874017,0.93017578125
8,0.0021991307812498917,1.04278564453125
9,0.0024432616406249164,1.04339599609375
10,0.0027495644921873286,1.03118896484375
11,0.0029910912890624974,1.04888916015625
12,0.0032996726953125055,1.136474609375
13,0.0035415249999999343,1.163330078125
14,0.0038501064062499424,1.17462158203125
15,0.0040893546484375154,1.220703125
16,0.0044005401171873793,1.22528076171875
17,0.0045883581249999139,1.25335693359375
18,0.0049509738281250382,1.29119873046875
19,0.0051898965624999072,1.38519287109375
20,0.0054988034765623972,1.322021484375
21,0.0056918296093748655,1.36871337890625
22,0.0060518412499999119,1.42303466796875
23,0.0062419378125000424,1.5325927734375
24,0.006599670898437493,1.43524169921875
25,0.0067923715234374793,1.52252197265625
26,0.0071523831640625257,1.552734375
27,0.0073428052343749162,1.67633056640625
28,0.0076491080859373284,1.59423828125
29,0.007893238945312353,1.7108154296875
30,0.0081995417968749873,1.671142578125
31,0.008443672656250012,1.79046630859375
32,0.0087499755078124242,1.7425537109375
33,0.0089941063671874488,1.93206787109375
34,0.0093000837109373791,1.805419921875
35,0.0095419360156250299,1.927490234375
36,0.009850517421875038,1.91864013671875
37,0.010087161601562533,2.14447021484375
38,0.010400951132812475,1.9525146484375
39,0.010642477929687422,2.109375
40,0.01095398890624999,2.080078125
41,0.011192911640624859,2.33734130859375
42,0.011501818554687349,2.15606689453125
43,0.011745949414062373,2.33428955078125
44,0.012054530820312381,2.25250244140625
45,0.012291174999999877,2.49359130859375
46,0.012602360468749962,2.342529296875
47,0.012844212773437391,2.59979248046875
48,0.013152794179687399,2.43316650390625
49,0.013343216250000012,2.65167236328125
50,0.01370062382812498,2.5506591796875
51,0.013893649960937449,2.86102294921875
52,0.014251057539062417,2.61749267578125
53,0.014446687734374963,2.82257080078125
54,0.014801491249999854,2.7532958984375
55,0.014994517382812544,3.1329345703125
56,0.015351924960937513,2.83416748046875
57,0.015544625585937499,3.09844970703125
58,0.015853532499999989,2.955322265625
59,0.016092455234374858,3.314208984375
60,0.016401362148437348,3.05328369140625
61,0.016645493007812373,3.42254638671875
62,0.016954399921874863,3.1451416015625
63,0.017193322656249954,3.51837158203125
64,0.017502229570312444,3.2952880859375
65,0.017746360429687469,3.779296875
66,0.018054941835937477,3.3526611328125
67,0.018294190078124828,3.7255859375
68,0.018602771484374836,3.5113525390625
69,0.018844298281250005,4.100341796875
70,0.019153205195312495,3.60382080078125
71,0.019394731992187442,4.02099609375
72,0.019703638906249932,3.75335693359375
73,0.019947769765624956,4.3536376953125
74,0.020254072617187369,3.83453369140625
75,0.020495599414062537,4.4189453125
76,0.02080190226562495,3.97491455078125
77,0.021046033124999974,4.5574951171875
78,0.021352335976562387,4.11651611328125
79,0.021593862773437555,4.8687744140625
80,0.021902444179687341,4.21905517578125
81,0.022092866249999732,4.77203369140625
82,0.022455481953125078,4.38751220703125
83,0.022645904023437469,5.260009765625
84,0.023003311601562659,4.50347900390625
85,0.023196337734374906,5.10223388671875
86,0.023558953437499808,4.67498779296875
87,0.023746771445312342,5.5682373046875
88,0.024104179023437533,4.79095458984375
89,0.024297205156249779,5.5718994140625
90,0.02465461273437497,4.95697021484375
91,0.024847313359374956,5.76934814453125
92,0.025156220273437446,5.09521484375
93,0.025397747070312393,6.12091064453125
94,0.025704049921875027,5.27252197265625
95,0.025945576718749974,5.97747802734375
96,0.026254483632812464,5.42877197265625
97,0.026496010429687411,6.5826416015625
98,0.026804917343749901,5.59295654296875
99,0.027049048203125148,6.32171630859375
100,0.027355025546875078,5.77056884765625
101,0.027594273789062429,6.827392578125
102,0.027905459257812515,5.92254638671875
103,0.028146986054687462,6.812744140625
104,0.028455892968749952,6.13494873046875
105,0.028697419765624899,6.94976806640625
106,0.029003722617187533,6.30401611328125
107,0.02924524941406248,7.30438232421875
108,0.029559364453125125,6.48040771484375
109,0.029795683124999917,7.0758056640625
110,0.030104590039062407,6.6278076171875
111,0.030346116835937353,7.99407958984375
112,0.030655023749999843,6.817626953125
113,0.03084772437499983,7.41180419921875
114,0.031207736015624876,6.8798828125
115,0.031398158085937267,8.465576171875
116,0.031755565664062457,7.0086669921875
117,0.031948591796875148,8.1231689453125
118,0.032305999374999894,7.18414306640625
119,0.032499025507812584,8.64013671875
120,0.032805328359374775,7.35595703125
121,0.033049459218750021,9.07257080078125
122,0.033355436562499952,7.5933837890625
123,0.033594684804687303,8.4893798828125
124,0.033905870273437388,7.77740478515625
125,0.034147397070312335,9.25018310546875
126,0.034456303984374825,8.01605224609375
127,0.034697830781249772,8.5205078125
128,0.035006737695312262,8.2293701171875
129,0.035225804453124843,9.25384521484375
130,0.035559775468749999,8.43841552734375
131,0.03559948742187502,8.7188720703125
132,0.035675330742187539,9.12567138671875
133,0.03610760511718758,8.68011474609375
134,0.036331879999999872,9.1815185546875
135,0.036539228476562657,8.69140625
136,0.036655434765624717,8.8775634765625
137,0.036665851015625028,9.21875
138,0.036711422109374725,8.29254150390625
139,0.036711747617187429,8.5821533203125
curve_id,5
index,Z indent (µm),Force indent (µN)
0,0,0.83892822265625
1,0.00019302613281246828,0.82244873046875
2,0.00050714117187489194,0.87677001953125
3,0.00074313433593742317,0.82122802734375
4,0.0010572493749998468,0.90728759765625
5,0.00129356804687486,0.92132568359375
6,0.0016001964062499763,0.96923828125
7,0.001844001757812519,0.9283447265625
8,0.0021503046093749312,1.00433349609375
9,0.002391831406249878,1.026611328125
10,0.002700738320312368,1.0791015625
11,0.0029448691796873927,1.0540771484375
12,0.003251172031250027,1.09130859375
13,0.0034926988281249738,1.129150390625
14,0.0038016057421874638,1.180419921875
15,0.0040405284765625549,1.2249755859375
16,0.0043520394531249007,1.21490478515625
17,0.0045932407421873656,1.2371826171875
18,0.0048998691015624818,1.28143310546875
19,0.005136187773437495,1.35589599609375
20,0.0054503028124999187,1.32537841796875
21,0.0056862959765624499,1.3555908203125
22,0.0060004110156248736,1.390380859375
23,0.0061934371484375639,1.514892578125
24,0.0065508447265625325,1.48834228515625
25,0.0067435453515625188,1.52740478515625
26,0.0071012784374999693,1.52374267578125
27,0.0072939790624999556,1.6400146484375
28,0.0076517121484374062,1.60430908203125
29,0.0078444127734373925,1.70806884765625
30,0.0082047499218749209,1.65771484375
31,0.0083922424218749736,1.77734375
32,0.008752579570312502,1.741943359375
33,0.0089452801953124883,1.8939208984375
34,0.0093026877734374569,1.796875
35,0.0094957139062499252,1.9140625
36,0.0098020167578125594,1.883544921875
37,0.01004582210937488,2.115478515625
38,0.010355054531249852,1.97052001953125
39,0.010596255820312539,2.10662841796875
40,0.010902884179687433,2.04315185546875
41,0.011146689531249976,2.27325439453125
42,0.011452992382812388,2.1405029296875
43,0.011694519179687557,2.32513427734375
44,0.012003426093750047,2.2125244140625
45,0.012244952890624994,2.46368408203125
46,0.012553859804687484,2.33795166015625
47,0.012792782539062353,2.578125
48,0.013101689453125065,2.3974609375
49,0.013338008124999856,2.60894775390625
50,0.013652123164062502,2.52105712890625
51,0.013844823789062488,2.83477783203125
52,0.014202556874999939,2.61627197265625
53,0.014395257499999925,2.81005859375
54,0.014752665078124894,2.71484375
55,0.014945691210937362,3.06396484375
56,0.015303098789062552,2.8253173828125
57,0.015496124921875021,3.0828857421875
58,0.015853532499999989,2.91900634765625
59,0.016046233124999976,3.27972412109375
60,0.016403966210937426,3.05084228515625
61,0.016596666835937413,3.3843994140625
62,0.016954399921874863,3.12591552734375
63,0.017147100546874849,3.45062255859375
64,0.017461215585937495,3.2659912109375
65,0.017697534257812508,3.73870849609375
66,0.018009045234374854,3.35601806640625
67,0.018247967968749945,3.66912841796875
68,0.018554270820312357,3.48236083984375
69,0.018798401679687382,4.04754638671875
70,0.019104704531250016,3.585205078125
71,0.019345905820312481,3.9752197265625
72,0.019655138242187453,3.71429443359375
73,0.019896339531249918,4.2938232421875
74,0.020205246445312408,3.843994140625
75,0.020446773242187355,4.3878173828125
76,0.020755680156249845,3.93218994140625
77,0.020994602890624936,4.481201171875
78,0.021303509804687426,4.0985107421875
79,0.021539828476562439,4.82086181640625
80,0.021853943515624863,4.20013427734375
81,0.022046644140624849,4.70458984375
82,0.022404377226562522,4.34814453125
83,0.022597077851562286,5.21026611328125
84,0.022954810937499737,4.47357177734375
85,0.023147511562500167,5.04638671875
86,0.023505244648437618,4.61822509765625
87,0.023697945273437604,5.526123046875
88,0.02405535285156235,4.7894287109375
89,0.024248378984375041,5.50628662109375
90,0.024605786562499787,4.8992919921875
91,0.024798487187499774,5.721435546875
92,0.025156220273437668,5.07781982421875
93,0.025348920898437655,6.0614013671875
94,0.025899354609375091,5.9185791015625
95,0.026205657460937282,5.220947265625
96,0.026305588359374799,5.3839111328125
97,0.026449788320312528,6.55731201171875
98,0.026761299296874874,5.5523681640625
99,0.027000222031249965,6.263427734375
100,0.027306524882812599,5.69793701171875
101,0.027548051679687546,6.807861328125
102,0.027856958593750036,5.90423583984375
103,0.028098485390624983,6.76727294921875
104,0.028407392304687473,6.04156494140625
105,0.02864859359375016,6.90826416015625
106,0.02895782601562491,6.25213623046875
107,0.029199027304687597,7.2247314453125
108,0.029505655664062491,6.40625
109,0.029700960351562333,7.041015625
110,0.030055763867187668,6.595458984375
111,0.030292082539062459,7.88116455078125
112,0.030606197578125105,6.76513671875
113,0.030798898203125091,7.3651123046875
114,0.031156631289062542,6.8359375
115,0.031349331914062528,8.36700439453125
116,0.031707064999999979,6.98486328125
117,0.031899765624999965,8.06121826171875
118,0.032257498710937416,7.09259033203125
119,0.032450199335937402,8.5302734375
120,0.032807932421874852,7.30560302734375
121,0.032998028984374983,8.9898681640625
122,0.033314748085937484,7.51678466796875
123,0.033551066757812276,8.4661865234375
124,0.033908474335937466,7.73223876953125
125,0.034101174960937453,9.22088623046875
126,0.034415290000000098,7.95196533203125
127,0.034651608671874889,8.49273681640625
128,0.03496051558593738,8.1561279296875
129,0.03517958234374996,9.22515869140625
130,0.035510949296874816,8.40057373046875
131,0.03562715558593732,8.70574951171875
132,0.035996281445312306,9.05731201171875
133,0.036058778945312397,8.58795166015625
134,0.036284681367187321,9.1510009765625
135,0.036491378828125143,8.61541748046875
136,0.036609212656249834,8.84979248046875
137,0.036618001367187514,9.21875
138,0.036665199999999842,8.22357177734375
139,0.036665525507812546,9.21875
curve_id,6
index,Z indent (µm),Force indent (µN)
0,0,0.85052490234375
1,0.00055271226562503273,0.8599853515625
2,0.00079033296874997383,0.84930419921875
3,0.001097937851562536,0.9307861328125
4,0.0013814551562500998,0.85601806640625
5,0.0016509756250000507,0.9490966796875
6,0.0018908748828125876,0.96954345703125
7,0.0021988052734374097,1.01226806640625
8,0.0024413085937500245,0.97808837890625
9,0.0027492389843750686,1.07574462890625
10,0.0029917423046874614,1.05743408203125
11,0.0032996726953125055,1.08978271484375
12,0.0035395719531250425,1.10870361328125
13,0.0038497808984374604,1.1895751953125
14,0.0040900056640624793,1.21734619140625
15,0.0044002146093751193,1.2017822265625
16,0.0046404393749999162,1.21368408203125
17,0.0049506483203125562,1.3018798828125
18,0.0051905475781250932,1.31134033203125
19,0.0055010820312499931,1.30340576171875
20,0.00574098128906253,1.4190673828125
21,0.0060105017578124809,1.39862060546875
22,0.0062914149999999669,1.38641357421875
23,0.0065609354687499177,1.4593505859375
24,0.0068418487109374038,1.5972900390625
25,0.0071087651171874988,1.514892578125
26,0.0073896783593749849,1.58111572265625
27,0.0076539907031250021,1.60980224609375
28,0.0079375080078125659,1.68212890625
29,0.0082044244140624389,1.63604736328125
30,0.0084879417187500028,1.77337646484375
31,0.0087496499999999422,1.7547607421875
32,0.008992153320312557,1.84844970703125
33,0.0093000837109376011,1.7669677734375
34,0.0095809969531250871,1.93603515625
35,0.009850191914062556,1.885986328125
36,0.010131430664062524,2.0220947265625
37,0.010400625624999993,1.94976806640625
38,0.010643128945312608,2.16766357421875
39,0.01095105933593743,2.03338623046875
40,0.011193562656250045,2.14874267578125
41,0.011501493046875089,2.13165283203125
42,0.011741392304687404,2.39776611328125
43,0.012051926757812526,2.191162109375
44,0.012291826015625062,2.35931396484375
45,0.012602360468749962,2.3321533203125
46,0.012842259726562499,2.55096435546875
47,0.013152468671874917,2.36541748046875
48,0.013392693437499936,2.63824462890625
49,0.013702902382812576,2.5189208984375
50,0.013943127148437595,2.70172119140625
51,0.014250732031249935,2.57965087890625
52,0.01449323535156255,2.9205322265625
53,0.014762755820312501,2.70599365234375
54,0.015041064999999909,2.882080078125
55,0.015313189531249938,2.80853271484375
56,0.015594102773437424,3.17962646484375
57,0.015855811054687585,2.90130615234375
58,0.016141932421875005,3.1463623046875
59,0.016406244765625022,3.04107666015625
60,0.016689762070312586,3.3709716796875
61,0.016951470351562525,3.09417724609375
62,0.017240195781250023,3.45947265625
63,0.017501904062499962,3.2598876953125
64,0.017785421367187526,3.5772705078125
65,0.018052337773437621,3.33221435546875
66,0.018294841093750014,3.81256103515625
67,0.018602771484375058,3.4674072265625
68,0.018845274804687451,3.7835693359375
69,0.019152879687500013,3.57391357421875
70,0.01939570851562511,4.156494140625
71,0.01970331339843745,3.69720458984375
72,0.019943538164062469,4.07073974609375
73,0.020253747109375109,3.83087158203125
74,0.020493646367187424,4.42596435546875
75,0.020804180820312546,3.92120361328125
76,0.021044080078125083,4.4525146484375
77,0.021354614531249982,4.091796875
78,0.021594513789062519,4.63165283203125
79,0.021902444179687564,4.173583984375
80,0.022144947499999956,4.92584228515625
81,0.022452877890625,4.3536376953125
82,0.022695381210937615,4.84771728515625
83,0.022962297617187488,4.444580078125
84,0.023243210859375196,5.3436279296875
85,0.023507523203125213,4.593505859375
86,0.023791040507812333,5.17669677734375
87,0.024057631406249946,4.75433349609375
88,0.02434114871093751,5.64117431640625
89,0.024608065117187383,4.869384765625
90,0.024894186484374803,5.63568115234375
91,0.025153290703125109,5.04638671875
92,0.025439412070312528,5.87646484375
93,0.025703724414062545,5.1788330078125
94,0.025984637656249809,6.182861328125
95,0.026254158124999982,5.35736083984375
96,0.02653507136718769,6.068115234375
97,0.026804591835937419,5.5059814453125
98,0.027047095156250034,6.69708251953125
99,0.027355025546874856,5.684814453125
100,0.027597528867187471,6.4031982421875
101,0.027905459257812293,5.845947265625
102,0.028145358515625052,6.8792724609375
103,0.02845556746093747,6.02447509765625
104,0.028695792226562489,6.82373046875
105,0.029006001171874907,6.17828369140625
106,0.029245900429687666,7.041015625
107,0.029556434882812344,6.3958740234375
108,0.029796334140625103,7.359619140625
109,0.030104264531249925,6.54541015625
110,0.030346767851562539,7.1826171875
111,0.030616288320312712,6.71112060546875
112,0.030897201562499976,8.07373046875
113,0.031205131953124798,6.8255615234375
114,0.031447635273437413,7.5262451171875
115,0.03171194761718743,6.93389892578125
116,0.03199806898437485,8.55224609375
117,0.032257173203125156,7.08587646484375
118,0.032543294570312575,8.2244873046875
119,0.032810210976562448,7.24700927734375
120,0.033093728281250012,8.78265380859375
121,0.033355436562500174,7.48138427734375
122,0.033636349804687438,9.1180419921875
123,0.033905544765624906,7.655029296875
124,0.034148373593750225,8.66485595703125
125,0.034455978476562343,7.91595458984375
126,0.034736891718750051,9.26483154296875
127,0.035006412187500224,8.11614990234375
128,0.035248915507812395,8.64654541015625
129,0.035556845898437661,8.3447265625
130,0.035774936132812574,9.21875
131,0.036107279609375098,8.57666015625
132,0.036225438945312494,8.81103515625
133,0.036595215820312443,9.20318603515625
134,0.036657713320312535,8.7689208984375
135,0.036883941250000163,9.21173095703125
136,0.037092266250000172,8.84124755859375
137,0.037207821523437712,9.031982421875
138,0.037219539804687507,9.21875
139,0.03726380886718772,8.39935302734375
140,0.037266738437499836,8.59375
curve_id,7
index,Z indent (µm),Force indent (µN)
0,0,0.83953857421875
1,0.0005501082031249549,0.8416748046875
2,0.00083037042968747699,0.8673095703125
3,0.0011005419140623918,0.93292236328125
4,0.001378200078124836,0.8612060546875
5,0.0016509756249998286,0.92987060546875
6,0.0019234256640623393,0.97442626953125
7,0.0022014093359374876,1.0028076171875
8,0.0024735338671875162,0.97381591796875
9,0.0027108290624999754,1.0455322265625
10,0.002982953593750004,1.070556640625
11,0.0032612627734374122,1.07421875
12,0.0035333873046874409,1.11968994140625
13,0.0038497808984374604,1.16729736328125
14,0.0040838210156248778,1.185302734375
15,0.0043592006249999482,1.1895751953125
16,0.0046342547265623146,1.258544921875
17,0.0049047517187499334,1.2823486328125
18,0.0051846884374999735,1.28021240234375
19,0.0054525813671875145,1.287841796875
20,0.0057351221484374104,1.42364501953125
21,0.0060000855078123916,1.383056640625
22,0.0062829517968749915,1.41204833984375
23,0.0065505192187498285,1.42303466796875
24,0.0068330599999999464,1.5692138671875
25,0.0071009529296874874,1.500244140625
26,0.0073834937109373833,1.57196044921875
27,0.0076513866406249242,1.56646728515625
28,0.0079339274218748201,1.7022705078125
29,0.0082018203515623611,1.61285400390625
30,0.0084765489453124676,1.76605224609375
31,0.00875225406250002,1.71905517578125
32,0.0090347948437499159,1.80999755859375
33,0.0093023622656249749,1.741943359375
34,0.0095774163671873414,1.973876953125
35,0.0098527959765624118,1.85028076171875
36,0.010084232031249973,1.96014404296875
37,0.010403229687499849,1.91009521484375
38,0.010678283789062437,2.16796875
39,0.010953663398437508,1.990966796875
40,0.011185099453124847,2.14263916015625
41,0.011501493046874867,2.08251953125
42,0.011735533164062506,2.35748291015625
43,0.012010912773437354,2.14874267578125
44,0.012285641367187461,2.3675537109375
45,0.012563950546874869,2.27935791015625
46,0.012836075078124898,2.5115966796875
47,0.013106572070312517,2.33917236328125
48,0.013386508789062335,2.6422119140625
49,0.013657005781249953,2.45025634765625
50,0.013934338437499916,2.6727294921875
51,0.014202231367187457,2.54486083984375
52,0.014484772148437353,2.9058837890625
53,0.014752665078124894,2.647705078125
54,0.015035205859375012,2.86346435546875
55,0.015302773281249848,2.74810791015625
56,0.015585639570312448,3.1658935546875
57,0.015853206992187507,2.85308837890625
58,0.016135747773437403,3.1292724609375
59,0.016403640703124944,2.98187255859375
60,0.01668618148437484,3.3294677734375
61,0.016954074414062381,3.05267333984375
62,0.017234011132812421,3.4588623046875
63,0.017504508124999818,3.1903076171875
64,0.017784444843749858,3.51715087890625
65,0.018054941835937477,3.28125
66,0.018327066367187506,3.79913330078125
67,0.018605050039062432,3.4161376953125
68,0.018836486093749993,3.7322998046875
69,0.019155483749999869,3.51165771484375
70,0.01938691980468743,4.13665771484375
71,0.01970331339843745,3.6468505859375
72,0.019937353515624867,4.0350341796875
73,0.020253747109374887,3.77044677734375
74,0.020487787226562304,4.37103271484375
75,0.020806784882812401,3.8580322265625
76,0.021038220937499963,4.42962646484375
77,0.021305788359375022,4.0301513671875
78,0.021588329140624918,4.573974609375
79,0.021858826132812315,4.10888671875
80,0.022136158789062499,4.88494873046875
81,0.022404051718749818,4.28680419921875
82,0.022686592499999936,4.7796630859375
83,0.022954485429687477,4.38232421875
84,0.023237026210937373,5.28839111328125
85,0.023504919140624692,4.539794921875
86,0.023787459921875032,5.106201171875
87,0.024055352851562573,4.67315673828125
88,0.024337893632812468,5.5804443359375
89,0.024605461054687305,4.8065185546875
90,0.024888001835937201,5.58563232421875
91,0.025155894765624742,4.954833984375
92,0.025433552929687631,5.8099365234375
93,0.025706328476562623,5.1025390625
94,0.025978778515624912,6.124267578125
95,0.02625676218750006,5.2813720703125
96,0.026531490781249945,6.0064697265625
97,0.026807195898437497,5.4083251953125
98,0.027038306445312577,6.61346435546875
99,0.027357629609374934,5.61126708984375
100,0.027588740156250013,6.3397216796875
101,0.027905133749999811,5.72906494140625
102,0.02813917386718745,6.83319091796875
103,0.028455567460937248,5.9576416015625
104,0.028689607578124887,6.8048095703125
105,0.028964987187499736,6.0968017578125
106,0.029240041289062324,6.96624755859375
107,0.029515420898437617,6.2786865234375
108,0.029790474999999761,7.29278564453125
109,0.030060646484374898,6.4788818359375
110,0.030338304648437342,7.0965576171875
111,0.030608476132812479,6.61590576171875
112,0.030888412851562519,7.96844482421875
113,0.031161513906249771,6.80206298828125
114,0.031438846562499956,7.44781494140625
115,0.031706739492187497,6.86187744140625
116,0.031989280273437393,8.41156005859375
117,0.032257173203124934,7.00286865234375
118,0.03253971398437483,8.14056396484375
119,0.032807606914062371,7.1466064453125
120,0.033090147695312266,8.64715576171875
121,0.033357715117187547,7.36053466796875
122,0.033637977343749847,9.036865234375
123,0.033908148828124984,7.581787109375
124,0.034188411054687284,8.55072021484375
125,0.034458582539062421,7.75848388671875
126,0.034738519257812461,9.24346923828125
127,0.035009016249999858,8.03497314453125
128,0.035240452304687198,8.53271484375
129,0.035559449960937295,8.1964111328125
130,0.03576712394531234,9.25811767578125
131,0.036107279609374876,8.472900390625
132,0.036220881835937524,8.69720458984375
133,0.036591309726562438,9.16259765625
134,0.036657713320312313,8.6468505859375
135,0.036881337187500085,9.15435791015625
136,0.037090313203125058,8.746337890625
137,0.03720782152343749,8.9056396484375
138,0.037218237773437357,9.21875
139,0.037266087421875094,8.2843017578125
140,0.037266738437500058,9.21875
curve_id,8
index,Z indent (µm),Force indent (µN)
0,0,0.82366943359375
1,0.00055043371093743687,0.8123779296875
2,0.00082223273437498356,0.85113525390625
3,0.0011005419140626138,0.91217041015625
4,0.0013726664453126425,0.85662841796875
5,0.0016509756250000507,0.9124755859375
6,0.0019231001562500794,0.96771240234375
7,0.0022014093359374876,0.9832763671875
8,0.0024732083593750342,0.972900390625
9,0.0027518430468751465,1.0430908203125
10,0.003010947265625008,1.055908203125
11,0.0033022767578125833,1.0626220703125
12,0.0035587769140625891,1.12030029296875
13,0.0038501064062499424,1.16607666015625
14,0.0041219054296874891,1.16943359375
15,0.0044002146093751193,1.1749267578125
16,0.0046235129687499654,1.2506103515625
17,0.0049200505859374744,1.275634765625
18,0.0052048699218749661,1.268310546875
19,0.0055010820312499931,1.28265380859375
20,0.0057243803906250612,1.39251708984375
21,0.0060030150781249514,1.36383056640625
22,0.0062748141015624981,1.40045166015625
23,0.0065531232812501283,1.42547607421875
24,0.006825247812499935,1.54327392578125
25,0.0071035569921875652,1.474609375
26,0.0073756815234375939,1.580810546875
27,0.0076513866406251463,1.571044921875
28,0.0079257897265625488,1.690673828125
29,0.0082018203515625832,1.5960693359375
30,0.0084736193750001298,1.744384765625
31,0.00875225406250002,1.71295166015625
32,0.0090240530859375667,1.80572509765625
33,0.0093026877734374569,1.73095703125
34,0.0095744867968750036,1.94427490234375
35,0.0098527959765626338,1.82861328125
36,0.01012492050781244,1.954345703125
37,0.010403229687500071,1.898193359375
38,0.010675354218750099,2.13531494140625
39,0.010953663398437508,1.9622802734375
40,0.011225787929687536,2.1441650390625
41,0.011504097109374944,2.07305908203125
42,0.011775896132812491,2.3150634765625
43,0.012051926757812526,2.1356201171875
44,0.012311030976562609,2.359619140625
45,0.012602360468749962,2.25799560546875
46,0.012876763554687587,2.4755859375
47,0.013152794179687621,2.29339599609375
48,0.013414502460937561,2.5982666015625
49,0.013702902382812576,2.42156982421875
50,0.013962006601562438,2.66357421875
51,0.014220134296875075,2.51129150390625
52,0.014507557695312645,2.8472900390625
53,0.01480376980468745,2.59429931640625
54,0.015060269960937456,2.862548828125
55,0.015315793593750016,2.71392822265625
56,0.015577501874999955,3.1097412109375
57,0.015853206992187507,2.8082275390625
58,0.016125331523437536,3.1048583984375
59,0.016403640703124944,2.9498291015625
60,0.016675765234374973,3.310546875
61,0.016954074414062603,3.02398681640625
62,0.017225873437499928,3.39111328125
63,0.01750450812500004,3.16650390625
64,0.017776307148437587,3.519287109375
65,0.018054941835937477,3.255615234375
66,0.018326740859375024,3.729248046875
67,0.018605375546875136,3.38653564453125
68,0.01887717457031246,3.734130859375
69,0.019155483750000091,3.48846435546875
70,0.019425004218750042,4.06463623046875
71,0.019705917460937528,3.6138916015625
72,0.019978041992187556,4.010009765625
73,0.020253747109375109,3.75885009765625
74,0.020528150195312511,4.33319091796875
75,0.020804180820312546,3.83148193359375
76,0.021075979843750092,4.37591552734375
77,0.021354614531249982,4.00634765625
78,0.021626413554687529,4.5599365234375
79,0.021905048242187641,4.0960693359375
80,0.022176847265624966,4.78485107421875
81,0.022455481953125078,4.2523193359375
82,0.022709378046875006,4.78851318359375
83,0.022972388359375095,4.36370849609375
84,0.023228888515625101,5.20751953125
85,0.02355602386718747,4.51904296875
86,0.023810245468750102,5.09033203125
87,0.024070651718750113,4.6502685546875
88,0.024327151875000119,5.54901123046875
89,0.024605786562500231,4.79644775390625
90,0.024877585585937556,5.51666259765625
91,0.025155894765624964,4.937744140625
92,0.025428019296874993,5.7806396484375
93,0.025706328476562401,5.072021484375
94,0.02597845300781243,6.0614013671875
95,0.026256762187499838,5.260009765625
96,0.026528561210937607,5.9796142578125
97,0.026807195898437719,5.369873046875
98,0.027078994921875044,6.56982421875
99,0.027357629609375156,5.56396484375
100,0.027629428632812481,6.292724609375
101,0.027905459257812737,5.74127197265625
102,0.028179862343749917,6.82159423828125
103,0.02845556746093747,5.86761474609375
104,0.028730296054687354,6.77154541015625
105,0.029006001171874907,6.080322265625
106,0.029280729765625235,6.93756103515625
107,0.029556434882812344,6.2274169921875
108,0.029828559414062372,7.18353271484375
109,0.030106868593750225,6.42333984375
110,0.030368576874999942,7.0794677734375
111,0.030657302304687661,6.56097412109375
112,0.030916406523437523,7.886962890625
113,0.031174208710937457,6.76055908203125
114,0.03146684023437496,7.37396240234375
115,0.031757844218749831,6.83990478515625
116,0.031981142578124899,8.406982421875
117,0.03227507613281233,6.947021484375
118,0.032559895468749822,7.9937744140625
119,0.032807606914062593,7.1282958984375
120,0.033112607734374855,8.631591796875
121,0.033358040625000029,7.2613525390625
122,0.033629839648437354,8.9141845703125
123,0.033908148828125206,7.5604248046875
124,0.034180273359375235,8.543701171875
125,0.034458582539062643,7.6873779296875
126,0.034730707070312672,9.21722412109375
127,0.03500901625000008,7.97149658203125
128,0.035281140781250109,8.4991455078125
129,0.035559449960937517,8.138427734375
130,0.035806510390624879,9.2431640625
131,0.036107279609375098,8.40362548828125
132,0.036253107109375016,8.626708984375
133,0.036618977890625182,9.13299560546875
134,0.036657713320312535,8.61175537109375
135,0.036903797226562673,9.0936279296875
136,0.037107239609375231,8.73443603515625
137,0.037208147031249972,8.8311767578125
138,0.037231258085937746,9.26544189453125
139,0.037274225117187587,8.27667236328125
140,0.037274550624999847,9.21875
curve_id,9
index,Z indent (µm),Force indent (µN)
0,0,0.86761474609375
1,0.00024282882812487472,0.843505859375
2,0.00054782964843735904,0.87921142578125
3,0.00079326253906253363,0.8642578125
4,0.001098263359375018,0.938720703125
5,0.0013410921874998927,0.9783935546875
6,0.0016486970703124548,0.9906005859375
7,0.0018915258984375516,0.965576171875
8,0.0021965267187500359,1.0235595703125
9,0.0024393555468749106,1.0760498046875
10,0.0027469604296874728,1.090087890625
11,0.0029435671484374648,1.0882568359375
12,0.0032996726953125055,1.13861083984375
13,0.0035350148437500728,1.20086669921875
14,0.0038475023437498646,1.21795654296875
15,0.0040444345703125606,1.23504638671875
16,0.0043979360546875235,1.23809814453125
17,0.0045945427734375155,1.28936767578125
18,0.0049483697656249603,1.31805419921875
19,0.0051423724218748745,1.395263671875
20,0.0054988034765623972,1.36077880859375
21,0.0056928061328125334,1.40625
22,0.0060466331249999783,1.42333984375
23,0.0062432398437499703,1.561279296875
24,0.006599670898437493,1.500244140625
25,0.0067936735546874072,1.54998779296875
26,0.0071475005468750741,1.54632568359375
27,0.0073441072656250661,1.71905517578125
28,0.007697608750000029,1.6357421875
29,0.007894215468750021,1.728515625
30,0.0082021458593750651,1.6619873046875
31,0.0084446491796874579,1.8292236328125
32,0.0087574621874999536,1.76971435546875
33,0.0089950828906248947,1.92535400390625
34,0.0093026877734374569,1.8170166015625
35,0.0095455166015625537,1.96533203125
36,0.009850517421875038,1.90948486328125
37,0.010093346249999913,2.14019775390625
38,0.010398347070312397,1.96258544921875
39,0.010643779960937572,2.1240234375
40,0.010951384843749912,2.06268310546875
41,0.011186401484374997,2.34405517578125
42,0.011499214492187493,2.16583251953125
43,0.011695821210937485,2.33062744140625
44,0.01204964820312493,2.20794677734375
45,0.012246254921874922,2.4969482421875
46,0.012600081914062367,2.33734130859375
47,0.012794084570312503,2.58758544921875
48,0.013150190117187543,2.40264892578125
49,0.01334451828124994,2.68157958984375
50,0.01370062382812498,2.5347900390625
51,0.013894626484374895,2.83721923828125
52,0.014248453476562561,2.59063720703125
53,0.014445060195312553,2.86224365234375
54,0.014798887187499998,2.72430419921875
55,0.01499549390624999,3.11126708984375
56,0.015351924960937513,2.8265380859375
57,0.015545927617187427,3.0889892578125
58,0.015899754609374872,2.9205322265625
59,0.016096361328124864,3.343505859375
60,0.016449862812500049,3.05511474609375
61,0.016646795039062523,3.3709716796875
62,0.016961886601562393,3.15338134765625
63,0.017196903242187478,3.52294921875
64,0.017504833632812522,3.2757568359375
65,0.017747336953124915,3.76373291015625
66,0.018050059218750025,3.35296630859375
67,0.018295166601562496,3.7060546875
68,0.018602771484375058,3.516845703125
69,0.018845600312499933,4.0863037109375
70,0.019150601132812417,3.619384765625
71,0.019390825898437436,4.00726318359375
72,0.019701034843750076,3.74755859375
73,0.019946467734375029,4.3402099609375
74,0.020251468554687513,3.86444091796875
75,0.020489089257812454,4.3731689453125
76,0.02080190226562495,3.99169921875
77,0.020995904921874864,4.5660400390625
78,0.021352335976562387,4.1326904296875
79,0.021546338632812523,4.7979736328125
80,0.021902444179687564,4.24468994140625
81,0.02209677234374996,4.7723388671875
82,0.022450273828124923,4.36981201171875
83,0.022647206054687397,5.22430419921875
84,0.023000707539062581,4.522705078125
85,0.023197314257812574,5.07110595703125
86,0.023551141250000018,4.6514892578125
87,0.02374774796875001,5.57037353515625
88,0.024101574960937455,4.783935546875
89,0.024295577617187369,5.49652099609375
90,0.024652008671874892,4.94415283203125
91,0.024848615390625106,5.78033447265625
92,0.025202442382812329,5.0823974609375
93,0.025399049101562543,6.053466796875
94,0.025706653984375105,5.23101806640625
95,0.02594948281249998,5.95672607421875
96,0.026257087695312542,5.408935546875
97,0.026496986953124857,6.58203125
98,0.026809799960937575,5.55877685546875
99,0.027047420664062294,6.27471923828125
100,0.02735274699218726,5.72998046875
101,0.027597854375000175,6.82586669921875
102,0.027902855195312437,5.88775634765625
103,0.028145684023437312,6.741943359375
104,0.028453288906249874,6.06719970703125
105,0.028690909609375037,6.9537353515625
106,0.029003722617187311,6.25244140625
107,0.029241343320312474,7.17010498046875
108,0.029554156328125192,6.39801025390625
109,0.029748158984375106,7.078857421875
110,0.030104590039062629,6.585693359375
111,0.030295988632812687,7.8863525390625
112,0.030652419687499766,6.7584228515625
113,0.03084902640624998,7.35504150390625
114,0.031202853398437647,6.832275390625
115,0.031399460117187417,8.4271240234375
116,0.031752961601562379,6.95831298828125
117,0.031949568320312594,7.98095703125
118,0.032303395312499816,7.105712890625
119,0.03250000203125003,8.6199951171875
120,0.032853829023437253,7.28546142578125
121,0.033047831679687611,8.9166259765625
122,0.033404262734375134,7.53631591796875
123,0.033600869453124904,8.54217529296875
124,0.033913682460937622,7.72491455078125
125,0.034151303164062341,9.2156982421875
126,0.034464116171875059,7.92449951171875
127,0.034699132812499922,8.50738525390625
128,0.035014549882812496,8.1939697265625
129,0.035226780976562289,9.24072265625
130,0.035554567343750065,8.38287353515625
131,0.03560111496093743,8.638916015625
132,0.035676632773437689,9.140625
133,0.036105001054687502,8.5980224609375
134,0.036332531015625058,9.10491943359375
135,0.036525231640625044,8.7066650390625
136,0.036655434765624939,8.8751220703125
137,0.036712724140624875,8.2672119140625
138,0.036714026171874803,8.52447509765625
curve_id,10
index,Z indent (µm),Force indent (µN)
0,0,0.855712890625
1,0.00037824007812514715,0.806884765625
2,0.00055043371093765892,0.845947265625
3,0.00092867378906258402,0.821533203125
4,0.0011008674218750958,0.92742919921875
5,0.0014791075000000209,0.921630859375
6,0.0016203778906249688,0.946044921875
7,0.0020292157031249758,0.943603515625
8,0.0022014093359374876,1.00616455078125
9,0.0025770453515625569,1.00372314453125
10,0.0027059464453125237,1.048583984375
11,0.0031274790624999937,1.08062744140625
12,0.003251172031250027,1.1090087890625
13,0.0036779127734376527,1.11114501953125
14,0.0038064883593751375,1.1871337890625
15,0.0042283464843750895,1.21429443359375
16,0.0043517139453126408,1.20574951171875
17,0.0047787801953125264,1.21917724609375
18,0.0049021476562500776,1.2933349609375
19,0.0053266098437501075,1.33758544921875
20,0.0054525813671875145,1.32354736328125
21,0.0058767180468750624,1.36962890625
22,0.0064118528906249583,1.44683837890625
23,0.0065508447265625325,1.4013671875
24,0.0066507756250000494,1.42974853515625
25,0.0069290848046874576,1.54327392578125
26,0.0071012784374999693,1.5191650390625
27,0.0074795185156251165,1.58935546875
28,0.0076517121484376283,1.5960693359375
29,0.0080296267187500714,1.71234130859375
30,0.0082018203515625832,1.6314697265625
31,0.0085800604296875083,1.71844482421875
32,0.00875225406250002,1.72821044921875
33,0.0091304941406251672,1.87591552734375
34,0.0093026877734376789,1.7645263671875
35,0.009680927851562604,1.90826416015625
36,0.0098199196875001782,1.8646240234375
37,0.010231361562500041,2.02850341796875
38,0.010370353398437615,1.91253662109375
39,0.010779191210937622,2.1142578125
40,0.01092046160156257,2.01171875
41,0.011329299414062577,2.191162109375
42,0.011458200507812544,2.09686279296875
43,0.011879733125000014,2.3394775390625
44,0.012006030156250125,2.16033935546875
45,0.012430166835937673,2.35443115234375
46,0.012553859804687484,2.25982666015625
47,0.01298060054687511,2.54150390625
48,0.013104293515625143,2.342529296875
49,0.013531034257812546,2.568359375
50,0.013654401718750098,2.4517822265625
51,0.014081467968749983,2.734375
52,0.014202231367187679,2.5311279296875
53,0.01463157617187516,2.821044921875
54,0.014752665078125116,2.63275146484375
55,0.015161502890625123,2.9364013671875
56,0.015303098789062552,2.7392578125
57,0.015714540664062637,3.089599609375
58,0.015853532499999989,2.8369140625
59,0.016231772578125137,3.14178466796875
60,0.016403966210937648,2.9559326171875
61,0.016781880781250091,3.3624267578125
62,0.016954399921875085,3.0548095703125
63,0.017332314492187528,3.38348388671875
64,0.01750450812500004,3.20068359375
65,0.017882748203124965,3.61572265625
66,0.018054941835937477,3.27728271484375
67,0.018433181914062624,3.6956787109375
68,0.018605375546875136,3.4063720703125
69,0.018981011562499983,3.83087158203125
70,0.019122607460937635,3.53179931640625
71,0.019531445273437642,4.02984619140625
72,0.01967271566406259,3.64349365234375
73,0.020081878984375079,4.0789794921875
74,0.020210454570312564,3.78143310546875
75,0.020631987187500034,4.36279296875
76,0.020755680156250067,3.89068603515625
77,0.021182420898437471,4.3890380859375
78,0.021306113867187504,4.0289306640625
79,0.02173285460937513,4.6563720703125
80,0.021856547578125163,4.1436767578125
81,0.022283288320312566,4.74456787109375
82,0.022404377226562522,4.28863525390625
83,0.022831117968750148,4.9078369140625
84,0.022954810937499959,4.41253662109375
85,0.023378947617187507,5.1617431640625
86,0.023504919140625136,4.5660400390625
87,0.023918965078125076,5.17486572265625
88,0.024055352851562573,4.6826171875
89,0.024464190664062579,5.565185546875
90,0.024605786562500009,4.8358154296875
91,0.025014624375000238,5.5401611328125
92,0.025156220273437668,4.96856689453125
93,0.025534460351562593,5.88043212890625
94,0.025706653984375105,5.11474609375
95,0.02608456855468777,5.9912109375
96,0.026256762187500282,5.27313232421875
97,0.026635002265625207,6.15753173828125
98,0.026807195898437719,5.445556640625
99,0.027182831914062788,6.4556884765625
100,0.027324427812500218,5.58380126953125
101,0.027733265625000225,6.43768310546875
102,0.027872257460937355,5.7403564453125
103,0.028283699335937662,6.812744140625
104,0.028412274921874925,5.9344482421875
105,0.028834133046875099,6.8035888671875
106,0.028960104570312506,6.09161376953125
107,0.029384566757812536,7.0257568359375
108,0.029510538281249943,6.2713623046875
109,0.029934674960937713,7.0953369140625
110,0.030058367929687524,6.44378662109375
111,0.03048510867187515,7.29248046875
112,0.030606197578125105,6.6143798828125
113,0.031030334257812431,7.73406982421875
114,0.031156631289062542,6.78863525390625
115,0.031583372031250168,7.59124755859375
116,0.031707064999999979,6.85455322265625
117,0.032115902812499986,8.3355712890625
118,0.032257173203125156,6.99462890625
119,0.032666336523437423,8.06365966796875
120,0.032807606914062593,7.1466064453125
121,0.033219048789062455,8.7652587890625
122,0.033358040625000029,7.33367919921875
123,0.033736280703124955,8.734130859375
124,0.033908474335937466,7.5775146484375
125,0.034286714414062391,8.76312255859375
126,0.034458908046874903,7.74810791015625
127,0.034837148125000272,9.0576171875
128,0.035009341757812784,8.01483154296875
129,0.035384652265625149,8.741455078125
130,0.035559449960937517,8.21746826171875
131,0.035889514882812446,9.161376953125
132,0.03607407781250016,8.42620849609375
133,0.036313977070312475,8.68743896484375
134,0.036624511523437597,8.68804931640625
135,0.036657387812500275,9.1668701171875
136,0.03692007261718766,8.84796142578125
137,0.037102031484375075,9.0313720703125
138,0.03717754929687489,8.87847900390625
139,0.03720293890625026,9.05487060546875
140,0.037226049960937591,9.07196044921875
curve_id,11
index,Z indent (µm),Force indent (µN)
0,0,0.8367919921875
1,0.00031802113281265143,0.88287353515625
2,0.00055043371093765892,0.8514404296875
3,0.00091174738281263323,0.8837890625
4,0.0010956592968751622,0.8941650390625
5,0.0014188885546875252,0.95611572265625
6,0.0016486970703126769,0.9820556640625
7,0.0019689967578127021,1.01043701171875
8,0.0021965267187500359,0.9869384765625
9,0.0025119437890626095,1.041259765625
10,0.0027007383203125901,1.09649658203125
11,0.0030620519921875644,1.13006591796875
12,0.0032947900781250539,1.1053466796875
13,0.0036124857031250013,1.1529541015625
14,0.0038400156640625571,1.23077392578125
15,0.0041629194140626602,1.24237060546875
16,0.0043520394531251227,1.24847412109375
17,0.0047133531250000971,1.2506103515625
18,0.0049024731640625596,1.3153076171875
19,0.0052611827734376782,1.34307861328125
20,0.0054525813671875145,1.4117431640625
21,0.005811616484375115,1.38580322265625
22,0.0060030150781251734,1.43280029296875
23,0.0063620501953125519,1.434326171875
24,0.0065508447265625325,1.57318115234375
25,0.0069121583984375068,1.5350341796875
26,0.0071012784375001914,1.571044921875
27,0.0074625921093751657,1.56341552734375
28,0.0076517121484376283,1.72149658203125
29,0.0080130258203126026,1.66839599609375
30,0.0082021458593750651,1.7486572265625
31,0.0085634595312500394,1.6796875
32,0.00875225406250002,1.84600830078125
33,0.0091138932421876984,1.788330078125
34,0.0093026877734376789,1.94976806640625
35,0.0096233129687501862,1.8365478515625
36,0.0098531214843751158,2.0001220703125
37,0.010171142617187545,1.92230224609375
38,0.010398347070312619,2.14752197265625
39,0.010716368203125048,2.00164794921875
40,0.010951384843750134,2.15789794921875
41,0.01126419785156263,2.071533203125
42,0.011494006367187559,2.349853515625
43,0.011814631562500066,2.1978759765625
44,0.012003426093750047,2.36328125
45,0.012364739765625021,2.22320556640625
46,0.012553859804687706,2.513427734375
47,0.01291517347656268,2.36175537109375
48,0.013104293515625143,2.60528564453125
49,0.013463003125000039,2.4261474609375
50,0.01365472722656258,2.68646240234375
51,0.014013436835937698,2.52899169921875
52,0.014202556875000161,2.8863525390625
53,0.014563870546875135,2.63031005859375
54,0.014752665078125116,2.87384033203125
55,0.015114304257812572,2.7191162109375
56,0.015303098789062552,3.1329345703125
57,0.015667016523437605,2.86590576171875
58,0.015853532500000211,3.12255859375
59,0.016214846171875186,2.91046142578125
60,0.016403966210937648,3.330078125
61,0.016765279882812623,3.08502197265625
62,0.016954399921875085,3.4283447265625
63,0.017315713593750059,3.16009521484375
64,0.017504833632812522,3.55224609375
65,0.017822529257812691,3.2916259765625
66,0.018054941835937699,3.7603759765625
67,0.018370358906250051,3.399658203125
68,0.018602771484375058,3.7579345703125
69,0.018915584492187554,3.504638671875
70,0.019150601132812639,4.095458984375
71,0.019468622265625068,3.685302734375
72,0.019701034843750076,4.0350341796875
73,0.02001645191406265,3.7371826171875
74,0.020246260429687579,4.36614990234375
75,0.020566885625000086,3.92364501953125
76,0.020755680156250067,4.4061279296875
77,0.021116993828125041,3.99566650390625
78,0.021344523789062597,4.5880126953125
79,0.021664823476562622,4.16473388671875
80,0.021856547578125163,4.8394775390625
81,0.022215257187500059,4.268798828125
82,0.022404377226562522,4.81536865234375
83,0.022765690898437496,4.40826416015625
84,0.022954810937500181,5.2520751953125
85,0.023316124609375155,4.57611083984375
86,0.023505244648437618,5.12054443359375
87,0.023866558320312592,4.66094970703125
88,0.024055352851562573,5.57403564453125
89,0.024416992031250029,4.8712158203125
90,0.024603182500000154,5.55755615234375
91,0.024967100234375206,4.92889404296875
92,0.025156220273437668,5.8233642578125
93,0.025517533945312643,5.15380859375
94,0.025706653984375105,6.0693359375
95,0.02606796765625008,5.25421142578125
96,0.026257087695312542,6.0418701171875
97,0.026577387382812567,5.43304443359375
98,0.026807521406249979,6.55731201171875
99,0.027122612968750293,5.6109619140625
100,0.0273550255468753,6.368408203125
101,0.02767044261718743,5.7122802734375
102,0.027902855195312437,6.82464599609375
103,0.028218272265625011,5.96343994140625
104,0.028455892968750174,6.80328369140625
105,0.028768705976562448,6.05804443359375
106,0.028998514492187599,6.962890625
107,0.029319139687499884,6.29791259765625
108,0.02954634414062518,7.22686767578125
109,0.029866969335937466,6.4306640625
110,0.030058367929687524,7.10113525390625
111,0.030417403046874902,6.62261962890625
112,0.030606197578125105,7.90618896484375
113,0.030967511250000079,6.773681640625
114,0.031156631289062542,7.45635986328125
115,0.031517944960937516,6.86004638671875
116,0.031707064999999979,8.38409423828125
117,0.032068378671874953,6.99981689453125
118,0.032257498710937416,8.1170654296875
119,0.03261881238281239,7.12158203125
120,0.032807606914062593,8.60626220703125
121,0.033169246093750271,7.3760986328125
122,0.033358040625000029,8.97430419921875
123,0.033719679804687708,7.5262451171875
124,0.033908474335937466,8.585205078125
125,0.034269788007812441,7.7880859375
126,0.034458908046874903,9.23553466796875
127,0.034779207734374928,7.9901123046875
128,0.035009341757812784,8.53912353515625
129,0.035368051367187459,8.2037353515625
130,0.035535036875000259,9.25506591796875
131,0.035877471093749946,8.427734375
132,0.03591002187499992,8.6962890625
133,0.035985539687500179,9.13818359375
134,0.036420092617187816,8.66790771484375
135,0.036641763437500252,9.1680908203125
136,0.036849111914062593,8.699951171875
137,0.036970526328125253,8.90960693359375
138,0.036971177343750217,9.21875
139,0.037025537148437593,8.29376220703125
140,0.037026839179687521,8.577880859375
curve_id,12
index,Z indent (µm),Force indent (µN)
0,0,0.83831787109375
1,0.00031867214843739333,0.83892822265625
2,0.0005501082031249549,0.82122802734375
3,0.00082809187499988113,0.83404541015625
4,0.0011005419140623918,0.897216796875
5,0.0014195395703124891,0.9429931640625
6,0.0016483715624999729,0.95550537109375
7,0.0019289592968749769,0.9228515625
8,0.0021988052734374097,0.96221923828125
9,0.0024790674999999318,1.02813720703125
10,0.0027492389843748466,1.044921875
11,0.0030295012109373687,1.07574462890625
12,0.0032996726953125055,1.08428955078125
13,0.0035799349218750276,1.08551025390625
14,0.0038090924218749933,1.15142822265625
15,0.0041303686328124645,1.22894287109375
16,0.0044002146093748973,1.19110107421875
17,0.0046781982812498235,1.21124267578125
18,0.0049506483203123341,1.26190185546875
19,0.0052286319921874824,1.3250732421875
20,0.0054548599218748883,1.304931640625
21,0.0057790657031249193,1.337890625
22,0.0060052936328123252,1.35345458984375
23,0.0063291739062498742,1.45294189453125
24,0.0065505192187498285,1.4349365234375
25,0.0068796076171875331,1.4825439453125
26,0.0071009529296874874,1.47552490234375
27,0.00743004132812497,1.56829833984375
28,0.0076513866406249242,1.57989501953125
29,0.007977870976562329,1.67877197265625
30,0.0082018203515623611,1.57989501953125
31,0.0085283046874999879,1.66534423828125
32,0.00875225406250002,1.6790771484375
33,0.0090299122265624643,1.8621826171875
34,0.0093026877734374569,1.73858642578125
35,0.0096213599218748502,1.8194580078125
36,0.009850517421875038,1.78131103515625
37,0.010171793632812509,1.99981689453125
38,0.010400625624999993,1.87652587890625
39,0.010681213359374997,2.054443359375
40,0.01095105933593743,1.92108154296875
41,0.011231647070312434,2.1270751953125
42,0.011501493046874867,2.05780029296875
43,0.011781755273437389,2.26287841796875
44,0.012051926757812526,2.07061767578125
45,0.012332188984374826,2.30377197265625
46,0.012602360468749962,2.2210693359375
47,0.012880018632812407,2.45574951171875
48,0.013109176132812372,2.24212646484375
49,0.013430452343749844,2.45391845703125
50,0.013702902382812354,2.37457275390625
51,0.013980886054687502,2.6947021484375
52,0.014202231367187457,2.4298095703125
53,0.014531319765624939,2.65899658203125
54,0.014752665078124894,2.5421142578125
55,0.015081753476562376,2.83843994140625
56,0.01530309878906233,2.655029296875
57,0.015631861679687331,2.979736328125
58,0.015853206992187507,2.69683837890625
59,0.01618229539062499,2.99713134765625
60,0.016403640703124944,2.8619384765625
61,0.016732729101562427,3.25714111328125
62,0.016954074414062381,2.93701171875
63,0.017283162812499864,3.24066162109375
64,0.01750450812500004,3.05572509765625
65,0.017823180273437433,3.4564208984375
66,0.018052337773437399,3.1561279296875
67,0.018371009921875014,3.5443115234375
68,0.018602771484374836,3.28094482421875
69,0.018924047695312529,3.687744140625
70,0.019152879687500013,3.38531494140625
71,0.019433467421875017,3.83636474609375
72,0.01970331339843745,3.51593017578125
73,0.019983901132812454,3.93890380859375
74,0.020531730781250035,4.18426513671875
75,0.020753076093749989,3.6407470703125
76,0.020857889609374958,3.74542236328125
77,0.02108183898437499,4.15008544921875
78,0.021354614531249982,3.8922119140625
79,0.021632272695312427,4.54071044921875
80,0.021858826132812537,3.9935302734375
81,0.022182706406249864,4.48211669921875
82,0.022409259843749973,4.1357421875
83,0.022733140117187522,4.76287841796875
84,0.022957089492187333,4.2718505859375
85,0.023283573828124959,4.94598388671875
86,0.023504919140624914,4.41619873046875
87,0.023834007539062396,4.971923828125
88,0.02405535285156235,4.52484130859375
89,0.024384115742187351,5.3924560546875
90,0.024605461054687527,4.69146728515625
91,0.024929666835937336,5.2630615234375
92,0.025155894765624964,4.83123779296875
93,0.025479775039062513,5.73516845703125
94,0.025706328476562401,4.92950439453125
95,0.02603020874999995,5.66650390625
96,0.02625415812499976,5.137939453125
97,0.026575434335937453,6.00830078125
98,0.026804591835937641,5.22613525390625
99,0.02712586804687489,6.16119384765625
100,0.027355025546875078,5.4498291015625
101,0.027676301757812327,6.23291015625
102,0.027905459257812515,5.55206298828125
103,0.028185721484374815,6.7059326171875
104,0.028455567460937248,5.73577880859375
105,0.028733551132812396,6.46331787109375
106,0.029006001171875129,5.904541015625
107,0.029283984843749833,6.961669921875
108,0.029515420898437617,6.0260009765625
109,0.02983441855468727,6.8292236328125
110,0.030106868593750002,6.2786865234375
111,0.030384526757812447,7.13134765625
112,0.030613684257812634,6.3800048828125
113,0.030934960468749884,7.374267578125
114,0.031164117968750071,6.593017578125
115,0.03148539417968732,7.26959228515625
116,0.031709343554687353,6.719970703125
117,0.032035827890624757,8.0755615234375
118,0.032257173203124934,6.84783935546875
119,0.032586261601562638,7.6129150390625
120,0.032807606914062371,6.9293212890625
121,0.033136695312500075,8.61328125
122,0.033358040624999807,7.083740234375
123,0.033684524960937212,8.19732666015625
124,0.033905870273437388,7.330322265625
125,0.034234633164062389,8.92242431640625
126,0.034455978476562565,7.4114990234375
127,0.034785066874999826,9.00054931640625
128,0.035006412187500002,7.74658203125
129,0.035327688398437251,8.86138916015625
130,0.035556845898437439,7.9229736328125
131,0.035875518046874832,9.2572021484375
132,0.036107279609374876,8.1060791015625
133,0.03638754183593762,8.7017822265625
134,0.036657713320312313,8.3868408203125
135,0.036909330859374867,9.21875
136,0.03720814703124975,8.597412109375
137,0.037354300039062371,8.84765625
138,0.037718217773437646,9.22393798828125
139,0.037758255234374927,8.7921142578125
140,0.038001735078124765,9.202880859375
141,0.038204526445312359,8.97308349609375
142,0.038308688945312364,9.03900146484375
143,0.038326266367187278,9.21875
144,0.038365978320312299,8.50006103515625
145,0.038367605859374931,8.59375
curve_id,13
index,Z indent (µm),Force indent (µN)
0,0,0.9161376953125
1,0.00055043371093765892,1.0504150390625
2,0.001098263359375018,1.18377685546875
3,0.0016486970703126769,1.3592529296875
4,0.0021988052734376318,1.47674560546875
5,0.002476788945312558,0.83343505859375
6,0.0027492389843750686,1.72027587890625
7,0.0030268971484375129,0.94024658203125
8,0.0032817697656251088,1.8402099609375
9,0.0035773308593751718,1.07879638671875
10,0.0038012802343752039,2.06695556640625
11,0.0041277645703126087,1.16058349609375
12,0.0043491098828125629,2.2686767578125
13,0.0046755942187501898,1.33209228515625
14,0.0048995435937499998,2.49359130859375
15,0.0052260279296876266,1.4349365234375
16,0.0054499773046876587,2.7197265625
17,0.0057764616406250635,1.6107177734375
18,0.0060004110156250956,2.95074462890625
19,0.0062907639843750029,1.73614501953125
20,0.0065508447265625325,3.23486328125
21,0.0068770035546876773,1.91741943359375
22,0.0071012784375001914,3.45245361328125
23,0.0073789366015626356,2.11883544921875
24,0.0076513866406251463,3.8153076171875
25,0.0079316488671876684,2.26226806640625
26,0.0082018203515625832,4.068603515625
27,0.0084898947656251167,2.49786376953125
28,0.00875225406250002,4.4000244140625
29,0.0090273081640626085,2.68585205078125
30,0.0093026877734376789,4.72808837890625
31,0.0095777418750000454,2.9315185546875
32,0.009850517421875038,5.059814453125
33,0.010128175585937704,3.14605712890625
34,0.010400951132812697,5.4583740234375
35,0.010678609296875141,3.3892822265625
36,0.010951059335937652,5.79193115234375
37,0.011229043007812578,3.67462158203125
38,0.011501493046875089,6.23260498046875
39,0.011779151210937533,3.92425537109375
40,0.012034023828125129,6.60888671875
41,0.012326980859375114,4.24713134765625
42,0.012551255742187628,6.8951416015625
43,0.012877414570312551,4.53094482421875
44,0.013101689453125065,7.22137451171875
45,0.013427848281249988,4.913330078125
46,0.01365179765625002,7.69134521484375
47,0.013978281992187647,5.2178955078125
48,0.014202231367187679,8.20831298828125
49,0.014528715703125084,5.587158203125
50,0.014752665078125116,8.80615234375
51,0.01507914941406252,5.985107421875
52,0.015303098789062552,9.23370361328125
53,0.015629257617187697,6.3348388671875
54,0.015753601601562695,9.21875
55,0.015884130234375071,9.21875
56,0.016143885468750119,6.72607421875
57,0.016681624375000093,6.93603515625
58,0.017229454023437674,7.32147216796875
59,0.017782166289062484,7.744140625
60,0.018329995937500065,8.26507568359375
61,0.018880429648437502,8.7109375
62,0.019430863359375161,9.14581298828125
63,0.019497266953125036,9.21875
curve_id,14
index,Z indent (µm),Force indent (µN)
0,0,0.85357666015625
1,0.00055043371093765892,0.96343994140625
2,0.0010956592968751622,1.12335205078125
3,0.0016434889453125212,1.2689208984375
4,0.0021965267187500359,1.3897705078125
5,0.0027059464453125237,1.62200927734375
6,0.0030627030078125284,0.9161376953125
7,0.0032560546484374786,1.74102783203125
8,0.0036131367187499652,0.9735107421875
9,0.0038064883593751375,1.97357177734375
10,0.0041635704296876241,1.14349365234375
11,0.0043543180078124966,2.15240478515625
12,0.004714004140625061,1.2353515625
13,0.0049047517187501555,2.3883056640625
14,0.0052618337890626421,1.3861083984375
15,0.0054551854296875923,2.5994873046875
16,0.005812267500000079,1.52435302734375
17,0.0060056191406250292,2.828369140625
18,0.0063627012109375158,1.6693115234375
19,0.0065560528515624661,3.10821533203125
20,0.0069128094140624707,1.8511962890625
21,0.007106161054687643,3.328857421875
22,0.0074632431250001297,1.97601318359375
23,0.0076539907031250021,3.67828369140625
24,0.0080136768359375665,2.20916748046875
25,0.0082070284765625168,3.91021728515625
26,0.0085064956640625855,4.26025390625
27,0.0085641105468750034,2.37762451171875
28,0.0090735302734374912,2.61749267578125
29,0.0096265680468750059,2.8106689453125
30,0.010169189570312653,3.0499267578125
31,0.010714415156250157,3.30718994140625
32,0.011264848867187593,3.54248046875
33,0.011458200507812544,6.03515625
34,0.01181528257812503,3.84063720703125
35,0.012006030156250125,6.40869140625
36,0.012365390781249985,4.11773681640625
37,0.01255613835937508,6.8121337890625
38,0.012915824492187644,4.42626953125
39,0.013106572070312517,6.9952392578125
40,0.013463654140625003,4.7198486328125
41,0.013657005781250176,7.4609375
42,0.014014087851562662,5.07720947265625
43,0.014207439492187612,7.9644775390625
44,0.014567125625000177,5.42236328125
45,0.014757873203125049,8.53302001953125
46,0.015114955273437536,5.77423095703125
47,0.015308306914062486,9.1351318359375
48,0.015665388984374973,6.17523193359375
49,0.015858415117187663,9.25140380859375
50,0.01621549718750015,6.56494140625
51,0.0164088488281251,9.26605224609375
52,0.016765930898437587,6.8499755859375
53,0.016959282539062537,9.26788330078125
54,0.017316364609375023,7.1466064453125
55,0.017407181289062601,9.26513671875
56,0.017507112187500118,9.267578125
57,0.017825784335937511,7.58087158203125
58,0.01837621804687517,8.05023193359375
59,0.018916235507812518,8.5003662109375
60,0.019469273281250032,8.99658203125
61,0.019525586132812522,9.25872802734375
curve_id,15
index,Z indent (µm),Force indent (µN)
0,0,0.93414306640625
1,0.00054782964843758108,1.02874755859375
2,0.001098263359375018,1.2042236328125
3,0.0016486970703126769,1.3128662109375
4,0.0021991307812501137,1.53106689453125
5,0.0025067356640626759,0.83099365234375
6,0.0027495644921875506,1.67755126953125
7,0.0030571693750001128,0.93719482421875
8,0.0032970686328126497,1.8524169921875
9,0.0036076030859375496,1.01959228515625
10,0.0038475023437500866,2.07366943359375
11,0.0041118146875001038,1.17584228515625
12,0.0043979360546875235,2.26043701171875
13,0.0046596443359374629,1.27227783203125
14,0.0049509738281250382,2.50701904296875
15,0.0052100780468751218,1.4410400390625
16,0.0054988034765626193,2.67974853515625
17,0.0057579076953124808,1.553955078125
18,0.0060492371875000561,2.989501953125
19,0.0063083414062501397,1.72882080078125
20,0.0066019494531250889,3.20953369140625
21,0.0068587751171875766,1.88934326171875
22,0.0071497791015626699,3.48480224609375
23,0.0074062792578126757,2.05169677734375
24,0.0076517121484376283,3.7896728515625
25,0.0079593170312499684,2.25494384765625
26,0.0081995417968749873,4.09637451171875
27,0.0085097507421876273,2.41363525390625
28,0.0087496500000001642,4.41070556640625
29,0.0093000837109376011,4.71527099609375
30,0.0095591879296874627,2.6611328125
31,0.009710223554687536,2.8472900390625
32,0.009850517421875038,5.0970458984375
33,0.010158447812500082,3.10546875
34,0.010398347070312619,5.4315185546875
35,0.010711160078125115,3.33587646484375
36,0.010951384843750134,5.82366943359375
37,0.011258989726562474,3.61663818359375
38,0.011499214492187493,6.21551513671875
39,0.011809423437500133,3.8897705078125
40,0.012049648203125152,6.63177490234375
41,0.01235985714843757,4.17236328125
42,0.012599756406250107,6.8975830078125
43,0.012858860624999968,4.5269775390625
44,0.013150190117187543,7.19757080078125
45,0.013409294335937627,4.81689453125
46,0.01370062382812498,7.73468017578125
47,0.013962332109375142,5.2008056640625
48,0.014251057539062639,8.22662353515625
49,0.014510161757812501,5.55877685546875
50,0.014698956289062481,8.83453369140625
51,0.014798887187499998,9.24774169921875
52,0.01506059546875016,5.9393310546875
53,0.015611029179687597,6.3250732421875
54,0.016158858828125178,6.70135498046875
55,0.016711571093749988,6.9451904296875
56,0.017259400742187569,7.3089599609375
57,0.017809834453125006,7.7972412109375
58,0.018360268164062665,8.23974609375
59,0.018910701875000102,8.714599609375
60,0.019463414140625135,9.1595458984375
61,0.019514844375000173,9.21875
curve_id,16
index,Z indent (µm),Force indent (µN)
0,0,0.84320068359375
1,0.00040493171875000122,0.8642578125
2,0.00055043371093743687,1.00982666015625
3,0.00095536542968743809,1.03271484375
4,0.0010956592968749401,1.09375
5,0.001505799140624875,1.14105224609375
6,0.0016307941406248361,1.28753662109375
7,0.0020536287890624561,1.3214111328125
8,0.0021503046093749312,1.40167236328125
9,0.0022254969140624858,0.81207275390625
10,0.0026063410546874888,1.478271484375
11,0.0027339401171875277,1.62445068359375
12,0.0027759306249999227,0.86273193359375
13,0.0031567747656249256,1.6241455078125
14,0.003251172031250027,1.77093505859375
15,0.0033237602734375038,1.00128173828125
16,0.0034673092187500476,0.93231201171875
17,0.0037072084765623625,1.8414306640625
18,0.0038016057421874638,1.95281982421875
19,0.0038741939843749407,1.09466552734375
20,0.0040203469921873403,1.01348876953125
21,0.0042550381249999436,1.9873046875
22,0.0043517139453124187,2.18414306640625
23,0.0044246276953123775,1.23626708984375
24,0.0045681766406249213,1.182861328125
25,0.0048080758984374583,2.22808837890625
26,0.0049021476562498556,2.36907958984375
27,0.0049750614062500365,1.353759765625
28,0.0051208889062499541,1.25091552734375
29,0.0053070793749998568,2.408447265625
30,0.0054525813671875145,2.60986328125
31,0.0054919678125000537,1.4910888671875
32,0.0056664399999999393,1.42242431640625
33,0.0058575130859375157,2.6849365234375
34,0.0060030150781249514,2.8082275390625
35,0.0060323107812498833,1.66748046875
36,0.006219152265624972,1.55975341796875
37,0.0064512393359374975,2.8912353515625
38,0.0065534487890623883,3.11431884765625
39,0.0065928352343749275,1.77490234375
40,0.0067669819140625531,1.70806884765625
41,0.0069557764453125337,3.16192626953125
42,0.0071038825000000472,3.32855224609375
43,0.0071279700781250455,1.9781494140625
44,0.00731741562499999,1.868896484375
45,0.0075084887109373444,3.42041015625
46,0.0076513866406249242,3.646240234375
47,0.0076754742187499225,2.132568359375
48,0.0078190231640624663,2.044677734375
49,0.0080540398046875517,3.71124267578125
50,0.0082018203515623611,3.92791748046875
51,0.0082259079296873594,2.3638916015625
52,0.0083694568749999032,2.27294921875
53,0.0086067520703123623,4.0350341796875
54,0.0087496499999999422,4.23828125
55,0.0087763416406250183,2.5360107421875
56,0.0089198905859373401,2.42523193359375
57,0.009159789843749877,4.296875
58,0.0092974796484375233,4.5880126953125
59,0.0093267753515624552,2.75543212890625
60,0.0094677202343749212,2.6708984375
61,0.0097076194921874581,4.6856689453125
62,0.0098531214843748938,4.88006591796875
63,0.0098772090624998921,3.0078125
64,0.010020758007812436,2.8680419921875
65,0.010258053203124895,4.96856689453125
66,0.010385652265624934,5.2978515625
67,0.010427642773437551,3.21441650390625
68,0.010568587656250017,3.11492919921875
69,0.010808486914062554,5.36163330078125
70,0.010897350546875018,5.60089111328125
71,0.010977750976562506,3.494873046875
72,0.01112129992187505,3.34564208984375
73,0.011358595117187509,5.70892333984375
74,0.011452992382812388,6.03271484375
75,0.011525580624999865,3.73992919921875
76,0.011669129570312409,3.626708984375
77,0.011906424765624868,6.12823486328125
78,0.012003426093750047,6.4276123046875
79,0.012076014335937524,4.05303955078125
80,0.012219563281249846,3.917236328125
81,0.012456858476562527,6.510009765625
82,0.012553859804687484,6.8115234375
83,0.012626448046874961,4.33013916015625
84,0.012769996992187505,4.1632080078125
85,0.013007292187499964,6.8377685546875
86,0.013103968007812439,7.0123291015625
87,0.013176881757812398,4.647216796875
88,0.013317826640624864,4.5074462890625
89,0.013555121835937545,7.13134765625
90,0.013654401718749876,7.4603271484375
91,0.013727315468750056,4.9932861328125
92,0.013870864414062378,4.794921875
93,0.014108159609374837,7.56378173828125
94,0.014204835429687535,8.02825927734375
95,0.014244221874999852,5.3277587890625
96,0.014418694062499959,5.17181396484375
97,0.014607163085937458,8.11767578125
98,0.014755269140624971,8.63525390625
99,0.014784564843749903,5.7330322265625
100,0.014968802265624914,5.50445556640625
101,0.015160200859374973,8.70147705078125
102,0.015305702851562408,9.114990234375
103,0.015332394492187484,6.0760498046875
104,0.015521840039062429,5.8837890625
105,0.01565432171874992,9.207763671875
106,0.015759135234374888,9.21875
107,0.015853532499999989,9.21966552734375
108,0.015877620078124988,6.50238037109375
109,0.01606966968750001,6.2884521484375
110,0.016403966210937426,9.21875
111,0.016428053789062425,6.81640625
112,0.016622707460937525,6.65496826171875
113,0.016954074414062381,9.222412109375
114,0.016978161992187379,7.04437255859375
115,0.017170537109374884,6.9189453125
116,0.017497346953124993,9.22821044921875
117,0.017528595703125038,7.471923828125
118,0.017669540585937504,7.2412109375
119,0.017987887226562416,9.229736328125
120,0.018079029414062475,7.90130615234375
121,0.018222578359375019,7.72705078125
122,0.018398027070312351,9.22760009765625
123,0.018629463124999912,8.41217041015625
124,0.01872027980468749,9.22698974609375
125,0.018770408007812378,8.16162109375
126,0.018969618789062448,9.23858642578125
127,0.019132372695312538,9.25445556640625
128,0.019179896835937349,8.86322021484375
129,0.019225793437499972,9.2462158203125
130,0.019243696367187368,9.25506591796875
131,0.019320841718750037,8.64349365234375
132,0.019871275429687474,9.114990234375
133,0.01992238015625003,9.21875
curve_id,17
index,Z indent (µm),Force indent (µN)
0,0,0.8477783203125
1,0.00054522558593750325,0.93109130859375
2,0.0010956592968749401,1.13922119140625
3,0.0016408848828124434,1.234130859375
4,0.0021939226562499581,1.414794921875
5,0.0025178029296875071,0.82550048828125
6,0.002700738320312368,1.583251953125
7,0.0030656325781248661,0.92864990234375
8,0.003251172031250027,1.76239013671875
9,0.003616066289062525,1.00921630859375
10,0.0038012802343749819,1.9580078125
11,0.0041661744921874799,1.15875244140625
12,0.0043517139453124187,2.1221923828125
13,0.0047166082031249168,1.258544921875
14,0.0048995435937499998,2.38372802734375
15,0.0052670419140623537,1.416015625
16,0.0054525813671875145,2.56561279296875
17,0.0058174756250000126,1.5234375
18,0.0060030150781249514,2.8228759765625
19,0.0063653052734373716,1.6943359375
20,0.0065531232812499063,3.0511474609375
21,0.0069183430468748863,1.84814453125
22,0.0071035569921873432,3.33648681640625
23,0.0074658471874999854,2.02606201171875
24,0.0076539907031250021,3.62396240234375
25,0.0080162808984374223,2.22015380859375
26,0.0082018203515623611,3.9068603515625
27,0.0085667146093748592,2.3956298828125
28,0.00875225406250002,4.2205810546875
29,0.0091171483203125181,2.637939453125
30,0.0093026877734374569,4.5208740234375
31,0.009667582031249955,2.80303955078125
32,0.0098479133593749602,4.89715576171875
33,0.010174397695312365,3.0853271484375
34,0.01035472902343737,5.22918701171875
35,0.010722227343749946,3.29498291015625
36,0.010902558671874951,5.601806640625
37,0.011267452929687449,3.55987548828125
38,0.011452992382812388,6.00433349609375
39,0.011817886640624886,3.84124755859375
40,0.012003426093749825,6.39190673828125
41,0.012368320351562323,4.11041259765625
42,0.012553534296875002,6.79443359375
43,0.012918754062499982,4.462890625
44,0.013103968007812439,7.0068359375
45,0.013468862265624937,4.74151611328125
46,0.013654401718749876,7.4267578125
47,0.014019295976562374,5.12939453125
48,0.014204835429687312,7.9486083984375
49,0.014567125624999955,5.4644775390625
50,0.014755269140624971,8.5284423828125
51,0.015117559335937392,5.85235595703125
52,0.015205771953124891,9.10888671875
53,0.015346391328124875,9.25323486328125
54,0.015667993046874829,6.24664306640625
55,0.016218426757812487,6.60552978515625
56,0.016768534960937442,6.893310546875
57,0.017318968671874879,7.16705322265625
58,0.017869402382812316,7.6422119140625
59,0.018419836093749975,8.0975341796875
60,0.018918839570312374,8.55438232421875
61,0.019471877343749888,9.04815673828125
62,0.019528190195312378,9.263916015625
curve_id,18
index,Z indent (µm),Force indent (µN)
0,0,0.84259033203125
1,0.00055043371093765892,0.96405029296875
2,0.0011008674218750958,1.06201171875
3,0.0016513011328125327,1.25946044921875
4,0.0021991307812501137,1.35528564453125
5,0.0025057591406250079,0.82672119140625
6,0.0027469604296876948,1.5728759765625
7,0.0030561928515626668,0.9197998046875
8,0.0032970686328126497,1.71173095703125
9,0.0036066265625001037,1.00616455078125
10,0.003842619726562635,1.92718505859375
11,0.0041567347656250586,1.16912841796875
12,0.0043520394531251227,2.1136474609375
13,0.0047071684765624955,1.22589111328125
14,0.0049021476562500776,2.30865478515625
15,0.0052576021875001544,1.390380859375
16,0.0054525813671875145,2.55615234375
17,0.0058080358984375913,1.4996337890625
18,0.0060030150781251734,2.75604248046875
19,0.0063558655468751724,1.65740966796875
20,0.0065534487890626103,3.02001953125
21,0.0069089033203126871,1.793212890625
22,0.0071038825000000472,3.25714111328125
23,0.0074183230468751749,1.95526123046875
24,0.0076543162109377061,3.575439453125
25,0.0079684312500001298,2.16522216796875
26,0.0082018203515625832,3.82232666015625
27,0.0085572748828126599,2.3065185546875
28,0.00875225406250002,4.1497802734375
29,0.0090618119921876961,2.5518798828125
30,0.0093026877734376789,4.459228515625
31,0.0096093161328125731,2.72735595703125
32,0.009850517421875038,4.79248046875
33,0.01015974984375001,2.9736328125
34,0.010403555195312553,5.16510009765625
35,0.010707579492187591,3.18206787109375
36,0.010953988906250212,5.49072265625
37,0.011258013203125028,3.43658447265625
38,0.011499214492187715,5.9124755859375
39,0.011808446914062687,3.720703125
40,0.012044440078124996,6.292724609375
41,0.012358880625000124,3.97735595703125
42,0.012553859804687706,6.697998046875
43,0.012909314335937561,4.30999755859375
44,0.01314498199218761,6.93572998046875
45,0.013459422539062516,4.60906982421875
46,0.013654401718750098,7.31170654296875
47,0.014009856250000174,4.96429443359375
48,0.014202231367187679,7.82928466796875
49,0.014560289960937611,5.2874755859375
50,0.014755269140625193,8.40576171875
51,0.015108119609375192,5.6817626953125
52,0.01530570285156263,9.01611328125
53,0.015658553320312629,6.06964111328125
54,0.015853532500000211,9.21142578125
55,0.016208987031250066,6.419677734375
56,0.016403966210937648,9.23553466796875
57,0.016718406757812554,6.81793212890625
58,0.016954399921875085,9.2364501953125
59,0.017261028281250201,7.02667236328125
60,0.01750450812500004,9.23919677734375
61,0.017816670117187572,7.4432373046875
62,0.018032481796875111,9.24468994140625
63,0.018359291640624997,7.89764404296875
64,0.018482008085937585,9.23980712890625
65,0.018847553359375047,9.24560546875
66,0.018909725351562656,8.36090087890625
67,0.019136604296875026,9.24346923828125
68,0.019345254804687517,9.2572021484375
69,0.019459833554687611,8.8458251953125
70,0.019470900820312664,9.26177978515625
71,0.019517448437500029,9.26055908203125
72,0.019518750468750179,9.2669677734375
curve_id,19
index,Z indent (µm),Force indent (µN)
0,0,0.84564208984375
1,0.0005501082031249549,0.9332275390625
2,0.001097937851562536,1.12213134765625
3,0.0016509756250000507,1.21368408203125
4,0.0022014093359374876,1.40228271484375
5,0.0027518430468749244,1.55242919921875
6,0.0030578203906248547,0.92803955078125
7,0.0033022767578123613,1.7510986328125
8,0.0036079285937500316,1.0260009765625
9,0.0038523849609375382,1.92901611328125
10,0.0041609663671875463,1.1346435546875
11,0.0044002146093748973,2.108154296875
12,0.0047087960156249054,1.26495361328125
13,0.0049454401953124005,2.36083984375
14,0.0052566256640624864,1.36932373046875
15,0.0054932698437499816,2.525634765625
16,0.0058070593749999233,1.55487060546875
17,0.0060463076171874963,2.813720703125
18,0.0063574930859373602,1.65252685546875
19,0.0065531232812499063,3.0035400390625
20,0.006866912812499848,1.839599609375
21,0.0070983488671874095,3.291015625
22,0.007458034999999974,1.993408203125
23,0.0076513866406249242,3.5638427734375
24,0.0079599680468749323,2.19390869140625
25,0.0082018203515623611,3.82659912109375
26,0.0085077976953125134,2.3736572265625
27,0.0087548581249998758,4.16839599609375
28,0.0090582314062499503,2.56072998046875
29,0.0093026877734374569,4.4561767578125
30,0.0096083396093749052,2.813720703125
31,0.0098527959765624118,4.80743408203125
32,0.010163981445312498,2.9803466796875
33,0.010403229687499849,5.12664794921875
34,0.010709207031250001,3.2647705078125
35,0.010953663398437508,5.5438232421875
36,0.011262244804687516,3.486328125
37,0.011504097109374944,5.87982177734375
38,0.011810074453124875,3.77716064453125
39,0.012051926757812526,6.30584716796875
40,0.012360508164062534,4.0545654296875
41,0.012599756406249885,6.70562744140625
42,0.012908337812499893,4.3377685546875
43,0.013152468671874917,6.93450927734375
44,0.013458446015624848,4.69696044921875
45,0.013698019765624903,7.34649658203125
46,0.014008879726562506,4.99603271484375
47,0.014248127968749857,7.808837890625
48,0.014559313437499943,5.39703369140625
49,0.014755269140624971,8.4149169921875
50,0.015068733164062431,5.72113037109375
51,0.015302773281249848,9.0142822265625
52,0.015619166874999868,6.14166259765625
53,0.015853206992187507,9.2083740234375
54,0.016210614570312476,6.50390625
55,0.016403640703124944,9.23980712890625
56,0.01671482617187503,6.81976318359375
57,0.016954074414062381,9.2413330078125
58,0.017260051757812533,7.105712890625
59,0.01750450812500004,9.24163818359375
60,0.01781048546874997,7.4755859375
61,0.018032156289062407,9.25140380859375
62,0.018360919179687407,7.98858642578125
63,0.018479729531249989,9.2474365234375
64,0.018850157421874902,9.2437744140625
65,0.018911027382812362,8.42681884765625
66,0.019138231835937436,9.259033203125
67,0.019344603789062553,9.2633056640625
68,0.019454299921874973,9.268798828125
69,0.019461461093750021,8.914794921875
70,0.019471877343749888,9.2694091796875
71,0.019517773945312511,9.24224853515625
curve_id,20
index,Z indent (µm),Force indent (µN)
0,0,0.928955078125
1,0.0005530377734375147,1.01470947265625
2,0.0011008674218750958,1.21368408203125
3,0.0016509756250000507,1.30828857421875
4,0.0022040133984375654,1.502685546875
5,0.002490785781250171,0.892333984375
6,0.0027619337890625317,1.6705322265625
7,0.0030412194921876079,0.96221923828125
8,0.0033123675000001906,1.84814453125
9,0.0035916532031250448,1.0821533203125
10,0.0038628012109376275,2.0513916015625
11,0.004108885117187544,1.2176513671875
12,0.0044005401171876013,2.2296142578125
13,0.0046589933203124989,1.30584716796875
14,0.004953252382812634,2.48321533203125
15,0.00520682296875008,1.47003173828125
16,0.0055010820312499931,2.65106201171875
17,0.0057546526171876611,1.58538818359375
18,0.0060463076171874963,2.94036865234375
19,0.0062923915234376349,1.76910400390625
20,0.0065941372656250774,3.1549072265625
21,0.0068503119140626012,1.8756103515625
22,0.0071471750390625921,3.4429931640625
23,0.0073932589453125086,2.08770751953125
24,0.0076950046875001732,3.7310791015625
25,0.0079433671484376855,2.26104736328125
26,0.008204424414062661,4.00360107421875
27,0.0084938008593751224,2.4249267578125
28,0.00875225406250002,4.35516357421875
29,0.0090442345703125593,2.65106201171875
30,0.0093026877734376789,4.638671875
31,0.0095920642187501404,2.84759521484375
32,0.0098531214843751158,4.9969482421875
33,0.010142497929687577,3.111572265625
34,0.01041364593750016,5.3472900390625
35,0.010692931640625014,3.2989501953125
36,0.010964079648437597,5.753173828125
37,0.011243039843750191,3.58154296875
38,0.011514513359375034,6.121826171875
39,0.011793473554687628,3.8238525390625
40,0.012064621562499989,6.52587890625
41,0.012343907265625065,4.12139892578125
42,0.01260496453125004,6.854248046875
43,0.012861139179687564,4.43511962890625
44,0.013155398242187699,7.1234130859375
45,0.013408968828125145,4.74151611328125
46,0.013705506445312654,7.61993408203125
47,0.013959402539062582,5.12298583984375
48,0.014251057539062639,8.09844970703125
49,0.014494211874999996,5.45196533203125
50,0.014803769804687672,8.724365234375
51,0.015044645585937655,5.84503173828125
52,0.015254272617187592,9.210205078125
53,0.015364619765625198,9.21875
54,0.015595079296875092,6.2115478515625
55,0.016145513007812529,6.59332275390625
56,0.016703433398437495,6.87103271484375
57,0.017246054921875142,7.17681884765625
58,0.017793884570312501,7.62847900390625
59,0.01834431828125016,8.08807373046875
60,0.018894751992187597,8.590087890625
61,0.019445185703125034,9.06097412109375
62,0.019511589296875131,9.26666259765625
curve_id,21
index,Z indent (µm),Force indent (µN)
0,0,0.88409423828125
1,0.00055043371093765892,0.97198486328125
2,0.001098263359375018,1.16943359375
3,0.0016483715624999729,1.28204345703125
4,0.0019576039843751669,0.82672119140625
5,0.0021988052734376318,1.44256591796875
6,0.0025080376953126038,0.91156005859375
7,0.0027492389843750686,1.6351318359375
8,0.0030558673437501849,0.99212646484375
9,0.0033022767578125833,1.7852783203125
10,0.0036089051171874775,1.14471435546875
11,0.0038448982812500088,2.020263671875
12,0.0041593388281251364,1.207275390625
13,0.0043517139453126408,2.159423828125
14,0.0047071684765624955,1.36871337890625
15,0.0048995435937499998,2.42645263671875
16,0.0052572766796876724,1.48529052734375
17,0.0054499773046876587,2.59429931640625
18,0.0058077103906251093,1.6278076171875
19,0.0060030150781251734,2.86163330078125
20,0.0063581441015625462,1.74957275390625
21,0.0065508447265625325,3.10516357421875
22,0.0068623557031251003,1.9061279296875
23,0.0070983488671876316,3.3538818359375
24,0.0074127894140625372,2.1051025390625
25,0.0076487825781250685,3.6529541015625
26,0.0079580150000000405,2.235107421875
27,0.0082018203515625832,3.9068603515625
28,0.0085110527734375552,2.47039794921875
29,0.0087496500000001642,4.25689697265625
30,0.0090588824218751363,2.64373779296875
31,0.0093000837109376011,4.54681396484375
32,0.009611920195312651,2.87109375
33,0.009850517421875038,4.9176025390625
34,0.01015974984375001,3.0780029296875
35,0.010400625624999993,5.26123046875
36,0.010707579492187591,3.3062744140625
37,0.010953663398437508,5.64361572265625
38,0.011257687695312546,3.57086181640625
39,0.011501493046875089,6.0357666015625
40,0.011808121406249983,3.8226318359375
41,0.01204932269531267,6.40625
42,0.012358555117187642,4.1290283203125
43,0.012602360468750184,6.80908203125
44,0.012908988828125079,4.4073486328125
45,0.013101363945312583,7.0281982421875
46,0.013459422539062516,4.76287841796875
47,0.01365179765625002,7.45269775390625
48,0.014009856250000174,5.06500244140625
49,0.014202231367187679,7.98248291015625
50,0.014559964453125129,5.44158935546875
51,0.014752665078125116,8.5638427734375
52,0.015110398164062566,5.82672119140625
53,0.015246785937500063,9.11895751953125
54,0.015351599453125031,9.25567626953125
55,0.015660831875000003,6.18560791015625
56,0.016165043476562557,6.5948486328125
57,0.01671026906250006,6.8536376953125
58,0.017260702773437497,7.16705322265625
59,0.017811136484375156,7.58758544921875
60,0.018358966132812515,8.06732177734375
61,0.018909399843750174,8.541259765625
62,0.019459833554687611,9.0399169921875
63,0.019516146406250101,9.26116943359375
curve_id,22
index,Z indent (µm),Force indent (µN)
0,0,0.9027099609375
1,0.00055043371093743687,0.9930419921875
2,0.0011008674218750958,1.185302734375
3,0.0016513011328125327,1.30615234375
4,0.0019670437109375882,0.85845947265625
5,0.0022017348437499695,1.455078125
6,0.0025174774218750251,0.98388671875
7,0.0027518430468749244,1.66290283203125
8,0.003067911132812462,1.048583984375
9,0.0032996726953125055,1.806640625
10,0.0036183448437501209,1.2091064453125
11,0.0038527104687500202,2.04132080078125
12,0.0041684530468750758,1.28326416015625
13,0.0044005401171876013,2.19696044921875
14,0.0047188867578125127,1.429443359375
15,0.0049431616406250267,2.459716796875
16,0.0052693204687499495,1.57470703125
17,0.0054909912890626078,2.646484375
18,0.0058197541796876084,1.69189453125
19,0.0060030150781249514,2.901611328125
20,0.0063291739062500962,1.8695068359375
21,0.0065534487890626103,3.15826416015625
22,0.0068796076171875331,1.9964599609375
23,0.0071038825000000472,3.40087890625
24,0.0074248332031250364,2.2125244140625
25,0.007654316210937484,3.69873046875
26,0.0079700587890625396,2.33917236328125
27,0.0082018203515625832,3.96575927734375
28,0.0085230965625000543,2.5518798828125
29,0.00875225406250002,4.324951171875
30,0.0090683221484375576,2.73956298828125
31,0.0093026877734374569,4.61517333984375
32,0.0096187558593749944,2.93670654296875
33,0.0098531214843751158,4.98443603515625
34,0.010168864062499949,3.1817626953125
35,0.010403555195312553,5.3314208984375
36,0.010719297773437608,3.38226318359375
37,0.01095398890624999,5.73272705078125
38,0.011269731484375045,3.66912841796875
39,0.011504097109374944,6.13800048828125
40,0.011820165195312482,3.89984130859375
41,0.01204964820312493,6.4971923828125
42,0.012370598906249919,4.2034912109375
43,0.01260496453125004,6.83135986328125
44,0.012921032617187578,4.4976806640625
45,0.013104293515624921,7.0947265625
46,0.013471140820312533,4.82025146484375
47,0.013692811640624969,7.564697265625
48,0.01402157453124997,5.16632080078125
49,0.014243245351562406,8.10546875
50,0.014569404179687551,5.509033203125
51,0.014755269140624971,8.680419921875
52,0.015081427968750116,5.9234619140625
53,0.015305702851562408,9.19189453125
54,0.015629257617187475,6.28448486328125
55,0.015794615585937422,9.21875
56,0.015904637226562546,9.21875
57,0.016171879140625123,6.67083740234375
58,0.016719708789062482,6.910400390625
59,0.017270142499999919,7.24456787109375
60,0.017823180273437433,7.72430419921875
61,0.018371009921875014,8.19549560546875
62,0.018921118124999969,8.70208740234375
63,0.019471551835937406,9.149169921875
64,0.019530468749999974,9.21875
curve_id,23
index,Z indent (µm),Force indent (µN)
0,0,0.882568359375
1,0.00023371460937493538,0.84869384765625
2,0.00055043371093743687,0.8575439453125
3,0.00077894019531243863,0.8709716796875
4,0.0011005419140626138,0.950927734375
5,0.0013345820312500312,0.9686279296875
6,0.0016509756250000507,0.97686767578125
7,0.0018798076171875344,0.9808349609375
8,0.0022014093359374876,1.02386474609375
9,0.0023840192187500886,1.05743408203125
10,0.0027518430468749244,1.0870361328125
11,0.0029780709765625524,1.10504150390625
12,0.0032612627734374122,1.12579345703125
13,0.0034848866406249623,1.1737060546875
14,0.0038527104687500202,1.23260498046875
15,0.0040353203515623992,1.23260498046875
16,0.004362130195312508,1.2249755859375
17,0.0045857540625000581,1.2811279296875
18,0.0049021476562500776,1.3201904296875
19,0.005136187773437495,1.363525390625
20,0.0054525813671875145,1.3568115234375
21,0.0056840174218750761,1.39129638671875
22,0.0060030150781249514,1.40777587890625
23,0.006234125625000031,1.50726318359375
24,0.0065531232812499063,1.5020751953125
25,0.0067845593359374678,1.52313232421875
26,0.0071035569921875652,1.52374267578125
27,0.0073349930468749047,1.66259765625
28,0.0076513866406249242,1.64093017578125
29,0.0078854267578125636,1.66748046875
30,0.0082018203515625832,1.64276123046875
31,0.0084358604687500005,1.77734375
32,0.00875225406250002,1.74896240234375
33,0.0089859686718749554,1.86798095703125
34,0.0093026877734374569,1.78619384765625
35,0.0095315197656249406,1.92626953125
36,0.0098531214843748938,1.8743896484375
37,0.010076745351562444,2.0758056640625
38,0.010403229687500071,1.9281005859375
39,0.010627179062500103,2.07855224609375
40,0.010953663398437508,2.005615234375
41,0.011177287265625058,2.2662353515625
42,0.011463083124999995,2.12890625
43,0.011686706992187545,2.2528076171875
44,0.012054530820312603,2.16064453125
45,0.012237140703124982,2.43377685546875
46,0.012563950546875091,2.28790283203125
47,0.012787574414062419,2.47161865234375
48,0.013109176132812594,2.34466552734375
49,0.013338008125000078,2.603759765625
50,0.013654401718750098,2.4627685546875
51,0.013885837773437437,2.7044677734375
52,0.014204835429687535,2.52899169921875
53,0.014436271484375096,2.75177001953125
54,0.014755269140624971,2.61993408203125
55,0.014986379687500051,2.99224853515625
56,0.015305702851562408,2.7520751953125
57,0.015536813398437488,2.9534912109375
58,0.015853532499999989,2.80426025390625
59,0.016087247109374925,3.22296142578125
60,0.016403640703124944,2.95867919921875
61,0.016637680820312584,3.231201171875
62,0.016954074414062603,3.03741455078125
63,0.017188114531250021,3.41278076171875
64,0.01750450812500004,3.16925048828125
65,0.017733340117187524,3.543701171875
66,0.018054941835937477,3.2733154296875
67,0.018283773828124961,3.59283447265625
68,0.018605375546874914,3.38653564453125
69,0.018828999414062464,3.88916015625
70,0.019155809257812573,3.52386474609375
71,0.019379433124999901,3.81317138671875
72,0.019705917460937528,3.60321044921875
73,0.019929541328125078,4.178466796875
74,0.020215337187500015,3.78448486328125
75,0.020438961054687566,4.13299560546875
76,0.020765770898437452,3.84857177734375
77,0.020989394765625002,4.45587158203125
78,0.021316204609375111,4.0338134765625
79,0.021539828476562439,4.51385498046875
80,0.021861430195312614,4.1162109375
81,0.02208765812500002,4.66827392578125
82,0.022406655781249896,4.25689697265625
83,0.022638091835937457,4.96246337890625
84,0.02295969355468741,4.42718505859375
85,0.023188525546874894,4.8858642578125
86,0.023504919140624914,4.5050048828125
87,0.023736355195312475,5.40374755859375
88,0.024057956914062428,4.6954345703125
89,0.024289067460937508,5.19256591796875
90,0.024605786562500009,4.813232421875
91,0.024839501171874945,5.67718505859375
92,0.025155894765624964,4.96795654296875
93,0.025389934882812604,5.699462890625
94,0.025706328476562401,5.0860595703125
95,0.025937764531249963,5.88226318359375
96,0.02625676218750006,5.26580810546875
97,0.026490802304687699,6.24237060546875
98,0.026807195898437497,5.39093017578125
99,0.026989805781249876,6.1004638671875
100,0.027357629609374934,5.5584716796875
101,0.027581253476562706,6.6888427734375
102,0.027908063320312371,5.74249267578125
103,0.028131687187500143,6.45233154296875
104,0.028458171523437548,5.85906982421875
105,0.028641106914062631,6.88812255859375
106,0.028967591250000035,6.0791015625
107,0.029191540625000068,6.83868408203125
108,0.029518024960937472,6.201171875
109,0.029739370273437649,7.0220947265625
110,0.030106868593750002,6.3824462890625
111,0.030289478476562381,7.40447998046875
112,0.030611080195312335,6.58935546875
113,0.030839912187499818,7.14447021484375
114,0.031158909843749916,6.70379638671875
115,0.031390345898437699,8.07373046875
116,0.031709343554687353,6.82769775390625
117,0.031940779609375136,7.520751953125
118,0.032257173203124934,6.929931640625
119,0.032491213320312573,8.52325439453125
120,0.032807606914062371,7.08160400390625
121,0.03304164703125001,8.2525634765625
122,0.033358040624999807,7.237548828125
123,0.033591755234375187,8.68896484375
124,0.033908474335937688,7.4774169921875
125,0.034136980820312468,9.11895751953125
126,0.034458582539062421,7.64617919921875
127,0.034687414531249905,8.63739013671875
128,0.035009016249999858,7.90496826171875
129,0.035235244179687486,9.26544189453125
130,0.035559449960937295,8.12591552734375
131,0.035780469765625211,8.6614990234375
132,0.036109883671875176,8.33831787109375
133,0.036307792421874874,9.263916015625
134,0.036660317382812613,8.5723876953125
135,0.036678871328125195,8.8946533203125
136,0.036759271757812462,9.17022705078125
137,0.037208147031250194,8.797607421875
138,0.037717566757812682,9.02374267578125
139,0.037722449375000133,9.21875
140,0.03777062453125013,8.42742919921875
141,0.037771275546875094,9.22210693359375
curve_id,24
index,Z indent (µm),Force indent (µN)
0,0,0.86517333984375
1,0.00055043371093743687,0.9466552734375
2,0.0011008674218748737,1.129150390625
3,0.0016513011328125327,1.263427734375
4,0.0022014093359374876,1.40106201171875
5,0.0027518430468749244,1.6033935546875
6,0.0033022767578123613,1.7431640625
7,0.0034305268359373642,0.8502197265625
8,0.0038527104687500202,1.95465087890625
9,0.0039783564843749453,0.906982421875
10,0.0044031441796874571,2.11669921875
11,0.0045287901953123821,1.06231689453125
12,0.0049509738281250382,2.3602294921875
13,0.0050792239062500411,1.17889404296875
14,0.0054988034765623972,2.550048828125
15,0.0056296576171874779,1.32415771484375
16,0.0060489116796873521,2.7850341796875
17,0.0061800913281249148,1.46820068359375
18,0.0065840465234374701,3.05206298828125
19,0.0067305250390623517,1.63330078125
20,0.007134480234374907,3.2769775390625
21,0.0072806332421875286,1.82952880859375
22,0.0076517121484374062,3.60321044921875
23,0.0078284628906248876,1.96807861328125
24,0.0082018203515623611,3.83270263671875
25,0.0083788966015625466,2.218017578125
26,0.00875225406250002,4.189453125
27,0.0089293303124999834,2.40753173828125
28,0.0093026877734374569,4.4818115234375
29,0.0094797640234374203,2.64862060546875
30,0.0098531214843748938,4.8516845703125
31,0.0099966704296874376,2.85491943359375
32,0.010403555195312331,5.213623046875
33,0.010547104140624874,3.11309814453125
34,0.01095398890624999,5.60089111328125
35,0.011084843046874848,3.39019775390625
36,0.011504097109374944,6.00738525390625
37,0.011635276757812507,3.63983154296875
38,0.012054530820312381,6.3934326171875
39,0.012185384960937462,3.96270751953125
40,0.01260496453125004,6.80816650390625
41,0.012730936054687447,4.2315673828125
42,0.013152794179687399,7.03765869140625
43,0.013281044257812402,4.569091796875
44,0.013703227890624836,7.47314453125
45,0.013831477968749839,4.853515625
46,0.014238037226562472,7.99835205078125
47,0.014381911679687498,5.2191162109375
48,0.014785866874999831,8.55865478515625
49,0.014932345390624935,5.5682373046875
50,0.015254598124999852,9.1436767578125
51,0.015354203515624887,9.266357421875
52,0.015480175039062516,5.89935302734375
53,0.016030608749999953,6.304931640625
54,0.016580716953124908,6.62628173828125
55,0.017131150664062345,6.88079833984375
56,0.017681584375000003,7.152099609375
57,0.01823201808593744,7.5848388671875
58,0.01874924999999994,8.04931640625
59,0.019299358203124894,8.52081298828125
60,0.019837097109374868,9.0362548828125
61,0.019896014023437436,9.267578125
curve_id,25
index,Z indent (µm),Force indent (µN)
0,0,0.83251953125
1,0.00055043371093743687,0.99853515625
2,0.0011008674218748737,1.107177734375
3,0.0016486970703124548,1.2652587890625
4,0.0021988052734374097,1.41448974609375
5,0.0027466349218749908,1.56494140625
6,0.0032944645703123498,1.78375244140625
7,0.0038422942187499309,1.91864013671875
8,0.0041212544140623031,0.90850830078125
9,0.00439012386718729,2.1636962890625
10,0.004671688124999962,1.02569580078125
11,0.0049405575781249489,2.32208251953125
12,0.0052221218359373989,1.17523193359375
13,0.0054499773046874367,2.60345458984375
14,0.00576995148437498,1.28936767578125
15,0.0060004110156248736,2.78961181640625
16,0.0063203851953124168,1.49627685546875
17,0.0065508447265623104,3.05908203125
18,0.0068708189062498537,1.61163330078125
19,0.0071012784374999693,3.32672119140625
20,0.0073828426953124193,1.83685302734375
21,0.0076513866406249242,3.590087890625
22,0.0079303468359372964,1.99737548828125
23,0.0082018203515623611,3.93218994140625
24,0.0084807805468749553,2.22137451171875
25,0.008752254062499798,4.18914794921875
26,0.0090237275781248627,2.4359130859375
27,0.0093026877734374569,4.566650390625
28,0.0095764398437498954,2.6513671875
29,0.0098505174218748159,4.8980712890625
30,0.010121665429687399,2.92938232421875
31,0.010400951132812475,5.2618408203125
32,0.010672099140624836,3.1317138671875
33,0.010951384843749912,5.67535400390625
34,0.011222532851562494,3.4283447265625
35,0.011501493046874867,6.0638427734375
36,0.011772966562499931,3.692626953125
37,0.01204671863281237,6.4959716796875
38,0.012323400273437368,3.9727783203125
39,0.012597152343749807,6.8096923828125
40,0.012873508476562323,4.287109375
41,0.01314237792968731,7.144775390625
42,0.013423942187499982,4.57183837890625
43,0.013692811640624969,7.54058837890625
44,0.013974375898437419,4.937744140625
45,0.014202231367187457,8.05938720703125
46,0.014522205546875,5.24505615234375
47,0.014752665078124894,8.6474609375
48,0.015072639257812437,5.616455078125
49,0.015203167890624814,9.18914794921875
50,0.015351599453124809,8.90625
51,0.015623072968749874,5.95550537109375
52,0.016173506679687311,6.36138916015625
53,0.016723614882812488,6.700439453125
54,0.017233034609374975,6.9219970703125
55,0.017773377578124805,7.30682373046875
56,0.018323811289062464,7.7410888671875
57,0.018873919492187419,8.26751708984375
58,0.019424353203124856,8.76678466796875
59,0.019974786914062292,9.19525146484375
60,0.02003370382812486,8.90625
curve_id,26
index,Z indent (µm),Force indent (µN)
0,0,0.85205078125
1,0.0005501082031249549,1.00128173828125
2,0.001097937851562536,1.0906982421875
3,0.0016483715624999729,1.29486083984375
4,0.0021935971484374761,1.400146484375
5,0.002700738320312368,1.60003662109375
6,0.003250846523437545,1.7578125
7,0.0038012802343749819,1.9586181640625
8,0.0041567347656250586,0.9356689453125
9,0.0043517139453124187,2.1600341796875
10,0.0047071684765624955,1.02325439453125
11,0.0049021476562498556,2.35015869140625
12,0.0052572766796874504,1.18316650390625
13,0.0054525813671875145,2.6129150390625
14,0.0058077103906248873,1.32720947265625
15,0.0060026895703124694,2.79266357421875
16,0.0063581441015625462,1.4752197265625
17,0.0065531232812499063,3.0853271484375
18,0.006908577812499983,1.66046142578125
19,0.0071009529296874874,3.29803466796875
20,0.0074564074609375641,1.8121337890625
21,0.0076513866406249242,3.614501953125
22,0.0079658271875000519,2.056884765625
23,0.0082018203515623611,3.9031982421875
24,0.0085572748828124379,2.20611572265625
25,0.00875225406250002,4.20196533203125
26,0.0091073830859373928,2.45147705078125
27,0.0093026877734374569,4.5745849609375
28,0.0096093161328125731,2.6788330078125
29,0.009850517421875038,4.8931884765625
30,0.010162028398437384,2.9150390625
31,0.010403229687500071,5.27252197265625
32,0.010707579492187369,3.17718505859375
33,0.0109435726562499,5.63568115234375
34,0.011257687695312546,3.426513671875
35,0.011452992382812388,6.08795166015625
36,0.011808121406249983,3.74420166015625
37,0.012003100585937565,6.47796630859375
38,0.01235855511718742,3.9801025390625
39,0.012553534296875002,6.82403564453125
40,0.012908988828124857,4.329833984375
41,0.013103968007812439,7.09808349609375
42,0.013459422539062516,4.62066650390625
43,0.013654401718749876,7.56561279296875
44,0.014009856249999952,4.9566650390625
45,0.014204835429687535,8.14239501953125
46,0.014559964453124907,5.306396484375
47,0.014755269140624971,8.7542724609375
48,0.015110398164062566,5.64239501953125
49,0.015303098789062552,9.1943359375
50,0.015658227812499925,6.0504150390625
51,0.015853206992187507,9.2657470703125
52,0.016208661523437362,6.39404296875
53,0.016403640703124944,9.263916015625
54,0.016759095234375021,6.7620849609375
55,0.016954074414062381,9.2657470703125
56,0.017268514960937509,6.9805908203125
57,0.017404577226562523,9.26483154296875
58,0.01750450812500004,9.21875
59,0.017818948671874946,7.34588623046875
60,0.018364174257812449,7.8131103515625
61,0.01891200390625003,8.28887939453125
62,0.019459833554687389,8.85040283203125
63,0.019518750468749957,9.21966552734375
curve_id,27
index,Z indent (µm),Force indent (µN)
0,0,0.845947265625
1,0.00055043371093743687,0.91644287109375
2,0.001098263359375018,1.0662841796875
3,0.0016509756250000507,1.21490478515625
4,0.0021988052734374097,1.3555908203125
5,0.0027492389843750686,1.55731201171875
6,0.0032996726953125055,1.68670654296875
7,0.0038501064062499424,1.9122314453125
8,0.0041580367968749865,0.88531494140625
9,0.0044005401171873793,2.0721435546875
10,0.0047058664453125676,1.0333251953125
11,0.0048995435937499998,2.30377197265625
12,0.0052563001562500045,1.121826171875
13,0.0054499773046874367,2.50885009765625
14,0.0058067338671874413,1.3055419921875
15,0.0060030150781249514,2.7532958984375
16,0.0063571675781248782,1.439208984375
17,0.0065508447265625325,2.991943359375
18,0.0069072757812500551,1.6204833984375
19,0.0071009529296874874,3.245849609375
20,0.0074551054296874142,1.78955078125
21,0.0076513866406249242,3.54736328125
22,0.0079596425390624503,1.964111328125
23,0.0081992162890625053,3.80218505859375
24,0.0085074721875000314,2.210693359375
25,0.0087496499999999422,4.1552734375
26,0.0090601844531250642,2.38067626953125
27,0.0093000837109373791,4.42230224609375
28,0.0096080141015624232,2.64556884765625
29,0.009850517421875038,4.813232421875
30,0.010161051874999938,2.861328125
31,0.010400951132812475,5.15106201171875
32,0.010706277460937441,3.13568115234375
33,0.010953663398437508,5.5401611328125
34,0.011256711171874878,3.37310791015625
35,0.011501493046874867,5.9521484375
36,0.011807144882812537,3.6627197265625
37,0.012049322695312448,6.37359619140625
38,0.012357578593749974,3.9886474609375
39,0.012599756406249885,6.7669677734375
40,0.012907686796874929,4.2425537109375
41,0.013150190117187543,7.00408935546875
42,0.013458120507812366,4.61151123046875
43,0.01370062382812498,7.44171142578125
44,0.014008554218750024,4.9163818359375
45,0.014202231367187457,7.9473876953125
46,0.014558987929687461,5.27099609375
47,0.014752665078124894,8.5235595703125
48,0.015109421640624898,5.6231689453125
49,0.015303098789062552,9.13909912109375
50,0.015659855351562557,5.99578857421875
51,0.015753601601562472,9.21875
52,0.015902033164062468,8.90625
53,0.016207684999999916,6.38763427734375
54,0.016709292539062393,6.71112060546875
55,0.017259726250000051,6.96502685546875
56,0.017810159960937488,7.29522705078125
57,0.018360268164062443,7.74932861328125
58,0.01891070187499988,8.23455810546875
59,0.019458531523437461,8.70391845703125
60,0.020008965234374898,9.183349609375
61,0.020065278085937388,9.21875
curve_id,28
index,Z indent (µm),Force indent (µN)
0,0,0.88836669921875
1,0.00055043371093765892,0.98785400390625
2,0.001098263359375018,1.12579345703125
3,0.0016486970703126769,1.3031005859375
4,0.0021861104687501687,1.4312744140625
5,0.0027313360546876719,1.6522216796875
6,0.003251172031250027,1.76361083984375
7,0.0035770053515626898,0.86639404296875
8,0.0038322034765625457,2.008056640625
9,0.0041274390625001267,0.9521484375
10,0.0043494353906250449,2.17041015625
11,0.0046752687109377078,1.10992431640625
12,0.0048995435937499998,2.406005859375
13,0.0052283064843750005,1.21185302734375
14,0.0054499773046876587,2.640380859375
15,0.0057761361328125815,1.38275146484375
16,0.0060004110156250956,2.8717041015625
17,0.0063265698437500184,1.5496826171875
18,0.0065508447265625325,3.12713623046875
19,0.0068770035546876773,1.69189453125
20,0.0071012784375001914,3.3465576171875
21,0.0074271117578126322,1.89361572265625
22,0.0076513866406251463,3.6956787109375
23,0.0079443436718751315,2.05810546875
24,0.0082018203515625832,3.93829345703125
25,0.0084794785156250274,2.3126220703125
26,0.00875225406250002,4.28009033203125
27,0.0090400029687500716,2.4993896484375
28,0.0093026877734376789,4.58404541015625
29,0.0095904366796875085,2.74993896484375
30,0.0098378226171875749,4.94171142578125
31,0.010127850078125,2.99072265625
32,0.010400951132812697,5.335693359375
33,0.010678283789062659,3.24249267578125
34,0.010930877851562659,5.6781005859375
35,0.011228717500000096,3.51837158203125
36,0.01145299238281261,6.153564453125
37,0.011779151210937533,3.7847900390625
38,0.012031419765625051,6.5032958984375
39,0.012329584921875192,4.12841796875
40,0.012551255742187628,6.84967041015625
41,0.012877414570312551,4.3975830078125
42,0.013101689453125065,7.14111328125
43,0.013427522773437506,4.75250244140625
44,0.01365179765625002,7.63824462890625
45,0.013977956484375165,5.0860595703125
46,0.014202231367187679,8.2086181640625
47,0.014528390195312602,5.43243408203125
48,0.014752665078125116,8.82904052734375
49,0.015078823906250038,5.81817626953125
50,0.015203167890625036,9.2352294921875
51,0.015351599453125031,9.21875
52,0.015629257617187697,6.15692138671875
53,0.016179691328125134,6.575927734375
54,0.016696597734375151,6.83013916015625
55,0.017241823320312655,7.11334228515625
56,0.017794861093750169,7.51922607421875
57,0.018329995937500065,7.9925537109375
58,0.01888010414062502,8.48876953125
59,0.019430537851562679,8.95050048828125
60,0.019497266953125036,9.261474609375
curve_id,29
index,Z indent (µm),Force indent (µN)
0,0,0.85540771484375
1,0.00054782964843735904,0.93902587890625
2,0.001098263359375018,1.1163330078125
3,0.001646093007812377,1.2164306640625
4,0.0021988052734374097,1.409912109375
5,0.0027417523046875392,1.56585693359375
6,0.0032485679687499491,1.73187255859375
7,0.0033735629687499102,0.833740234375
8,0.003799001679687386,1.9415283203125
9,0.0039213926171874913,0.90606689453125
10,0.0043491098828125629,2.1270751953125
11,0.0044718263281249282,1.0430908203125
12,0.0048995435937499998,2.354736328125
13,0.0050219345312498831,1.20208740234375
14,0.0054499773046874367,2.535400390625
15,0.0055749723046873978,1.30218505859375
16,0.0060004110156248736,2.8204345703125
17,0.0060896001562500413,1.49810791015625
18,0.0065508447265625325,3.02825927734375
19,0.0066296176171873888,1.62322998046875
20,0.0071012784374999693,3.30413818359375
21,0.0071722391406250363,1.83135986328125
22,0.0076513866406249242,3.582763671875
23,0.0077226728515624732,1.976318359375
24,0.0082018203515623611,3.85589599609375
25,0.0082731065624999101,2.19879150390625
26,0.0087496499999999422,4.188232421875
27,0.008823540273437569,2.42218017578125
28,0.0093000837109373791,4.4854736328125
29,0.0093739739843750058,2.62908935546875
30,0.009850517421875038,4.8614501953125
31,0.010400951132812475,5.17669677734375
32,0.010443918164062538,2.87567138671875
33,0.010574446796874915,3.114013671875
34,0.010951384843749912,5.5859375
35,0.011024949609375057,3.41552734375
36,0.011480986054687392,5.99212646484375
37,0.011572779257812416,3.656005859375
38,0.012000822031249969,6.39923095703125
39,0.012123212968750074,3.9666748046875
40,0.012551255742187406,6.79229736328125
41,0.012673646679687511,4.28680419921875
42,0.013101689453125065,7.01934814453125
43,0.013224080390624948,4.59014892578125
44,0.01365179765625002,7.45391845703125
45,0.013774514101562385,4.9468994140625
46,0.014202231367187457,7.98675537109375
47,0.014324622304687562,5.26885986328125
48,0.014752665078124894,8.6016845703125
49,0.014831763476562454,5.67169189453125
50,0.015203167890625036,9.17144775390625
51,0.015348995390624953,9.21875
52,0.015379267617187553,6.02325439453125
53,0.015924818710937538,6.41693115234375
54,0.016474926914062493,6.7694091796875
55,0.01702536062499993,6.98486328125
56,0.017575794335937367,7.3797607421875
57,0.018126228046875026,7.8076171875
58,0.018676661757812463,8.3258056640625
59,0.0192270954687499,8.7896728515625
60,0.019774925117187481,9.20074462890625
61,0.019841328710937578,8.90625
curve_id,30
index,Z indent (µm),Force indent (µN)
0,0,0.92132568359375
1,0.00056052445312482213,1.01348876953125
2,0.0010676656249999361,1.20880126953125
3,0.001617773828124891,1.3165283203125
4,0.0021682075390623279,1.5216064453125
5,0.0027186412499999868,1.68182373046875
6,0.0032664708984373458,1.865234375
7,0.0035161353906250081,0.941162109375
8,0.0038169046093750048,2.06878662109375
9,0.0040512702343749041,1.01593017578125
10,0.0043673383203124416,2.2454833984375
11,0.0046043080078124188,1.17523193359375
12,0.0049177720312498785,2.52044677734375
13,0.005149533593749922,1.2591552734375
14,0.0054678802343748334,2.694091796875
15,0.0056973632421875031,1.43310546875
16,0.0060131058203123366,2.9833984375
17,0.00624779695312494,1.6070556640625
18,0.0065687476562499292,3.2025146484375
19,0.0067979051562498949,1.7437744140625
20,0.007119181367187366,3.49700927734375
21,0.0073483388671873318,1.95281982421875
22,0.0076670110156249471,3.76495361328125
23,0.0078987725781249907,2.1307373046875
24,0.008217444726562384,4.0679931640625
25,0.0084492062890624275,2.37579345703125
26,0.0087600662499998094,4.403076171875
27,0.0089996399999998644,2.548828125
28,0.0093131040234373241,4.70489501953125
29,0.0095500737109373013,2.806396484375
30,0.0098199196874999561,5.081787109375
31,0.010100181914062478,3.04779052734375
32,0.010370353398437393,5.43670654296875
33,0.010650615624999915,3.29376220703125
34,0.010917857539062492,5.8343505859375
35,0.011198445273437496,3.60076904296875
36,0.011468291249999929,6.23260498046875
37,0.011748878984374933,3.85528564453125
38,0.012018724960937366,6.62994384765625
39,0.012250486523437409,4.189453125
40,0.012569158671874803,6.9134521484375
41,0.012803524296874924,4.45892333984375
42,0.013119592382812462,7.236328125
43,0.013353958007812361,4.84130859375
44,0.013670026093749899,7.744140625
45,0.013899183593749864,5.18096923828125
46,0.014220134296874853,8.30352783203125
47,0.014449617304687301,5.53863525390625
48,0.014770568007812512,8.970947265625
49,0.01500005101562496,5.9161376953125
50,0.015221070820312432,9.25750732421875
51,0.015321001718749949,9.21875
52,0.015550484726562397,6.2969970703125
53,0.016100592929687352,6.6748046875
54,0.016651026640625011,6.8927001953125
55,0.017201460351562448,7.24822998046875
56,0.017751894062499884,7.6763916015625
57,0.018302327773437321,8.1500244140625
58,0.01885276148437498,8.6553955078125
59,0.019400265624999857,9.1046142578125
60,0.019459182539062425,9.21875
curve_id,31
index,Z indent (µm),Force indent (µN)
0,0,0.85357666015625
1,0.00055043371093743687,0.99456787109375
2,0.0011008674218750958,1.15478515625
3,0.0016513011328125327,1.2811279296875
4,0.0022017348437499695,1.47491455078125
5,0.0027521685546874064,1.60491943359375
6,0.0029956483984374671,0.8221435546875
7,0.0033022767578125833,1.83197021484375
8,0.003546082109374904,0.93597412109375
9,0.0038527104687500202,1.983642578125
10,0.0040991198828124187,1.03363037109375
11,0.0044005401171876013,2.2186279296875
12,0.0046316506640624588,1.2030029296875
13,0.0049509738281250382,2.4212646484375
14,0.0051947791796875809,1.279296875
15,0.005501407539062475,2.65289306640625
16,0.0057295885156249948,1.47613525390625
17,0.0060362168750001111,2.91534423828125
18,0.0062800222265624317,1.6064453125
19,0.0065866505859375479,3.11981201171875
20,0.0068304559375000906,1.763916015625
21,0.0071370842968749848,3.44268798828125
22,0.0073808896484375275,1.92230224609375
23,0.0076849139453125659,3.67950439453125
24,0.0079313233593749644,2.1044921875
25,0.0082021458593750651,3.9862060546875
26,0.0084814315624999193,2.337646484375
27,0.00875225406250002,4.287109375
28,0.0090318652734375782,2.50823974609375
29,0.0093026877734374569,4.64447021484375
30,0.0095796949218749372,2.76031494140625
31,0.0098531214843751158,4.95574951171875
32,0.010130128632812596,2.978515625
33,0.010400951132812475,5.338134765625
34,0.010680562343750033,3.2513427734375
35,0.01095398890624999,5.72296142578125
36,0.01123099605468747,3.49761962890625
37,0.011504422617187426,6.10382080078125
38,0.011747902460937487,3.7933349609375
39,0.012054530820312603,6.5216064453125
40,0.012298336171874924,4.11529541015625
41,0.012602360468749962,6.82708740234375
42,0.012846165820312505,4.3963623046875
43,0.013152794179687399,7.13409423828125
44,0.013393995468750086,4.744873046875
45,0.013703227890625058,7.5872802734375
46,0.01393173437500006,5.07659912109375
47,0.014253661601562495,8.1109619140625
48,0.014481842578125015,5.44219970703125
49,0.014804095312499932,8.7860107421875
50,0.015032276289062452,5.81268310546875
51,0.015354529023437591,9.20928955078125
52,0.015582710000000111,6.19476318359375
53,0.015805031835937511,9.21875
54,0.015904637226562546,9.21875
55,0.016133143710937548,6.58416748046875
56,0.016683577421874984,6.8499755859375
57,0.017234011132812421,7.14691162109375
58,0.017781840781250002,7.57049560546875
59,0.018331948984374957,8.03741455078125
60,0.018882382695312616,8.5009765625
61,0.019432816406250053,9.0216064453125
62,0.019499219999999928,9.26300048828125
curve_id,32
index,Z indent (µm),Force indent (µN)
0,0,0.804443359375
1,0.00055043371093743687,0.91552734375
2,0.0011008674218748737,1.06781005859375
3,0.0016513011328125327,1.23138427734375
4,0.0022017348437499695,1.3470458984375
5,0.0027521685546874064,1.57745361328125
6,0.0032973941406249097,1.69647216796875
7,0.003377469062499916,0.9197998046875
8,0.0038322034765625457,1.9061279296875
9,0.0038943754687499332,1.0260009765625
10,0.0043800331249999047,2.0880126953125
11,0.0044295103125000512,1.1260986328125
12,0.0049304668359375636,2.3443603515625
13,0.0049773399609374103,1.26617431640625
14,0.0054503028124999187,2.5390625
15,0.005530377734374925,1.37298583984375
16,0.0060004110156248736,2.757568359375
17,0.0060782073828125061,1.56707763671875
18,0.0065508447265625325,3.03497314453125
19,0.006628315585937461,1.67266845703125
20,0.0071012784374999693,3.2550048828125
21,0.0071787492968748978,1.8475341796875
22,0.0076517121484374062,3.56964111328125
23,0.0077291830078125567,2.02178955078125
24,0.0082021458593750651,3.8043212890625
25,0.0082796167187499936,2.21649169921875
26,0.008752579570312502,4.17083740234375
27,0.0088300504296874305,2.4237060546875
28,0.0093026877734374569,4.4476318359375
29,0.0093778800781250116,2.61627197265625
30,0.0098531214843748938,4.79644775390625
31,0.0099283137890624484,2.88848876953125
32,0.010403555195312553,5.15655517578125
33,0.010478421992187403,3.07952880859375
34,0.010951384843749912,5.5316162109375
35,0.011028855703125062,3.3599853515625
36,0.011496610429687415,5.897216796875
37,0.011579289414062499,3.626708984375
38,0.012052252265625008,6.3201904296875
39,0.012096521328124998,3.9129638671875
40,0.012584457539062566,6.7010498046875
41,0.012646955039062435,4.222412109375
42,0.013134891250000003,6.93695068359375
43,0.013184368437499927,4.54010009765625
44,0.013652123164062502,7.33551025390625
45,0.013734802148437364,4.903564453125
46,0.014202556874999939,7.8167724609375
47,0.014280027734374867,5.2191162109375
48,0.014752990585937376,8.402099609375
49,0.014830461445312526,5.59967041015625
50,0.015303098789062552,9.0472412109375
51,0.015380895156249963,5.96282958984375
52,0.015753601601562472,9.25750732421875
53,0.015899754609374872,9.21875
54,0.015931003359374918,6.37115478515625
55,0.016481437070312577,6.71600341796875
56,0.017031870781250014,6.94671630859375
57,0.017579700429687373,7.32818603515625
58,0.018130134140625032,7.73529052734375
59,0.018680567851562468,8.23272705078125
60,0.019231001562499905,8.72039794921875
61,0.019781109765625082,9.1632080078125
62,0.019845234804687362,9.21875
curve_id,33
index,Z indent (µm),Force indent (µN)
0,0,0.938720703125
1,0.00055043371093743687,1.0223388671875
2,0.0011005419140626138,1.22467041015625
3,0.0016483715624999729,1.33087158203125
4,0.0021988052734376318,1.5283203125
5,0.0025086887109375677,0.809326171875
6,0.0027492389843750686,1.69677734375
7,0.0030591224218750046,0.9234619140625
8,0.0032485679687499491,1.87774658203125
9,0.0036069520703125857,1.06597900390625
10,0.0038448982812500088,2.09259033203125
11,0.0041573857812500226,1.1456298828125
12,0.0043491098828125629,2.2564697265625
13,0.0047074939843749775,1.30859375
14,0.0048995435937499998,2.532958984375
15,0.0052579276953126364,1.419677734375
16,0.0054525813671875145,2.7093505859375
17,0.0058083614062500732,1.60125732421875
18,0.0060004110156250956,3.00384521484375
19,0.0063587951171875101,1.72088623046875
20,0.0065505192187500505,3.22540283203125
21,0.0068630067187500643,1.8890380859375
22,0.0071035569921875652,3.5150146484375
23,0.0074134404296875012,2.10693359375
24,0.0076513866406251463,3.8092041015625
25,0.007963874140624938,2.261962890625
26,0.0081992162890625053,4.08843994140625
27,0.0085117037890625191,2.48443603515625
28,0.0087496499999999422,4.43756103515625
29,0.0090595334375001002,2.66998291015625
30,0.0093000837109376011,4.735107421875
31,0.0096073630859374592,2.91656494140625
32,0.009850517421875038,5.09490966796875
33,0.010160075351562492,3.13140869140625
34,0.010400625624999993,5.44464111328125
35,0.010707905000000073,3.3990478515625
36,0.01095105933593743,5.867919921875
37,0.01125833871093751,3.69903564453125
38,0.011501493046875089,6.24786376953125
39,0.011808772421874947,3.95843505859375
40,0.012046718632812592,6.63360595703125
41,0.012359206132812606,4.29229736328125
42,0.012597152343750029,6.92291259765625
43,0.012909639843750043,4.59625244140625
44,0.013147586054687466,7.2369384765625
45,0.013459748046874997,4.95025634765625
46,0.01365179765625002,7.7496337890625
47,0.014012785820312512,5.2777099609375
48,0.014202231367187457,8.26629638671875
49,0.014560615468750093,5.650634765625
50,0.014652734179687599,8.90106201171875
51,0.014801165742187594,9.25048828125
52,0.01511104917968753,6.03729248046875
53,0.015615260781250084,6.4202880859375
54,0.016163090429687443,6.79290771484375
55,0.016716128203124958,6.98699951171875
56,0.017261353789062461,7.40570068359375
57,0.01781178750000012,7.8082275390625
58,0.018359617148437479,8.27606201171875
59,0.018910050859375138,8.77288818359375
60,0.019460159062500093,9.18487548828125
61,0.019516471914062583,8.90625
curve_id,34
index,Z indent (µm),Force indent (µN)
0,0,0.81512451171875
1,0.00031867214843761538,0.86029052734375
2,0.00055043371093765892,0.87982177734375
3,0.00086650179687497442,0.86212158203125
4,0.0011008674218750958,0.8984375
5,0.0013759215234376843,0.94329833984375
6,0.0016513011328125327,0.965576171875
7,0.0019260297265626392,0.9613037109375
8,0.0022017348437501916,1.00433349609375
9,0.002476463437500076,1.03302001953125
10,0.0027518430468751465,1.07391357421875
11,0.0030268971484375129,1.07208251953125
12,0.0033022767578125833,1.08856201171875
13,0.0035773308593751718,1.16851806640625
14,0.0038527104687500202,1.1810302734375
15,0.0041277645703126087,1.2091064453125
16,0.0044031441796876791,1.22406005859375
17,0.0046778727734375636,1.2579345703125
18,0.0049509738281250382,1.279296875
19,0.0052283064843750005,1.35528564453125
20,0.005501407539062475,1.3427734375
21,0.0057761361328125815,1.370849609375
22,0.0060108272656251849,1.38885498046875
23,0.0063265698437500184,1.47430419921875
24,0.0065635395312499956,1.4794921875
25,0.0068743994921875995,1.51763916015625
26,0.0071087651171874988,1.51092529296875
27,0.0074248332031250364,1.62506103515625
28,0.007654316210937484,1.588134765625
29,0.0079700587890625396,1.65924072265625
30,0.0082021458593750651,1.64093017578125
31,0.0085230965625000543,1.76513671875
32,0.00875225406250002,1.70928955078125
33,0.0090709262109376354,1.81549072265625
34,0.0093026877734376789,1.751708984375
35,0.0095777418750000454,1.91497802734375
36,0.0098531214843751158,1.83807373046875
37,0.010128175585937482,1.99615478515625
38,0.010403555195312553,1.91558837890625
39,0.010678283789062659,2.07244873046875
40,0.01095398890624999,1.9586181640625
41,0.011228717500000096,2.2137451171875
42,0.011504422617187648,2.071533203125
43,0.011779151210937533,2.2491455078125
44,0.012054530820312603,2.127685546875
45,0.012329584921875192,2.38037109375
46,0.01260496453125004,2.2259521484375
47,0.012880018632812629,2.445068359375
48,0.013152794179687621,2.29583740234375
49,0.013430452343750066,2.57171630859375
50,0.013703227890625058,2.38983154296875
51,0.013978281992187647,2.655029296875
52,0.014212647617187546,2.48382568359375
53,0.014528390195312602,2.75848388671875
54,0.014760477265625127,2.57110595703125
55,0.015078823906250038,2.88421630859375
56,0.015310910976562564,2.6776123046875
57,0.01562665355468762,2.9461669921875
58,0.015853532499999989,2.74688720703125
59,0.016177087265625056,3.145751953125
60,0.016403966210937648,2.89947509765625
61,0.016719708789062482,3.179931640625
62,0.016954399921875085,2.94586181640625
63,0.017272746562499997,3.36456298828125
64,0.01750450812500004,3.1036376953125
65,0.017779562226562629,3.4625244140625
66,0.018054941835937477,3.2086181640625
67,0.018329995937500065,3.558349609375
68,0.018605375546875136,3.2928466796875
69,0.018880429648437502,3.8006591796875
70,0.019155809257812573,3.4375
71,0.019430863359375161,3.7908935546875
72,0.01970624296875001,3.53485107421875
73,0.019980971562500116,4.093017578125
74,0.020256676679687668,3.68682861328125
75,0.020531405273437553,4.078369140625
76,0.020806784882812623,3.7677001953125
77,0.02108183898437499,4.39453125
78,0.021354614531249982,3.9508056640625
79,0.021632272695312649,4.425048828125
80,0.021907652304687497,4.0234375
81,0.022180102343750008,4.61212158203125
82,0.022455481953125078,4.17877197265625
83,0.022730536054687667,4.8687744140625
84,0.022962297617187488,4.332275390625
85,0.023280969765625104,4.8382568359375
86,0.023517939453125081,4.4256591796875
87,0.023831077968750058,5.2734375
88,0.02405795691406265,4.637451171875
89,0.024374025000000188,5.146484375
90,0.024605786562500009,4.6954345703125
91,0.024924133203125143,5.604248046875
92,0.025156220273437668,4.8992919921875
93,0.025471962851562502,5.58197021484375
94,0.025706653984375105,5.00885009765625
95,0.02598138257812499,5.8447265625
96,0.026257087695312542,5.169677734375
97,0.026531816289062649,6.09344482421875
98,0.026807195898437497,5.30181884765625
99,0.027082250000000085,6.0552978515625
100,0.027357629609374934,5.46142578125
101,0.027632683710937522,6.61285400390625
102,0.027908063320312371,5.6488037109375
103,0.028183117421874959,6.35833740234375
104,0.028458497031250252,5.73699951171875
105,0.028733551132812396,6.85516357421875
106,0.029006326679687389,6.005859375
107,0.029283659335937573,6.810302734375
108,0.02955676039062527,6.08489990234375
109,0.029831488984375154,6.9622802734375
110,0.030107194101562706,6.2969970703125
111,0.030381922695312591,7.28240966796875
112,0.030657302304687439,6.46881103515625
113,0.030932356406250028,7.1112060546875
114,0.031207736015624876,6.59942626953125
115,0.031482790117187465,7.91717529296875
116,0.031717155742187364,6.79656982421875
117,0.032030619765625046,7.41607666015625
118,0.032267589453125245,6.84661865234375
119,0.032578449414062627,8.4185791015625
120,0.032807606914062371,6.98272705078125
121,0.033128883125000064,8.057861328125
122,0.033358040625000251,7.1136474609375
123,0.033674108710937789,8.64593505859375
124,0.033908474335937688,7.3443603515625
125,0.034183528437500277,8.92822265625
126,0.034458908046875125,7.510986328125
127,0.03473363664062501,8.5931396484375
128,0.035009341757812562,7.7374267578125
129,0.035284070351562447,9.22698974609375
130,0.035559775468749999,7.99346923828125
131,0.035834504062499883,8.53546142578125
132,0.036109883671875176,8.14849853515625
133,0.03635889714843743,9.2437744140625
134,0.036660317382812613,8.4466552734375
135,0.036803866328124935,8.71856689453125
136,0.037168109570312469,9.12445068359375
137,0.037208147031250194,8.6419677734375
138,0.037450324843750105,9.1400146484375
139,0.037653441718749958,8.73260498046875
140,0.037758580742187631,8.87115478515625
141,0.037775832656250286,9.26910400390625
142,0.037817497656250199,8.48602294921875
curve_id,35
index,Z indent (µm),Force indent (µN)
0,0,0.88165283203125
1,0.00024543289062495255,0.83648681640625
2,0.00050421160156255418,0.897216796875
3,0.00079326253906253363,0.8782958984375
4,0.0010520412499999132,0.96923828125
5,0.0013463003125000483,0.98388671875
6,0.0016024749609375721,1.03729248046875
7,0.0018941299609374074,0.98358154296875
8,0.002152908671875009,1.07208251953125
9,0.0024445636718750663,1.16058349609375
10,0.0027007383203125901,1.1700439453125
11,0.002997601445312581,1.13433837890625
12,0.003250846523437545,1.20697021484375
13,0.00354543109374994,1.28631591796875
14,0.0038012802343749819,1.3037109375
15,0.0040955392968748949,1.32293701171875
16,0.0043543180078124966,1.33575439453125
17,0.0046459730078125538,1.41326904296875
18,0.0049021476562500776,1.41998291015625
19,0.0051964067187499907,1.53778076171875
20,0.0054551854296875923,1.5069580078125
21,0.0057468404296874276,1.54998779296875
22,0.0060030150781249514,1.5618896484375
23,0.0062946700781250087,1.74285888671875
24,0.0065531232812499063,1.65252685546875
25,0.0068424997265625898,1.73492431640625
26,0.0071035569921873432,1.7144775390625
27,0.0073952119921876225,1.929931640625
28,0.0076513866406249242,1.82098388671875
29,0.0078971450390623588,1.93878173828125
30,0.008204424414062661,1.86798095703125
31,0.0084475787499997956,2.110595703125
32,0.0087060319531251373,1.97113037109375
33,0.0089980124609376766,2.19268798828125
34,0.0092564656640625742,2.0703125
35,0.0095455166015625537,2.24212646484375
36,0.0098554000390627117,2.152099609375
37,0.010095950312499991,2.4725341796875
38,0.010354729023437592,2.24884033203125
39,0.010648988085937283,2.437744140625
40,0.010902558671875173,2.34100341796875
41,0.011194213671875008,2.6904296875
42,0.011455596445312466,2.45697021484375
43,0.011747251445312301,2.67333984375
44,0.012003426093750047,2.53173828125
45,0.012295081093749882,2.9071044921875
46,0.01255353429687478,2.65228271484375
47,0.012847793359374915,2.98126220703125
48,0.013103968007812661,2.76153564453125
49,0.013398227070312352,3.08013916015625
50,0.013654401718750098,2.88116455078125
51,0.013948660781249789,3.3056640625
52,0.014204835429687535,2.98583984375
53,0.014447989765625113,3.28155517578125
54,0.014755269140624971,3.1158447265625
55,0.015046924140624807,3.63616943359375
56,0.015303098789062552,3.23944091796875
57,0.015597357851562688,3.5284423828125
58,0.015855811054687585,3.343505859375
59,0.016098965390625164,3.89801025390625
60,0.016403640703125166,3.47808837890625
61,0.016649399101562601,3.88031005859375
62,0.016956678476562459,3.603515625
63,0.017194624687499882,4.09515380859375
64,0.01750450812500004,3.74908447265625
65,0.017747662460937619,4.312744140625
66,0.018006115664062516,3.8385009765625
67,0.018298096171875056,4.29901123046875
68,0.018556549374999953,4.0020751953125
69,0.018848204374999789,4.72869873046875
70,0.019104379023437534,4.11865234375
71,0.019398638085937669,4.57244873046875
72,0.019654812734374971,4.25933837890625
73,0.019951675859374962,5.0726318359375
74,0.020205246445312408,4.3817138671875
75,0.020499505507812543,4.99359130859375
76,0.020755680156249845,4.53857421875
77,0.02104993921874998,5.31097412109375
78,0.021306113867187282,4.66461181640625
79,0.021600372929687417,5.5279541015625
80,0.021858826132812315,4.81292724609375
81,0.022150481132812594,5.55694580078125
82,0.022406655781249896,4.9542236328125
83,0.022695706718749875,6.09588623046875
84,0.022957089492187333,5.09552001953125
85,0.023246140429687312,5.8831787109375
86,0.023507523203125213,5.286865234375
87,0.023796574140625193,6.5496826171875
88,0.02405535285156235,5.4168701171875
89,0.024300785742187525,6.36505126953125
90,0.024605786562499787,5.63507080078125
91,0.024848615390625106,6.8072509765625
92,0.025155894765624964,5.7904052734375
93,0.025399049101562543,6.85943603515625
94,0.025706328476562401,5.9991455078125
95,0.025952086874999836,6.9036865234375
96,0.026208261523437582,6.18255615234375
97,0.026499916523437417,7.4639892578125
98,0.026760973789062614,6.4013671875
99,0.027050350234374854,7.0831298828125
100,0.027306524882812599,6.588134765625
101,0.027600783945312291,8.07647705078125
102,0.027859237148437632,6.73736572265625
103,0.028150892148437467,7.5335693359375
104,0.028407066796875213,6.875
105,0.028698721796875049,8.4002685546875
106,0.028960104570312506,6.983642578125
107,0.029251759570312341,8.2989501953125
108,0.029507934218750087,7.17315673828125
109,0.029799589218749922,8.51593017578125
110,0.030058367929687524,7.3834228515625
111,0.030350022929687359,9.15252685546875
112,0.030608476132812701,7.59765625
113,0.030900456640624796,8.46710205078125
114,0.031156305781249838,7.7972412109375
115,0.031450564843749973,9.25872802734375
116,0.031706739492187275,8.01727294921875
117,0.031998394492187554,8.56781005859375
118,0.032257173203125156,8.24615478515625
119,0.032523113085937361,9.23858642578125
120,0.032807606914062593,8.42132568359375
121,0.03292739378906262,8.8421630859375
122,0.033297821679687534,9.01275634765625
123,0.033360644687499885,8.68621826171875
124,0.033584594062499917,9.21630859375
125,0.033791942539062703,8.62762451171875
126,0.033908474335937466,8.84796142578125
127,0.033918890585937334,9.21875
128,0.033964461679687474,8.30474853515625
129,0.033964787187500178,9.21875
curve_id,36
index,Z indent (µm),Force indent (µN)
0,0,0.826416015625
1,9.2444218749987428e-05,0.84716796875
2,0.00054782964843735904,0.80596923828125
3,0.0006428779296874243,0.8636474609375
4,0.0010572493749998468,0.9283447265625
5,0.0011933116406248612,0.92864990234375
6,0.001323189257812496,0.92041015625
7,0.0014283282812499465,0.850830078125
8,0.0016028004687498321,0.95123291015625
9,0.001743745351562298,0.9881591796875
10,0.001871018906249855,0.96343994140625
11,0.0019787619921873834,0.897216796875
12,0.002152908671874787,1.016845703125
13,0.002294179062499957,1.03057861328125
14,0.0024214526171872919,1.02447509765625
15,0.0025291957031248202,1.00982666015625
16,0.0026981342578122902,1.06597900390625
17,0.0028058773437498186,1.1376953125
18,0.0029614700781248615,1.13922119140625
19,0.0030796294140624791,1.00921630859375
20,0.0032485679687499491,1.123046875
21,0.0033462203124998702,1.1328125
22,0.0035119037890622984,1.17279052734375
23,0.003630063124999916,1.195068359375
24,0.003799001679687386,1.23291015625
25,0.0038940499609374513,1.243896484375
26,0.0040623374999999573,1.29486083984375
27,0.0041775672656247931,1.15997314453125
28,0.0043494353906248229,1.23138427734375
29,0.004446762226562484,1.2689208984375
30,0.0045717572265624451,1.3250732421875
31,0.0047306050390623078,1.32965087890625
32,0.0048998691015624818,1.35833740234375
33,0.004994591874999843,1.357421875
34,0.0051218654296874,1.435546875
35,0.0052810387499999667,1.35650634765625
36,0.0054503028124999187,1.378173828125
37,0.0055450255859375019,1.395263671875
38,0.0056722991406248369,1.5142822265625
39,0.0058288683984373257,1.4569091796875
40,0.0060004110156248736,1.50665283203125
41,0.0060954592968749388,1.47491455078125
42,0.0062227328515624958,1.58538818359375
43,0.0063766980468749068,1.5728759765625
44,0.0065508447265623104,1.54052734375
45,0.0066458930078123757,1.57470703125
46,0.0067731665624999327,1.70806884765625
47,0.0069271317578123437,1.57623291015625
48,0.0071012784374999693,1.62506103515625
49,0.0071963267187498126,1.58935546875
50,0.0073236002734373695,1.76300048828125
51,0.0074697532812497691,1.7852783203125
52,0.0076517121484371842,1.72760009765625
53,0.0077441563671873936,1.7291259765625
54,0.0078740339843750284,1.91162109375
55,0.008020186992187206,1.7572021484375
56,0.0081611318750001161,1.761474609375
57,0.0082945900781248305,1.74896240234375
58,0.0084241421874997613,1.93756103515625
59,0.0085732247656249427,1.964111328125
60,0.0087115655859375529,1.89788818359375
61,0.0088446982812500075,1.88079833984375
62,0.0089745758984371982,2.12249755859375
63,0.0090800404296875747,1.95770263671875
64,0.0092593952343746899,1.9384765625
65,0.0093977360546873001,1.91619873046875
66,0.0095224055468747792,2.1807861328125
67,0.0096301486328123076,2.13653564453125
68,0.0098046208203124152,2.07611083984375
69,0.0099455657031248812,2.02667236328125
70,0.010072839257812216,2.27081298828125
71,0.010180582343749744,2.21221923828125
72,0.010355054531249852,2.1307373046875
73,0.010454985429687369,2.137451171875
74,0.010618064843749941,2.4395751953125
75,0.010731016054687181,2.2845458984375
76,0.010900280117187577,2.25006103515625
77,0.011005419140624806,2.1875
78,0.011124880507812573,2.46246337890625
79,0.011281449765625062,2.50030517578125
80,0.011450713828125014,2.33734130859375
81,0.011596541328124932,2.330322265625
82,0.011713724140625104,2.70477294921875
83,0.011831883476562499,2.46795654296875
84,0.012000822031249747,2.427978515625
85,0.012101078437499968,2.37396240234375
86,0.012223143867187591,2.68035888671875
87,0.012382317187499936,2.73529052734375
88,0.012551255742187184,2.552490234375
89,0.012646304023437249,2.52960205078125
90,0.012773577578125028,2.91015625
91,0.012932425390625113,2.69378662109375
92,0.013101689453125065,2.6226806640625
93,0.013196737734374686,2.58514404296875
94,0.013324011289062465,2.991943359375
95,0.01348285910156255,2.98004150390625
96,0.013652123164062502,2.789306640625
97,0.013747171445312567,2.7154541015625
98,0.013874444999999902,3.118896484375
99,0.014030688749999687,2.98187255859375
100,0.014202556874999939,2.85675048828125
101,0.0142972796484373,2.83721923828125
102,0.014424553203125079,3.27911376953125
103,0.014581122460937568,3.14605712890625
104,0.014752990585937376,3.00872802734375
105,0.014847713359374737,2.9266357421875
106,0.014974986914062516,3.32550048828125
107,0.015131556171875005,3.3380126953125
108,0.015303098789062552,3.118896484375
109,0.015398147070312618,3.0828857421875
110,0.015525420624999953,3.59222412109375
111,0.015679385820312586,3.31451416015625
112,0.015853532499999989,3.2318115234375
113,0.015945976718749755,3.15460205078125
114,0.01607585433593739,3.58551025390625
115,0.016222007343750011,3.6834716796875
116,0.01640136214843757,3.369140625
117,0.016496410429687192,3.33282470703125
118,0.016626288046874826,3.88641357421875
119,0.016772441054687448,3.58001708984375
120,0.016913385937499914,3.4661865234375
121,0.017046844140625073,3.387451171875
122,0.017176721757812263,3.91876220703125
123,0.017281860781249936,3.9337158203125
124,0.017456007460937339,3.64898681640625
125,0.017596952343749805,3.5675048828125
126,0.017724225898437584,4.11224365234375
127,0.017832294492187373,3.93524169921875
128,0.018003837109374921,3.73046875
129,0.018147386054687242,3.680419921875
130,0.01826977699218757,4.29931640625
131,0.01838272820312481,4.139404296875
132,0.018554270820312357,3.8702392578125
133,0.01865680578124973,3.79180908203125
134,0.018815002578124851,4.35211181640625
135,0.018932836406249987,4.36126708984375
136,0.019102100468749938,4.0167236328125
137,0.019207239492187611,3.94775390625
138,0.019365436289062288,4.68353271484375
139,0.019483270117187423,4.354248046875
140,0.019652534179687375,4.12841796875
141,0.019757673203125048,4.02984619140625
142,0.019915544492187465,4.63897705078125
143,0.02003370382812486,4.78485107421875
144,0.020202967890624812,4.28619384765625
145,0.020297690664062618,4.2327880859375
146,0.020424964218749952,5.03082275390625
147,0.020584137539062297,4.62127685546875
148,0.020753401601562249,4.39178466796875
149,0.020853332499999766,4.27215576171875
150,0.020975397929687389,5.05462646484375
151,0.021134571249999734,5.14007568359375
152,0.021303509804687426,4.5733642578125
153,0.021398558085937491,4.49432373046875
154,0.021525831640624826,5.2923583984375
155,0.021685004960937615,5.05615234375
156,0.021853943515624863,4.6636962890625
157,0.021948991796874928,4.59259033203125
158,0.022076265351562263,5.54901123046875
159,0.022232834609374752,5.4046630859375
160,0.0224043772265623,4.85992431640625
161,0.022499425507812365,4.71466064453125
162,0.0226266990624997,5.5645751953125
163,0.022782942812499929,5.5859375
164,0.022954810937499737,4.96185302734375
165,0.023049533710937542,4.91943359375
166,0.023176807265624877,6.07452392578125
167,0.023333376523437366,5.640869140625
168,0.023505244648437618,5.13336181640625
169,0.023599967421874979,4.9853515625
170,0.023727240976562314,5.906982421875
171,0.023881206171874947,6.19781494140625
172,0.024014664375000105,5.2978515625
173,0.02414779707031256,5.23529052734375
174,0.024277674687499751,6.51214599609375
175,0.024426431757812228,5.9295654296875
176,0.024565098085937542,5.43212890625
177,0.024698230781249997,5.31463623046875
178,0.024828108398437188,6.42852783203125
179,0.024974261406249809,6.66534423828125
180,0.025115206289062275,5.6610107421875
181,0.025248664492187434,5.56884765625
182,0.025378542109375068,6.787109375
183,0.025524695117187246,6.44134521484375
184,0.025655549257812549,5.77484130859375
185,0.025799098203124871,5.6671142578125
186,0.02592376769531235,6.89697265625
187,0.026034114843749734,6.8365478515625
188,0.026208261523437582,6.02142333984375
189,0.026349531914062307,5.93017578125
190,0.026474201406249787,6.89544677734375
191,0.026584548554687615,6.932373046875
192,0.026753487109374863,6.1871337890625
193,0.026858951640624795,6.07666015625
194,0.027022031054687368,7.49267578125
195,0.027134982265625052,6.9537353515625
196,0.0273039208203123,6.397705078125
197,0.027409059843749972,6.2646484375
198,0.027567256640625093,7.1240234375
199,0.027685415976562489,7.5701904296875
200,0.027854354531249736,6.58111572265625
201,0.028000507539062358,6.5264892578125
202,0.02811769035156253,8.06060791015625
203,0.028235524179687221,7.17987060546875
204,0.028404788242187617,6.78375244140625
205,0.028509927265624846,6.61865234375
206,0.028627110078125018,7.6300048828125
207,0.028785957890625102,8.1573486328125
208,0.028955221953125054,6.8701171875
209,0.029049944726562416,6.83135986328125
210,0.02917721828124975,8.3935546875
211,0.029336391601562539,7.62603759765625
212,0.029505655664062491,6.99859619140625
213,0.029727651992187187,8.39508056640625
214,0.02988422125000012,8.52691650390625
215,0.030055763867187224,7.2039794921875
216,0.030150812148437289,6.90185546875
217,0.030250743046874806,7.09930419921875
218,0.030278085703125068,8.525390625
219,0.030434654960937557,8.3941650390625
220,0.030606197578125105,7.40020751953125
221,0.030701245859374726,7.25982666015625
222,0.030828519414062505,9.18670654296875
223,0.030985088671874994,8.60015869140625
224,0.031156631289062542,7.64678955078125
225,0.031251679570312607,7.4609375
226,0.031378953124999942,8.49639892578125
227,0.031532918320312575,9.20318603515625
228,0.031707064999999979,7.84698486328125
229,0.031799509218749744,7.7447509765625
230,0.031929386835937379,9.26544189453125
231,0.032083026523437308,8.55743408203125
232,0.032257498710937416,8.0548095703125
233,0.032349942929687181,7.86956787109375
234,0.032479495039062556,8.65234375
235,0.032633460234374745,9.21875
236,0.032764314375000048,8.29376220703125
237,0.032900051132812358,8.18115234375
238,0.033001935078124767,9.2352294921875
239,0.033173803203125019,8.67279052734375
240,0.03331735214843734,8.4979248046875
241,0.033447229765624975,8.96728515625
242,0.033450484843749795,8.29833984375
243,0.033702753398437313,9.26483154296875
244,0.033812124023437473,8.990478515625
245,0.03385736960937491,8.71917724609375
246,0.034000918554687232,8.58734130859375
247,0.034071228242187335,8.916015625
248,0.034094990312500073,9.24346923828125
249,0.034153256210937233,9.13360595703125
250,0.034296479648437295,8.624267578125
251,0.034410407382812203,8.9202880859375
252,0.034420823632812514,9.21875
253,0.034462163124999723,8.32977294921875
254,0.034464116171875059,9.21875
255,0.034551352265625113,8.7457275390625
256,0.034775627148437405,9.24346923828125
257,0.034984603164062378,8.7567138671875
258,0.03510178597656255,8.9910888671875
259,0.035112853242187381,9.21875
260,0.035160377382812413,8.4124755859375
261,0.035160702890625117,9.19769287109375
curve_id,37
index,Z indent (µm),Force indent (µN)
0,0,0.8258056640625
1,0.00055043371093743687,0.90911865234375
2,0.00078675238281245008,0.8660888671875
3,0.0011008674218748737,0.91827392578125
4,0.001337186093749887,0.90789794921875
5,0.0016513011328123106,1.02081298828125
6,0.001885015742187468,1.00830078125
7,0.0022014093359374876,1.0418701171875
8,0.0024302413281249713,1.04095458984375
9,0.0027518430468749244,1.14837646484375
10,0.0029806750390624082,1.15753173828125
11,0.0033022767578123613,1.1688232421875
12,0.003531108749999845,1.20025634765625
13,0.0038527104687497982,1.25518798828125
14,0.0040405284765623328,1.30706787109375
15,0.004362130195312286,1.33209228515625
16,0.0045906366796872877,1.3714599609375
17,0.0049125639062499449,1.36260986328125
18,0.0051410703906249466,1.44927978515625
19,0.0054577894921874481,1.48681640625
20,0.0056915041015623835,1.55792236328125
21,0.0060056191406248072,1.5087890625
22,0.0062393337499999646,1.63848876953125
23,0.0065508447265623104,1.63818359375
24,0.0067923715234374793,1.72821044921875
25,0.0071012784374999693,1.65283203125
26,0.0073402011718748383,1.81488037109375
27,0.0076517121484374062,1.78131103515625
28,0.0078906348828124973,1.925048828125
29,0.0082018203515623611,1.84173583984375
30,0.0084407430859374522,2.01568603515625
31,0.008752254062499798,1.9268798828125
32,0.008991176796874889,2.13226318359375
33,0.0093026877734372349,2.03125
34,0.0095364023828126143,2.222900390625
35,0.0098531214843746717,2.0977783203125
36,0.010086836093750051,2.36846923828125
37,0.010403555195312553,2.23114013671875
38,0.010632061679687332,2.418212890625
39,0.01095398890624999,2.27447509765625
40,0.011185099453125069,2.569580078125
41,0.011504097109374722,2.410888671875
42,0.011691915117187257,2.65625
43,0.012051926757812303,2.48870849609375
44,0.012242348828124694,2.80426025390625
45,0.01260236046874974,2.59368896484375
46,0.012792782539062575,2.91412353515625
47,0.013114384257812528,2.7020263671875
48,0.013343216250000012,3.006591796875
49,0.013659609843749809,2.80303955078125
50,0.013893324453124745,3.22723388671875
51,0.014204835429687535,2.94708251953125
52,0.014443758164062181,3.24981689453125
53,0.014755269140624971,3.02490234375
54,0.014994191875000062,3.51104736328125
55,0.015303098789062552,3.19091796875
56,0.015542021523437199,3.4906005859375
57,0.015853532499999989,3.27667236328125
58,0.01609245523437508,3.76220703125
59,0.016403966210937426,3.414306640625
60,0.016642888945312517,3.83056640625
61,0.016954399921874863,3.55255126953125
62,0.01719299714843725,4.00604248046875
63,0.01750450812500004,3.653564453125
64,0.017743430859374687,4.22943115234375
65,0.018054941835937477,3.826904296875
66,0.018293864570312568,4.2242431640625
67,0.018605375546874914,3.91998291015625
68,0.018839090156249849,4.61334228515625
69,0.019155809257812351,4.07440185546875
70,0.019384315742187574,4.52972412109375
71,0.019706242968749788,4.20806884765625
72,0.019893735468750062,4.94110107421875
73,0.020254072617187369,4.34906005859375
74,0.020482579101562592,4.91607666015625
75,0.020804180820312546,4.48394775390625
76,0.020994602890624936,5.18096923828125
77,0.021316204609374889,4.609375
78,0.021545036601562373,5.43792724609375
79,0.021905048242187419,4.79705810546875
80,0.02209547031249981,5.44403076171875
81,0.022409259843749751,4.89715576171875
82,0.022645578515624987,5.89935302734375
83,0.022957089492187333,5.0726318359375
84,0.023196012226562424,5.797119140625
85,0.023504919140624914,5.23712158203125
86,0.023743841875000005,6.35162353515625
87,0.02405535285156235,5.352783203125
88,0.024294275585937442,6.29913330078125
89,0.024605786562499787,5.55694580078125
90,0.024844709296874878,6.66534423828125
91,0.025156220273437224,5.69671630859375
92,0.025395143007812315,6.81884765625
93,0.025706653984375105,5.9075927734375
94,0.025945576718749752,6.82769775390625
95,0.026256762187499838,6.0308837890625
96,0.026490802304687477,7.34954833984375
97,0.026807195898437275,6.30615234375
98,0.027046118632812366,7.03155517578125
99,0.027357629609374712,6.4288330078125
100,0.027591344218750091,7.92816162109375
101,0.027908063320312593,6.67327880859375
102,0.028136569804687372,7.540283203125
103,0.02845589296874973,6.812744140625
104,0.028684399453124954,8.27789306640625
105,0.029006326679687611,6.90673828125
106,0.02923483316406239,8.3233642578125
107,0.029518350468749954,7.0965576171875
108,0.029746856953124734,8.4417724609375
109,0.03010686859374978,7.25677490234375
110,0.030297290664062615,9.1131591796875
111,0.030614009765624672,7.535400390625
112,0.030847724375000052,8.54766845703125
113,0.031156631289062542,7.7337646484375
114,0.031395554023437189,9.23431396484375
115,0.03171194761718743,7.998046875
116,0.03194598773437507,8.65386962890625
117,0.032257173203124712,8.21197509765625
118,0.0324742869140624,9.21356201171875
119,0.032807606914062593,8.4375
120,0.032925115234375024,8.89007568359375
121,0.033294892109374974,8.95050048828125
122,0.033358040625000029,8.64898681640625
123,0.033583943046874953,9.21539306640625
124,0.033792593554687222,8.55499267578125
125,0.033908474335937466,8.878173828125
126,0.033920192617187261,9.21875
127,0.03396706574218733,8.26141357421875
128,0.033967391250000034,9.21875
curve_id,38
index,Z indent (µm),Force indent (µN)
0,0,0.80596923828125
1,0.00024055027343750091,0.8294677734375
2,0.00055043371093743687,0.8953857421875
3,0.00078837992187508199,0.8453369140625
4,0.0011008674218748737,0.968017578125
5,0.0013388136328125189,0.9649658203125
6,0.0016486970703124548,0.997314453125
7,0.0018915258984375516,0.9466552734375
8,0.0022014093359374876,1.08795166015625
9,0.0024393555468749106,1.102294921875
10,0.0027492389843750686,1.1279296875
11,0.0029897892578125695,1.11053466796875
12,0.0032996726953125055,1.226806640625
13,0.0035402229687500064,1.22283935546875
14,0.0038064883593749155,1.24114990234375
15,0.0040854485546875097,1.30218505859375
16,0.0043517139453124187,1.33880615234375
17,0.0045922642187499196,1.35894775390625
18,0.0049509738281250382,1.4013671875
19,0.0051863159765623834,1.505126953125
20,0.0054499773046874367,1.46881103515625
21,0.0056905275781249376,1.4996337890625
22,0.0060004110156248736,1.561279296875
23,0.0062435653515624523,1.70562744140625
24,0.0065508447265625325,1.5997314453125
25,0.0067913950000000334,1.673583984375
26,0.0071012784374999693,1.7352294921875
27,0.0073418287109374702,1.86126708984375
28,0.0076517121484374062,1.74530029296875
29,0.0078919369140624251,1.89544677734375
30,0.0082044244140624389,1.884765625
31,0.0084397665625000062,2.03826904296875
32,0.0087496499999999422,1.9207763671875
33,0.0089902002734376651,2.17010498046875
34,0.0093000837109373791,2.04833984375
35,0.009540633984375102,2.17041015625
36,0.0098531214843751158,2.11639404296875
37,0.010091067695312539,2.4298095703125
38,0.010400951132812253,2.2064208984375
39,0.010641501406249976,2.36541748046875
40,0.010951384843750134,2.33245849609375
41,0.011194213671875008,2.62969970703125
42,0.011501493046874867,2.37884521484375
43,0.01174204332031259,2.61138916015625
44,0.012051926757812303,2.52777099609375
45,0.012243976367187326,2.822265625
46,0.01255646386718734,2.5848388671875
47,0.012837702617187308,2.933349609375
48,0.013152794179687621,2.72918701171875
49,0.013341914218750084,2.979736328125
50,0.013651797656249798,2.8033447265625
51,0.013892347929687521,3.2647705078125
52,0.014204835429687535,2.93182373046875
53,0.014442781640624958,3.2049560546875
54,0.014752665078125116,3.0584716796875
55,0.014993215351562394,3.5565185546875
56,0.015305702851562408,3.157958984375
57,0.015543649062499831,3.4759521484375
58,0.015853532499999989,3.302001953125
59,0.016094082773437268,3.80035400390625
60,0.01640136214843757,3.399658203125
61,0.016641912421874849,3.81439208984375
62,0.016951795859375007,3.5626220703125
63,0.017194624687499882,4.01092529296875
64,0.017501904062500184,3.66058349609375
65,0.017742454335937463,4.2462158203125
66,0.018052337773437621,3.80279541015625
67,0.0182928880468749,4.2218017578125
68,0.018605375546874914,3.9581298828125
69,0.018845925820312637,4.64263916015625
70,0.019153205195312495,4.07012939453125
71,0.019393755468749774,4.50897216796875
72,0.019706242968749788,4.21661376953125
73,0.019941585117187355,4.959716796875
74,0.020254072617187369,4.351806640625
75,0.020494297382812388,4.92523193359375
76,0.020758284218750145,4.51873779296875
77,0.021042127031249969,5.21026611328125
78,0.021354614531249982,4.6246337890625
79,0.021544060078125149,5.443115234375
80,0.021856547578125163,4.8040771484375
81,0.022094493789062586,5.4425048828125
82,0.0224043772265623,4.93133544921875
83,0.022644601992187319,5.966796875
84,0.022954485429687477,5.07232666015625
85,0.023195035703124756,5.73272705078125
86,0.023504919140624914,5.25787353515625
87,0.023745469414062637,6.39739990234375
88,0.024052748789062495,5.36224365234375
89,0.024293299062499774,6.22894287109375
90,0.024605786562499787,5.587158203125
91,0.024843732773437655,6.6705322265625
92,0.025153616210937368,5.6976318359375
93,0.025394166484375091,6.8133544921875
94,0.025706653984375105,5.9002685546875
95,0.025944600195312528,6.82220458984375
96,0.026254483632812686,6.068115234375
97,0.026497312460937561,7.3565673828125
98,0.026804591835937419,6.263427734375
99,0.027045142109375142,6.99676513671875
100,0.027357629609375156,6.44866943359375
101,0.027595575820312579,7.97607421875
102,0.027905459257812293,6.62017822265625
103,0.028146009531250016,7.47344970703125
104,0.028455892968750174,6.81243896484375
105,0.028696443242187453,8.3416748046875
106,0.028960104570312506,6.88934326171875
107,0.029241668828125178,8.3251953125
108,0.029510538281249943,7.0672607421875
109,0.02974588042968751,8.465576171875
110,0.030055763867187668,7.25982666015625
111,0.030342210742187348,9.16778564453125
112,0.030606197578125105,7.49664306640625
113,0.030846747851562384,8.44024658203125
114,0.031156631289062542,7.74566650390625
115,0.031397181562499821,9.2645263671875
116,0.031707064999999979,7.96478271484375
117,0.031945011210937402,8.5650634765625
118,0.032254569140624856,8.2305908203125
119,0.032472659374999768,9.24591064453125
120,0.032805002851562293,8.428955078125
121,0.032922511171875168,8.85040283203125
122,0.03329131152343745,9.017333984375
123,0.033358040625000029,8.6871337890625
124,0.033580687968750134,9.2315673828125
125,0.033787385429687511,8.58367919921875
126,0.033905870273437611,8.907470703125
127,0.033913356953124918,9.21875
128,0.033956975000000167,8.277587890625
129,0.033959253554687319,9.21875
130,0.033959579062500023,8.59375
curve_id,39
index,Z indent (µm),Force indent (µN)
0,0,0.80841064453125
1,0.00050714117187511398,0.89752197265625
2,0.00074769144531261489,0.853271484375
3,0.0010572493750000689,0.9466552734375
4,0.001251903046874947,0.875244140625
5,0.00160507902343765,0.99700927734375
6,0.0018023367578126059,1.002197265625
7,0.0021503046093751532,1.08001708984375
8,0.0023527704687500428,0.99945068359375
9,0.0027085505078126015,1.08184814453125
10,0.0029006001171876239,1.131591796875
11,0.0032537760937501048,1.21124267578125
12,0.0034507083203125788,1.16119384765625
13,0.0038016057421874638,1.23260498046875
14,0.0040011420312500157,1.27105712890625
15,0.0043520394531251227,1.33392333984375
16,0.0045541798046875304,1.3330078125
17,0.0049024731640625596,1.36810302734375
18,0.0051020094531251114,1.3885498046875
19,0.0054503028125001407,1.44622802734375
20,0.0056524431640625483,1.5386962890625
21,0.0060004110156250956,1.539306640625
22,0.0062002728125001294,1.5496826171875
23,0.0065508447265625325,1.585693359375
24,0.0067529850781251621,1.72271728515625
25,0.0071012784374999693,1.69952392578125
26,0.0072982106640624433,1.72637939453125
27,0.007654316210937484,1.73004150390625
28,0.0078486443750001023,1.91131591796875
29,0.0082021458593750651,1.86187744140625
30,0.0083964740234374613,1.9464111328125
31,0.0087548581250000979,1.881103515625
32,0.0089032896875000933,2.0733642578125
33,0.009259395234375134,2.0172119140625
34,0.0094537233984375302,2.21466064453125
35,0.0098072248828127151,2.08953857421875
36,0.010001553046874889,2.2381591796875
37,0.010352450468749996,2.17254638671875
38,0.010554590820312626,2.4676513671875
39,0.010902884179687433,2.27081298828125
40,0.011102420468750207,2.42095947265625
41,0.011458200507812766,2.36114501953125
42,0.011652854179687644,2.703857421875
43,0.012003426093750047,2.4810791015625
44,0.012205566445312677,2.664794921875
45,0.012553859804687484,2.54608154296875
46,0.012753396093750258,2.864990234375
47,0.013101689453125065,2.6739501953125
48,0.013303829804687695,2.98828125
49,0.013654727226562358,2.760009765625
50,0.013856867578124987,3.05572509765625
51,0.014202556874999939,2.88238525390625
52,0.014402093164062713,3.2958984375
53,0.014755269140624971,2.98431396484375
54,0.01494992281249985,3.24859619140625
55,0.015303098789062552,3.1011962890625
56,0.015500356523437731,3.624267578125
57,0.015853532499999989,3.24554443359375
58,0.016050790234375167,3.51837158203125
59,0.0166008984374999,3.85589599609375
60,0.016903295195312751,3.3294677734375
61,0.017008108710937719,3.47625732421875
62,0.017105435546874936,3.89495849609375
63,0.017458611523437639,3.604736328125
64,0.017655869257812373,4.05609130859375
65,0.018009045234375076,3.73565673828125
66,0.01820597746093755,4.33349609375
67,0.018559478945312513,3.88458251953125
68,0.018756411171874987,4.2633056640625
69,0.019104704531250238,3.9874267578125
70,0.019304240820312568,4.7271728515625
71,0.019657742304687531,4.18121337890625
72,0.019857278593749861,4.56390380859375
73,0.020205571953125112,4.2657470703125
74,0.020405108242187442,5.0482177734375
75,0.020755680156249845,4.453125
76,0.020955541953124879,4.98382568359375
77,0.021303509804687426,4.573974609375
78,0.021505650156250056,5.28167724609375
79,0.021853943515624863,4.73785400390625
80,0.022056083867187493,5.50323486328125
81,0.0224069812890626,4.88037109375
82,0.022606517578124929,5.50537109375
83,0.022954810937500181,5.010986328125
84,0.023156951289062366,6.02447509765625
85,0.023505244648437618,5.21697998046875
86,0.023702176875000092,5.814208984375
87,0.02405535285156235,5.2996826171875
88,0.024252610585937528,6.44622802734375
89,0.024605786562500231,5.5267333984375
90,0.024803044296874965,6.29241943359375
91,0.025156220273437668,5.623779296875
92,0.025307255898437742,6.7279052734375
93,0.025706653984375105,5.84808349609375
94,0.025857689609375178,6.8218994140625
95,0.026213469648437737,5.96527099609375
96,0.02640551925781276,6.8487548828125
97,0.026763903359375174,6.15936279296875
98,0.026955952968750196,7.40386962890625
99,0.027311733007812755,6.36444091796875
100,0.027508665234375229,7.0648193359375
101,0.027856958593750036,6.49505615234375
102,0.028056494882812366,7.98004150390625
103,0.028409996367187773,6.74346923828125
104,0.028606928593750247,7.60772705078125
105,0.02895782601562491,6.81365966796875
106,0.02915996636718754,8.38836669921875
107,0.029505655664062491,6.97540283203125
108,0.029707796015625121,8.4326171875
109,0.030055763867187668,7.08892822265625
110,0.030258229726562558,8.56536865234375
111,0.030606197578125105,7.35198974609375
112,0.030808337929687735,9.21234130859375
113,0.031159235351562398,7.58056640625
114,0.03135388902343772,8.61968994140625
115,0.031707064999999979,7.803955078125
116,0.031903997226562453,9.26727294921875
117,0.032260102773437715,8.10272216796875
118,0.032451826875000034,8.7811279296875
119,0.032807932421874852,8.28857421875
120,0.032940739609375047,9.25048828125
121,0.033358040625000029,8.626708984375
122,0.033396776054687383,9.07684326171875
123,0.033772086562500192,9.075927734375
124,0.033908474335937466,8.76312255859375
125,0.034066671132812587,9.26666259765625
126,0.034280529765625012,8.74481201171875
127,0.034412685937500243,9.0753173828125
128,0.034413336953125206,8.90625
129,0.034462163125000167,8.466796875
130,0.034466394726562655,9.21875
131,0.034466720234374915,8.59375
curve_id,40
index,Z indent (µm),Force indent (µN)
0,0,0.8453369140625
1,0.00030500082031248432,0.82366943359375
2,0.00054522558593750325,0.89630126953125
3,0.00085543453124992119,0.8612060546875
4,0.0010855685546873328,0.97259521484375
5,0.0014058682421873581,0.97564697265625
6,0.0016360022656249917,0.98907470703125
7,0.001956301953125017,0.97625732421875
8,0.0021861104687499466,1.08917236328125
9,0.0024963194140623646,1.126708984375
10,0.0027365441796873835,1.13250732421875
11,0.0030467531249998014,1.1309814453125
12,0.0032869778906248204,1.2188720703125
13,0.0035971868359374604,1.25823974609375
14,0.0038348075390624015,1.26190185546875
15,0.0041450164843748194,1.3055419921875
16,0.0043852412499998383,1.33392333984375
17,0.0045955192968749614,1.3702392578125
18,0.0046954501953124783,1.51519775390625
19,0.0049356749609374972,1.42913818359375
20,0.0054861086718749341,1.47430419921875
21,0.0057959921093748701,1.53594970703125
22,0.006036216874999889,1.583251953125
23,0.0063412176953123733,1.6986083984375
24,0.0065866505859373259,1.63055419921875
25,0.0068916514062498102,1.6912841796875
26,0.007106486562499903,1.7218017578125
27,0.0074394810546873913,1.89544677734375
28,0.0076875180078124217,1.7779541015625
29,0.0079899147656248282,1.90338134765625
30,0.0082021458593748431,1.8621826171875
31,0.0085071466796873274,2.0635986328125
32,0.0087499755078124242,1.96258544921875
33,0.0090572548828125043,2.1771240234375
34,0.0093000837109373791,2.0062255859375
35,0.0096076885937499412,2.22564697265625
36,0.0098378226171873528,2.15545654296875
37,0.010145427499999693,2.42828369140625
38,0.010388256328125012,2.2003173828125
39,0.010698139765624726,2.40447998046875
40,0.010938690039062449,2.34039306640625
41,0.011248573476562607,2.6544189453125
42,0.011488798242187626,2.3968505859375
43,0.011796403124999744,2.6446533203125
44,0.012036627890624763,2.5048828125
45,0.01234944089843748,2.852783203125
46,0.012587061601562199,2.61871337890625
47,0.012899874609374917,2.9296875
48,0.01313749531250008,2.6983642578125
49,0.013457795000000106,3.05908203125
50,0.013687929023437517,2.83721923828125
51,0.014008228710937543,3.24920654296875
52,0.014238362734374954,2.90008544921875
53,0.014545967617187516,3.23394775390625
54,0.014788470937500131,3.0810546875
55,0.015093797265625097,3.55316162109375
56,0.015338904648437568,3.1219482421875
57,0.015639022851562379,3.48785400390625
58,0.015853532499999767,3.291015625
59,0.016194339179687267,3.817138671875
60,0.016403966210937204,3.38897705078125
61,0.016742168828124848,3.80767822265625
62,0.016987601718750023,3.5107421875
63,0.017259400742187347,4.05517578125
64,0.017499625507812366,3.677978515625
65,0.017809834453124784,4.20745849609375
66,0.018039642968749936,3.77166748046875
67,0.018349851914062354,4.27886962890625
68,0.018590076679687373,3.96209716796875
69,0.018900285624999791,4.63409423828125
70,0.01914051039062481,4.0277099609375
71,0.019450719335937228,4.534912109375
72,0.019690944101562247,4.232177734375
73,0.019998548984374809,4.9932861328125
74,0.020246260429687579,4.33502197265625
75,0.02054637863281239,4.90447998046875
76,0.020788881953125005,4.5062255859375
77,0.02110950714843729,5.2642822265625
78,0.021339315664062442,4.64813232421875
79,0.021659940859374727,5.41015625
80,0.021889749374999878,4.77935791015625
81,0.022210049062499904,5.4803466796875
82,0.022440183085937315,4.9761962890625
83,0.02276048277343734,5.9442138671875
84,0.022990616796874752,5.07171630859375
85,0.023300825742187614,5.767822265625
86,0.023541050507812189,5.27069091796875
87,0.023846051328124895,6.39129638671875
88,0.024055352851562573,5.40283203125
89,0.024393880976562476,6.185302734375
90,0.024641592421874803,5.57220458984375
91,0.024943989179687209,6.70166015625
92,0.025156220273437446,5.7330322265625
93,0.02549442289062509,6.73675537109375
94,0.025691355117187564,5.8782958984375
95,0.026001238554687278,6.8463134765625
96,0.026249275507812309,6.09405517578125
97,0.026551672265624715,7.2320556640625
98,0.026799709218749745,6.2030029296875
99,0.027102105976562596,7.015380859375
100,0.027342330742187615,6.4453125
101,0.027649935624999733,7.8857421875
102,0.027890160390624752,6.57073974609375
103,0.02820297339843747,7.4383544921875
104,0.028440594101562189,6.7791748046875
105,0.028750803046875051,8.3642578125
106,0.02899102781250007,6.86248779296875
107,0.029311327500000095,8.201904296875
108,0.029548948203124814,6.98089599609375
109,0.029861761210937532,8.59527587890625
110,0.030091569726562239,7.20184326171875
111,0.030412194921874969,9.09027099609375
112,0.03064200343750012,7.379150390625
113,0.030962303124999702,8.55987548828125
114,0.031200249335937569,7.66357421875
115,0.031500042031250119,9.244384765625
116,0.031750357539062302,7.87384033203125
117,0.032047871679687256,8.6187744140625
118,0.032293304570312431,8.1689453125
119,0.032567056640625092,9.24530029296875
120,0.032807606914062371,8.4075927734375
121,0.032938786562499933,8.82537841796875
122,0.03301300234374982,9.10125732421875
123,0.033358040624999807,8.63800048828125
124,0.033631792695312468,9.1925048828125
125,0.033838164648437585,8.73382568359375
126,0.033941676132812626,8.91876220703125
127,0.033964787187499956,9.21875
128,0.034008079726562501,8.34259033203125
129,0.034008405234374761,9.0740966796875
curve_id,41
index,Z indent (µm),Force indent (µN)
0,0,0.82977294921875
1,0.0005501082031249549,0.89935302734375
2,0.0007948900781249435,0.80963134765625
3,0.001097937851562536,0.92315673828125
4,0.0013453237890623804,0.927734375
5,0.0016483715624999729,1.0223388671875
6,0.0018957575000000393,0.95733642578125
7,0.0022014093359374876,1.044921875
8,0.0024487952734373319,1.03515625
9,0.0027492389843748466,1.1602783203125
10,0.002996624921874913,1.104736328125
11,0.0032996726953125055,1.17095947265625
12,0.0035470586328123499,1.18377685546875
13,0.0038038842968748376,1.28265380859375
14,0.0040971668359375268,1.24969482421875
15,0.0043543180078124966,1.3299560546875
16,0.0046449964843748859,1.309814453125
17,0.0049021476562498556,1.3916015625
18,0.005192826132812467,1.41387939453125
19,0.0054548599218748883,1.48284912109375
20,0.0057432598437499038,1.4886474609375
21,0.0060004110156248736,1.54266357421875
22,0.0062910894921874849,1.5826416015625
23,0.0065505192187498285,1.64764404296875
24,0.0068441272656249996,1.678466796875
25,0.0071035569921873432,1.67755126953125
26,0.007345734804687476,1.74560546875
27,0.0076513866406249242,1.7938232421875
28,0.0078961685156249128,1.8902587890625
29,0.0082018203515623611,1.84722900390625
30,0.0084492062890624275,1.92108154296875
31,0.0087496499999999422,1.94305419921875
32,0.0089970359375000086,2.0989990234375
33,0.0093000837109373791,2.00469970703125
34,0.0095471441406249635,2.1734619140625
35,0.0098527959765624118,2.115478515625
36,0.010100181914062478,2.27081298828125
37,0.010400625624999993,2.2186279296875
38,0.010648011562499837,2.4163818359375
39,0.010953663398437508,2.28271484375
40,0.011198445273437496,2.47802734375
41,0.011460479062499918,2.3992919921875
42,0.011748878984374933,2.65045166015625
43,0.012051926757812303,2.48565673828125
44,0.012296708632812514,2.681884765625
45,0.01255613835937508,2.579345703125
46,0.012847142343749951,2.88604736328125
47,0.013106572070312517,2.67333984375
48,0.013394971992187532,2.95623779296875
49,0.013651797656249798,2.789306640625
50,0.013945080195312265,3.0853271484375
51,0.014202231367187235,2.8936767578125
52,0.014495513906250146,3.2537841796875
53,0.014752665078125116,2.99652099609375
54,0.014999725507812478,3.27606201171875
55,0.015302773281249848,3.1182861328125
56,0.015547555156250059,3.55804443359375
57,0.015853206992187285,3.21533203125
58,0.016097988867187496,3.5308837890625
59,0.016403640703124722,3.35296630859375
60,0.016648422578124933,3.80340576171875
61,0.016954074414062603,3.42987060546875
62,0.01719885628906237,3.8751220703125
63,0.01750190406249974,3.5821533203125
64,0.017751894062500106,4.0594482421875
65,0.018054941835937477,3.72100830078125
66,0.018299723710937243,4.24835205078125
67,0.018602771484375058,3.8232421875
68,0.01884983191406242,4.29901123046875
69,0.019152879687499791,3.980712890625
70,0.019400265624999857,4.632568359375
71,0.019657416796874827,4.10308837890625
72,0.019950699335937294,4.59014892578125
73,0.020253747109375109,4.2694091796875
74,0.020501133046874731,4.97833251953125
75,0.021048962695312312,4.9774169921875
76,0.021303184296874722,4.3780517578125
77,0.021403115195312239,4.5538330078125
78,0.021599396406249749,5.2587890625
79,0.021858826132812315,4.681396484375
80,0.02214722605468733,5.46600341796875
81,0.02240405171875004,4.8443603515625
82,0.022697334257812507,5.4925537109375
83,0.022957089492187333,4.99603271484375
84,0.023199267304687243,5.97076416015625
85,0.023504919140624914,5.133056640625
86,0.02375230507812498,5.792236328125
87,0.02405535285156235,5.33935546875
88,0.024297530664062261,6.40106201171875
89,0.024603182499999932,5.43792724609375
90,0.024850242929687294,6.239013671875
91,0.025153290703125109,5.65460205078125
92,0.025403280703125031,6.68609619140625
93,0.025703724414062545,5.758056640625
94,0.025951110351562612,6.78131103515625
95,0.026254158124999982,5.97259521484375
96,0.026501544062500049,6.82586669921875
97,0.026804591835937419,6.10687255859375
98,0.027054581835937341,7.25677490234375
99,0.027357629609374712,6.2933349609375
100,0.027602411484374922,6.99981689453125
101,0.027905459257812293,6.4813232421875
102,0.028152519687500099,7.87200927734375
103,0.028409670859375069,6.59881591796875
104,0.028702953398437536,7.44537353515625
105,0.028962708632812362,6.8194580078125
106,0.029250783046875117,8.31939697265625
107,0.029505330156249787,6.85760498046875
108,0.029801216757812554,8.21807861328125
109,0.030055763867187224,7.017822265625
110,0.030349046406250135,8.59375
111,0.030605872070312401,7.1685791015625
112,0.030853258007812467,9.08843994140625
113,0.031156305781249838,7.39990234375
114,0.031401087656250048,8.585205078125
115,0.031706739492187275,7.65167236328125
116,0.031951521367187485,9.24346923828125
117,0.032257173203124712,7.8643798828125
118,0.032501955078124922,8.66729736328125
119,0.032807606914062593,8.1805419921875
120,0.033031556289062625,9.2437744140625
121,0.033358040625000029,8.3544921875
122,0.033478153007812317,8.86138916015625
123,0.033846627851562339,9.09881591796875
124,0.033905870273437611,8.71063232421875
125,0.034135353281250058,9.21478271484375
126,0.034340748710937508,8.7396240234375
127,0.034458582539062643,8.8525390625
128,0.034466394726562655,9.21875
129,0.034509687265624756,8.40057373046875
130,0.034511965820312351,9.21875
131,0.034512291328125055,8.59375
curve_id,42
index,Z indent (µm),Force indent (µN)
0,0,0.809326171875
1,0.00055043371093743687,0.8673095703125
2,0.00083297449218755482,0.83251953125
3,0.0011008674218748737,0.96038818359375
4,0.0013860122656248475,0.84564208984375
5,0.0016076830859375058,0.96343994140625
6,0.0018954319921875573,0.9539794921875
7,0.0022014093359374876,1.06109619140625
8,0.0024458657031249942,0.99578857421875
9,0.0027033423828124459,1.09588623046875
10,0.0029962994140624311,1.0662841796875
11,0.003251172031250027,1.19293212890625
12,0.0035467331249998679,1.1663818359375
13,0.0038038842968748376,1.22711181640625
14,0.004094562773437449,1.20330810546875
15,0.0043491098828123409,1.3116455078125
16,0.0046446709765624039,1.3311767578125
17,0.0048995435937499998,1.3861083984375
18,0.0051902220703123891,1.34490966796875
19,0.0054525813671875145,1.4190673828125
20,0.0057455383984374997,1.4935302734375
21,0.0060004110156248736,1.53656005859375
22,0.0062959721093749366,1.5380859375
23,0.0065508447265625325,1.58721923828125
24,0.0068464058203123734,1.6204833984375
25,0.0071012784374999693,1.69158935546875
26,0.0073968395312500324,1.75933837890625
27,0.0076513866406249242,1.73736572265625
28,0.0079420651171875356,1.7803955078125
29,0.0082018203515623611,1.827392578125
30,0.0084924988281249725,1.96990966796875
31,0.00875225406250002,1.90277099609375
32,0.0090377244140624757,1.964111328125
33,0.0093000837109373791,1.9732666015625
34,0.0095878326171874306,2.18170166015625
35,0.0098121074999999447,2.0819091796875
36,0.010097252343749918,2.21832275390625
37,0.010357333085937448,2.15728759765625
38,0.010647686054687355,2.35382080078125
39,0.010910370859374963,2.27569580078125
40,0.011195515703124936,2.484130859375
41,0.011455596445312466,2.32666015625
42,0.011748553476562451,2.5341796875
43,0.012006030156249903,2.43988037109375
44,0.012296383125000032,2.75848388671875
45,0.012553859804687262,2.53814697265625
46,0.012846816835937469,2.73773193359375
47,0.013101689453124843,2.62847900390625
48,0.013397250546874906,3.00201416015625
49,0.013654401718749876,2.742919921875
50,0.013947358750000083,3.00689697265625
51,0.014202231367187457,2.83905029296875
52,0.01449779246093752,3.18817138671875
53,0.014752665078124894,2.97760009765625
54,0.015048226171874957,3.3050537109375
55,0.01530309878906233,3.04412841796875
56,0.015593451757812238,3.3880615234375
57,0.015853532499999767,3.19793701171875
58,0.01614909359374983,3.6328125
59,0.016403966210937648,3.277587890625
60,0.0166891110546874,3.60931396484375
61,0.016954074414062381,3.40423583984375
62,0.017239544765624837,3.93280029296875
63,0.017501904062499962,3.52386474609375
64,0.017789978476562274,3.91265869140625
65,0.018013927851562306,3.6651611328125
66,0.018299398203124762,4.202880859375
67,0.018602771484374836,3.80889892578125
68,0.018849831914062642,4.27703857421875
69,0.019112191210937324,3.89739990234375
70,0.019397661562499779,4.4403076171875
71,0.019654812734374749,4.0814208984375
72,0.019950373828124812,4.7027587890625
73,0.02020524644531263,4.17694091796875
74,0.020498203476562393,4.69207763671875
75,0.020753076093749767,4.36553955078125
76,0.02104863718749983,5.10589599609375
77,0.021303509804687648,4.45709228515625
78,0.021599070898437267,5.040283203125
79,0.021853943515625085,4.656982421875
80,0.022149504609375148,5.4449462890625
81,0.022404377226562522,4.80377197265625
82,0.022699938320312585,5.4876708984375
83,0.022954485429687255,4.9261474609375
84,0.023250046523437318,5.70404052734375
85,0.023504919140625136,5.12115478515625
86,0.023795272109375043,6.02294921875
87,0.024055352851562573,5.25177001953125
88,0.024350913945312636,5.9625244140625
89,0.024605786562500009,5.4449462890625
90,0.024896139531249917,6.50726318359375
91,0.025156220273437446,5.55908203125
92,0.025438761054687342,6.3470458984375
93,0.025704049921875027,5.7623291015625
94,0.02595078484375013,6.8060302734375
95,0.02625415812499976,5.90423583984375
96,0.026501218554687567,6.81121826171875
97,0.026766181914062548,6.06903076171875
98,0.027051652265625004,6.92962646484375
99,0.027355025546875078,6.2664794921875
100,0.02760208597656244,7.30194091796875
101,0.027864445273437566,6.4031982421875
102,0.028149915625000022,7.139892578125
103,0.028407066796874991,6.60797119140625
104,0.028700023828124754,7.99102783203125
105,0.028957500507812428,6.70989990234375
106,0.029250457539062635,7.57232666015625
107,0.029505330156250009,6.8499755859375
108,0.029800891250000072,8.5101318359375
109,0.030058367929687302,6.9281005859375
110,0.030351324960937509,8.2867431640625
111,0.030606197578124883,7.110595703125
112,0.030901758671874946,8.78082275390625
113,0.031161513906249771,7.3089599609375
114,0.031452192382812383,9.16656494140625
115,0.031706739492187497,7.5140380859375
116,0.031997417968750108,8.697509765625
117,0.032257173203124934,7.799072265625
118,0.032807606914062371,7.9742431640625
119,0.033097959882812278,8.77197265625
120,0.033355436562499952,8.294677734375
121,0.033613564257812589,9.21875
122,0.033908474335937244,8.49273681640625
123,0.034059509960937318,8.97735595703125
124,0.034396410546875034,9.20501708984375
125,0.034456303984374825,8.795166015625
126,0.034685786992187273,9.244384765625
127,0.03489215894531239,8.90777587890625
128,0.035006737695312262,9.05181884765625
129,0.035019432500000169,8.90625
130,0.03506272503906227,8.47900390625
131,0.03506532910156257,8.59375
curve_id,43
index,Z indent (µm),Force indent (µN)
0,0,0.85418701171875
1,0.00055043371093743687,0.93597412109375
2,0.00082939390625003107,0.811767578125
3,0.0011008674218748737,0.9429931640625
4,0.0013798276171874679,0.94757080078125
5,0.0016486970703124548,1.03302001953125
6,0.0019302613281249048,0.9429931640625
7,0.0021988052734374097,1.06536865234375
8,0.0024806950390625637,1.0614013671875
9,0.0027492389843748466,1.168212890625
10,0.0030207124999999113,1.085205078125
11,0.0032612627734374122,1.19140625
12,0.0035711462109373482,1.19720458984375
13,0.0038501064062499424,1.27716064453125
14,0.0041215799218750071,1.278076171875
15,0.0043569220703123523,1.34613037109375
16,0.0046309996484374949,1.30706787109375
17,0.0048995435937499998,1.395263671875
18,0.0051814333593749318,1.46453857421875
19,0.0054525813671875145,1.5008544921875
20,0.0057292630078125129,1.484375
21,0.0060004110156248736,1.5435791015625
22,0.0062796967187499497,1.61224365234375
23,0.0065508447265625325,1.64520263671875
24,0.0068298049218749046,1.6668701171875
25,0.0071012784374999693,1.70074462890625
26,0.0073802386328125635,1.79351806640625
27,0.0076513866406249242,1.7828369140625
28,0.0079306723437500004,1.87225341796875
29,0.0082018203515623611,1.878662109375
30,0.0084811060546874373,1.9586181640625
31,0.00875225406250002,1.92291259765625
32,0.0090315397656248741,2.1051025390625
33,0.0093000837109373791,2.05108642578125
34,0.0095819734765625331,2.17376708984375
35,0.009850517421875038,2.11181640625
36,0.010132081679687488,2.3101806640625
37,0.010400951132812475,2.23419189453125
38,0.010679911328124847,2.4029541015625
39,0.010951384843749912,2.288818359375
40,0.011227740976562428,2.52227783203125
41,0.011501493046874867,2.401123046875
42,0.011770688007812558,2.667236328125
43,0.012010912773437354,2.50335693359375
44,0.012326004335937668,2.70355224609375
45,0.01260236046874974,2.56439208984375
46,0.012832819999999856,2.9327392578125
47,0.013106572070312517,2.7178955078125
48,0.013380649648437437,2.95013427734375
49,0.013654401718750098,2.7587890625
50,0.013931083359374874,3.1463623046875
51,0.014204835429687535,2.93548583984375
52,0.014481517070312311,3.24676513671875
53,0.014752665078125116,2.98614501953125
54,0.015031950781249748,3.3355712890625
55,0.015303098789062552,3.14544677734375
56,0.015582384492187629,3.568115234375
57,0.015853532499999989,3.23974609375
58,0.016132492695312362,3.57086181640625
59,0.016403966210937426,3.3502197265625
60,0.016682926406249798,3.85406494140625
61,0.016954074414062603,3.475341796875
62,0.017233360117187235,3.8433837890625
63,0.01750190406249974,3.57269287109375
64,0.017783793828125116,4.13055419921875
65,0.018052337773437621,3.7823486328125
66,0.018334227539062553,4.19708251953125
67,0.018602771484375058,3.8104248046875
68,0.018882057187500134,4.3768310546875
69,0.019429886835937271,4.6221923828125
70,0.019652208671875115,4.0252685546875
71,0.019757347695312344,4.134521484375
72,0.019979995039062448,4.60968017578125
73,0.020253747109375109,4.273681640625
74,0.020527824687500029,5.0408935546875
75,0.020763166835937596,4.43206787109375
76,0.02107305027343731,4.9285888671875
77,0.021313600546875033,4.55780029296875
78,0.021623483984374747,5.3668212890625
79,0.021853943515624863,4.73480224609375
80,0.022132903710937679,5.39581298828125
81,0.022409259843749751,4.86846923828125
82,0.022683337421875116,5.60760498046875
83,0.022954485429687477,5.0543212890625
84,0.023233771132812553,5.93109130859375
85,0.023504919140624914,5.15380859375
86,0.02378420484374999,5.872802734375
87,0.02405535285156235,5.3814697265625
88,0.024334638554687427,6.4056396484375
89,0.024605786562499787,5.50750732421875
90,0.024884746757812604,6.259765625
91,0.025156220273437668,5.6573486328125
92,0.02543518046875004,6.751708984375
93,0.025704049921874805,5.8831787109375
94,0.025985614179687477,6.7340087890625
95,0.026254158124999982,5.98846435546875
96,0.026536047890624914,6.8829345703125
97,0.026804591835937419,6.182861328125
98,0.027083877539062495,7.19268798828125
99,0.027355025546874856,6.353759765625
100,0.027634311249999932,7.034912109375
101,0.027905459257812293,6.49627685546875
102,0.028184744960937369,7.87506103515625
103,0.028455892968750174,6.6796875
104,0.028729970546875094,7.43255615234375
105,0.029006326679687611,6.800537109375
106,0.029275196132812376,8.34869384765625
107,0.029515746406250098,6.90155029296875
108,0.029825629843749812,8.16436767578125
109,0.03010686859374978,6.99249267578125
110,0.030375738046874989,8.62762451171875
111,0.030611405703124817,7.23419189453125
112,0.030885157773437477,9.07196044921875
113,0.031156631289062542,7.3846435546875
114,0.031435591484374914,8.53607177734375
115,0.031706739492187275,7.65380859375
116,0.031986025195312351,9.24652099609375
117,0.032257173203125156,7.9095458984375
118,0.032536458906249788,8.61724853515625
119,0.032807606914062593,8.08502197265625
120,0.033060200976562371,9.24896240234375
121,0.033358040625000029,8.42864990234375
122,0.03342997785156232,8.84246826171875
123,0.033504519140624911,9.09088134765625
124,0.033905870273437611,8.5980224609375
125,0.034150977656250081,9.21722412109375
126,0.034352466992187303,8.695068359375
127,0.034456303984375047,8.922119140625
128,0.034474206914062666,9.21875
129,0.034515220898437615,8.57208251953125
curve_id,44
index,Z indent (µm),Force indent (µN)
0,0,0.8648681640625
1,0.0002070229687500813,0.869140625
2,0.0005195104687500951,0.9100341796875
3,0.00075745667968751818,0.9014892578125
4,0.0010673401171874541,0.93170166015625
5,0.0013052863281250993,0.943603515625
6,0.0016125657031249574,1.01715087890625
7,0.0018225182421875985,1.01959228515625
8,0.0021629994140623943,1.02325439453125
9,0.0023729519531250354,1.053466796875
10,0.0027007383203125901,1.131591796875
11,0.0029230601562499903,1.11846923828125
12,0.003250846523437545,1.13250732421875
13,0.0034708898046875714,1.16851806640625
14,0.0038012802343749819,1.2274169921875
15,0.0040213235156250082,1.243896484375
16,0.0043491098828125629,1.26739501953125
17,0.0045717572265624451,1.28997802734375
18,0.0048995435937499998,1.3153076171875
19,0.005122190937500104,1.36688232421875
20,0.0054499773046874367,1.3983154296875
21,0.0056726246484375409,1.41632080078125
22,0.0060004110156250956,1.417236328125
23,0.0062227328515624958,1.5032958984375
24,0.0065505192187500505,1.55609130859375
25,0.0067731665624999327,1.5753173828125
26,0.0071009529296874874,1.54052734375
27,0.0073236002734375916,1.63055419921875
28,0.0076513866406249242,1.65863037109375
29,0.0078740339843750284,1.7059326171875
30,0.0082018203515625832,1.69708251953125
31,0.0084091688281249244,1.79718017578125
32,0.00875225406250002,1.76025390625
33,0.0089618810937499571,1.846923828125
34,0.0092717645312498931,1.83380126953125
35,0.0095071066796874604,1.939697265625
36,0.0098195941796874742,1.871337890625
37,0.010054936328125041,2.0587158203125
38,0.010370027890624911,1.99554443359375
39,0.010605370039062478,2.09747314453125
40,0.010912649414062559,1.99737548828125
41,0.011155803749999915,2.2357177734375
42,0.011452992382812388,2.15545654296875
43,0.011673035664062414,2.30072021484375
44,0.012003100585937565,2.18963623046875
45,0.012223143867187591,2.4005126953125
46,0.012550930234374924,2.28240966796875
47,0.012773577578125028,2.49267578125
48,0.013101363945312583,2.38037109375
49,0.013324011289062465,2.59033203125
50,0.01365179765625002,2.435302734375
51,0.013874444999999902,2.706298828125
52,0.014202231367187457,2.57568359375
53,0.014424878710937561,2.7825927734375
54,0.014752665078124894,2.620849609375
55,0.014975312421874998,2.96173095703125
56,0.015303098789062552,2.7508544921875
57,0.015525420624999953,2.958984375
58,0.015853206992187507,2.83660888671875
59,0.01607585433593739,3.20220947265625
60,0.016403640703124944,2.9449462890625
61,0.016626288046875048,3.2196044921875
62,0.016954074414062603,3.04473876953125
63,0.017161422890624944,3.36700439453125
64,0.017501904062499962,3.1439208984375
65,0.017714135156249977,3.54888916015625
66,0.018052337773437399,3.297119140625
67,0.018257082187499885,3.57635498046875
68,0.018569244179687416,3.328857421875
69,0.018807190390625061,3.83087158203125
70,0.019119677890625075,3.54461669921875
71,0.019324422304687561,3.83087158203125
72,0.019664903476562579,3.59161376953125
73,0.019908057812499935,4.140625
74,0.020205246445312408,3.75274658203125
75,0.020425289726562434,4.13360595703125
76,0.02076837496093753,3.8671875
77,0.020975723437500093,4.4061279296875
78,0.021303509804687426,3.97308349609375
79,0.021525831640625048,4.5184326171875
80,0.021853618007812603,4.13787841796875
81,0.022076265351562485,4.622802734375
82,0.022406655781249896,4.2376708984375
83,0.022626699062499922,4.95574951171875
84,0.022954485429687477,4.42718505859375
85,0.023177132773437581,4.87060546875
86,0.023504919140624914,4.49951171875
87,0.023727566484375018,5.34393310546875
88,0.024055352851562573,4.70367431640625
89,0.024278000195312455,5.23468017578125
90,0.024605786562500009,4.80804443359375
91,0.024825504335937554,5.60791015625
92,0.025155894765624964,4.9334716796875
93,0.025375938046874991,5.71624755859375
94,0.025706328476562401,5.1495361328125
95,0.025926371757812428,5.85693359375
96,0.026254158124999982,5.21575927734375
97,0.026476805468750086,6.2127685546875
98,0.026804591835937419,5.43426513671875
99,0.027011940312499982,6.10687255859375
100,0.027321823749999918,5.557861328125
101,0.027559769960937341,6.66259765625
102,0.027871931953125095,5.73150634765625
103,0.028107599609374923,6.46575927734375
104,0.028417483046875081,5.87371826171875
105,0.028657707812500099,6.86767578125
106,0.02895750050781265,6.03668212890625
107,0.029177543789062454,6.86614990234375
108,0.029518024960937694,6.22772216796875
109,0.029727977499999891,6.97174072265625
110,0.030055763867187668,6.3702392578125
111,0.030278085703125068,7.42950439453125
112,0.030606197578125105,6.57562255859375
113,0.030828519414062505,7.13836669921875
114,0.031156305781249838,6.6748046875
115,0.031378953124999942,8.03070068359375
116,0.031706739492187275,6.82861328125
117,0.031929386835937379,7.5531005859375
118,0.032257173203125156,6.91131591796875
119,0.032479820546874816,8.42315673828125
120,0.032807606914062593,7.027587890625
121,0.033027650195312397,8.2232666015625
122,0.033358040625000029,7.26837158203125
123,0.033578083906249834,8.6785888671875
124,0.033905870273437611,7.38433837890625
125,0.034128192109375011,9.0771484375
126,0.034455978476562343,7.67242431640625
127,0.034678625820312448,8.6505126953125
128,0.03500641218749978,7.84271240234375
129,0.035216364726562421,9.26177978515625
130,0.035556845898437661,8.09600830078125
131,0.035766798437499858,8.64288330078125
132,0.036107279609375098,8.28125
133,0.036293795585937705,9.2626953125
134,0.036657713320312535,8.55438232421875
135,0.036674639726562486,8.88641357421875
136,0.036751785078124932,9.14093017578125
137,0.03717722378906263,8.7646484375
138,0.03737968964843752,9.224853515625
139,0.037591595234375053,8.80767822265625
140,0.037719845312500055,8.96697998046875
141,0.037722774882812615,9.21875
142,0.037773228593750208,8.431396484375
143,0.037773879609375172,8.6737060546875
curve_id,45
index,Z indent (µm),Force indent (µN)
0,0,0.8343505859375
1,0.00024347984375006071,0.8648681640625
2,0.00054782964843758108,0.87066650390625
3,0.00079130949218764179,0.8355712890625
4,0.001098263359375018,0.9051513671875
5,0.0013417432031250787,0.95947265625
6,0.0016509756250000507,0.96771240234375
7,0.0018843647265625041,0.9442138671875
8,0.0021988052734376318,1.00067138671875
9,0.002434798437500163,1.02386474609375
10,0.0027492389843750686,1.080322265625
11,0.0029849066406251179,1.103515625
12,0.0032996726953125055,1.10748291015625
13,0.0034943263671876057,1.10443115234375
14,0.0038475023437500866,1.17645263671875
15,0.0040447600781250426,1.2298583984375
16,0.0043979360546875235,1.23199462890625
17,0.0045925897265626237,1.23138427734375
18,0.0049483697656251824,1.28631591796875
19,0.0051430234375000605,1.34735107421875
20,0.0054988034765626193,1.34552001953125
21,0.0056934571484374974,1.341552734375
22,0.0060489116796875741,1.4013671875
23,0.0062438908593751563,1.46697998046875
24,0.0066019494531250889,1.48773193359375
25,0.0067943245703125932,1.514892578125
26,0.0071497791015626699,1.52374267578125
27,0.0073421542187501743,1.56158447265625
28,0.0076565947656250799,1.5936279296875
29,0.007894866484375207,1.69342041015625
30,0.0082506465234375437,1.66046142578125
31,0.0084453001953126439,1.69647216796875
32,0.0087574621875001757,1.7120361328125
33,0.0089957339062500807,1.83624267578125
34,0.0093026877734376789,1.77520751953125
35,0.0095461676171875176,1.8505859375
36,0.009850517421875038,1.84417724609375
37,0.010091393203125021,1.98822021484375
38,0.010403555195312553,1.9207763671875
39,0.010644430976562536,2.06939697265625
40,0.010951384843750134,1.97509765625
41,0.011194539179687713,2.1148681640625
42,0.011501493046875089,2.071533203125
43,0.01173748621093762,2.29217529296875
44,0.01204932269531267,2.13775634765625
45,0.012285315859375201,2.2821044921875
46,0.012599756406250107,2.23175048828125
47,0.012794735585937689,2.4884033203125
48,0.013150190117187543,2.2955322265625
49,0.013344843789062644,2.467041015625
50,0.013700623828125202,2.3822021484375
51,0.013895277500000081,2.65899658203125
52,0.014251057539062639,2.48443603515625
53,0.014445711210937517,2.71728515625
54,0.014801491250000076,2.5567626953125
55,0.014996144921875176,2.81280517578125
56,0.015351599453125031,2.66510009765625
57,0.015546578632812613,3.00323486328125
58,0.01590203316406269,2.75299072265625
59,0.01609701234375005,2.96722412109375
60,0.016452466875000127,2.86834716796875
61,0.016647120546875005,3.26507568359375
62,0.017002900585937564,2.95623779296875
63,0.017197554257812664,3.21014404296875
64,0.017550730234375145,3.0767822265625
65,0.017747987968750101,3.4466552734375
66,0.018057545898437555,3.18328857421875
67,0.018295817617187682,3.5198974609375
68,0.018605375546875136,3.28704833984375
69,0.018846251328125119,3.62548828125
70,0.019153205195312717,3.39508056640625
71,0.019396685039062556,3.8580322265625
72,0.019703638906250154,3.5272216796875
73,0.019944514687500137,3.85498046875
74,0.020251468554687513,3.64044189453125
75,0.02048974027343764,4.18121337890625
76,0.02080157675781269,3.76739501953125
77,0.021040173984375077,4.112548828125
78,0.021352010468750127,3.8812255859375
79,0.021588003632812658,4.4793701171875
80,0.021902444179687564,4.02923583984375
81,0.022097423359375146,4.5098876953125
82,0.022452877890625,4.13604736328125
83,0.022647531562500101,4.652099609375
84,0.023003311601562659,4.27947998046875
85,0.023197965273437537,4.9713134765625
86,0.023553745312500096,4.4158935546875
87,0.023748398984375196,4.91546630859375
88,0.024103853515625051,4.5587158203125
89,0.024298832695312633,5.36376953125
90,0.02465428722656271,4.6905517578125
91,0.02484926640625007,5.242919921875
92,0.025204720937500147,4.8480224609375
93,0.025399374609375025,5.68359375
94,0.025752550585937506,4.97528076171875
95,0.025949808320312684,5.6890869140625
96,0.026302984296875165,5.13763427734375
97,0.026497637968750043,5.914306640625
98,0.026812404023437653,5.27374267578125
99,0.027048071679687702,6.221923828125
100,0.027355025546875078,5.428466796875
101,0.027598505390625139,6.13494873046875
102,0.027905459257812515,5.59051513671875
103,0.028146335039062498,6.69281005859375
104,0.028458497031250252,5.7366943359375
105,0.028696768749999935,6.468505859375
106,0.029003722617187533,5.92071533203125
107,0.02924199433593766,6.90185546875
108,0.02955415632812497,6.05621337890625
109,0.029789823984375241,6.8524169921875
110,0.030104264531250147,6.263427734375
111,0.030299243710937729,7.034912109375
112,0.030657302304687439,6.3824462890625
113,0.030849677421875166,7.41851806640625
114,0.03120513195312502,6.58294677734375
115,0.031399785624999899,7.1893310546875
116,0.031755565664062457,6.72119140625
117,0.03195021933593778,8.06976318359375
118,0.032305999374999894,6.82861328125
119,0.032500653046875216,7.53143310546875
120,0.032856433085937775,6.93145751953125
121,0.033051086757812653,8.50372314453125
122,0.033406541289062508,7.05596923828125
123,0.03360152046875009,8.23944091796875
124,0.033954370937500089,7.26593017578125
125,0.034151954179687527,8.67279052734375
126,0.034504804648437526,7.42401123046875
127,0.034699783828125108,9.1119384765625
128,0.035055238359374963,7.68585205078125
129,0.035249892031250285,8.6480712890625
130,0.0356056720703124,7.86865234375
131,0.035800325742187722,9.26605224609375
132,0.036115091796874887,8.11370849609375
133,0.036350759453125159,8.6639404296875
134,0.036668129570312624,8.3209228515625
135,0.036878733125000229,9.266357421875
136,0.037208147031250194,8.56475830078125
137,0.037326306367187589,8.87176513671875
138,0.037697059765625207,9.18792724609375
139,0.037755976679687775,8.79547119140625
140,0.037961697617187484,9.232177734375
141,0.038176532773437577,8.79852294921875
142,0.038306410390625212,9.0057373046875
143,0.0383106419921877,8.90625
144,0.03836239773437522,8.42071533203125
145,0.038365001796875076,9.21875
146,0.03836532730468778,8.59375
curve_id,46
index,Z indent (µm),Force indent (µN)
0,0,0.80291748046875
1,0.00055043371093743687,0.80718994140625
2,0.00078740339843741403,0.8331298828125
3,0.0011008674218750958,0.87005615234375
4,0.0013378371093750729,0.84228515625
5,0.0016486970703124548,0.9051513671875
6,0.0018882708203125098,0.94482421875
7,0.0021991307812501137,0.936279296875
8,0.0024387045312499467,0.93780517578125
9,0.0027495644921875506,1.02569580078125
10,0.0029888127343749016,1.02508544921875
11,0.0032996726953125055,1.02081298828125
12,0.0035366423828124827,1.06170654296875
13,0.0038501064062499424,1.13372802734375
14,0.0040870760937499195,1.1370849609375
15,0.0044005401171876013,1.15142822265625
16,0.0046375098046875785,1.2103271484375
17,0.0049509738281250382,1.23504638671875
18,0.0051879435156250153,1.22406005859375
19,0.005501407539062475,1.2652587890625
20,0.0057383772265624522,1.33392333984375
21,0.006008223203125107,1.31561279296875
22,0.0062836028124999554,1.35955810546875
23,0.0065612609765626217,1.42181396484375
24,0.006838919140625066,1.4410400390625
25,0.0071038825000000472,1.42242431640625
26,0.0073792621093751176,1.49627685546875
27,0.0076517121484374062,1.54388427734375
28,0.0079270917578124767,1.590576171875
29,0.0082021458593750651,1.571044921875
30,0.0084798040234375094,1.6571044921875
31,0.00875225406250002,1.65283203125
32,0.0089892237499999972,1.69769287109375
33,0.0093026877734374569,1.6998291015625
34,0.0095396574609374341,1.8359375
35,0.009850517421875038,1.76513671875
36,0.010090091171875093,1.84844970703125
37,0.010400951132812475,1.84417724609375
38,0.01064052488281253,1.97265625
39,0.010951384843749912,1.8817138671875
40,0.011190958593749967,2.04986572265625
41,0.011501818554687571,1.98699951171875
42,0.011738788242187548,2.13836669921875
43,0.012052252265625008,2.02545166015625
44,0.012288896445312503,2.25799560546875
45,0.012602360468749962,2.15576171875
46,0.01283933015624994,2.2900390625
47,0.013152794179687621,2.18475341796875
48,0.013389763867187598,2.442626953125
49,0.013703227890625058,2.28118896484375
50,0.013940197578125035,2.49267578125
51,0.014253661601562495,2.37762451171875
52,0.014490631289062472,2.63275146484375
53,0.014804095312499932,2.43988037109375
54,0.015035856874999975,2.705078125
55,0.01531351503906242,2.55340576171875
56,0.015586290585937412,2.821044921875
57,0.015858740624999923,2.6348876953125
58,0.016136724296875071,2.95745849609375
59,0.016403966210937426,2.74566650390625
60,0.016681949882812575,2.97515869140625
61,0.016954399921875085,2.8118896484375
62,0.017232058085937529,3.21441650390625
63,0.017504833632812522,2.9510498046875
64,0.017741477812500017,3.23150634765625
65,0.018052663281250103,3.0413818359375
66,0.018291911523437454,3.4100341796875
67,0.018602771484375058,3.13751220703125
68,0.018842345234375113,3.50616455078125
69,0.019153205195312495,3.28460693359375
70,0.01939277894531255,3.6260986328125
71,0.019703638906249932,3.3489990234375
72,0.019940608593749909,3.8067626953125
73,0.020254072617187591,3.504638671875
74,0.020491042304687568,3.85284423828125
75,0.020804506328125028,3.6114501953125
76,0.021041476015625005,4.11956787109375
77,0.021354614531249982,3.72161865234375
78,0.02159158421874996,4.1339111328125
79,0.021905048242187419,3.85101318359375
80,0.022142017929687619,4.41650390625
81,0.022455481953125078,3.98834228515625
82,0.022692451640625055,4.47357177734375
83,0.022964901679687566,4.10308837890625
84,0.023242885351562492,4.666748046875
85,0.023556349374999952,4.24346923828125
86,0.023788110937499996,4.90966796875
87,0.02406576910156244,4.405517578125
88,0.024343752773437588,4.893798828125
89,0.024613598750000021,4.49310302734375
90,0.024891582421874947,5.31890869140625
91,0.025156220273437446,4.666748046875
92,0.025431599882812517,5.25054931640625
93,0.025706653984375105,4.82086181640625
94,0.025943623671875082,5.60821533203125
95,0.026257087695312542,4.90875244140625
96,0.026494057382812519,5.69366455078125
97,0.026807195898437497,5.10894775390625
98,0.027044165585937474,5.86700439453125
99,0.027355025546875078,5.23468017578125
100,0.027594599296874911,6.1712646484375
101,0.027905459257812515,5.3936767578125
102,0.02814503300781257,6.14837646484375
103,0.028455892968749952,5.5670166015625
104,0.028692862656250151,6.630859375
105,0.029006326679687389,5.69183349609375
106,0.029243296367187588,6.46331787109375
107,0.029556760390624826,5.87921142578125
108,0.029793730078125025,6.8670654296875
109,0.030107194101562706,6.02203369140625
110,0.030344163789062462,6.84478759765625
111,0.030657302304687439,6.1981201171875
112,0.030894271992187639,6.998291015625
113,0.031207736015624876,6.34185791015625
114,0.031444705703125075,7.39776611328125
115,0.031758169726562313,6.5533447265625
116,0.031995139414062512,7.142333984375
117,0.032305999374999894,6.65313720703125
118,0.032540364999999793,7.999267578125
119,0.032856433085937331,6.8133544921875
120,0.033090798710937674,7.55767822265625
121,0.033363248749999963,6.9073486328125
122,0.033641232421875111,8.41522216796875
123,0.033911078398437544,7.0086669921875
124,0.034183853945312537,8.17474365234375
125,0.034461512109374981,7.2125244140625
126,0.034734287656249974,8.697509765625
127,0.035006737695312706,7.3919677734375
128,0.035246311445312317,9.0325927734375
129,0.035557171406250143,7.59765625
130,0.035796745156250198,8.62823486328125
131,0.03610760511718758,7.81585693359375
132,0.036346853359374931,9.2584228515625
133,0.036657713320312313,8.04901123046875
134,0.036894683007812512,8.58062744140625
135,0.037208147031250194,8.25347900390625
136,0.037423307695312547,9.26513671875
137,0.037758580742187631,8.49517822265625
138,0.037798292695312652,8.807373046875
139,0.037904082734374844,9.15008544921875
140,0.038309014453125068,8.7493896484375
141,0.038859448164062504,8.91754150390625
142,0.038868562382812444,9.21875
143,0.038915435507812512,8.36822509765625
144,0.038915761015625217,9.19952392578125
curve_id,47
index,Z indent (µm),Force indent (µN)
0,0,0.86181640625
1,0.00023273808593748946,0.85540771484375
2,0.00055043371093743687,0.88714599609375
3,0.00077796367187499271,0.85205078125
4,0.001098263359375018,0.9283447265625
5,0.0013283973828124296,0.95489501953125
6,0.0016412103906249254,1.0064697265625
7,0.0018788310937498665,0.96405029296875
8,0.0021939226562499581,1.01287841796875
9,0.0024240566796873697,1.02691650390625
10,0.0027417523046873171,1.085205078125
11,0.0029744903906250286,1.099853515625
12,0.0032895819531248982,1.1322021484375
13,0.0035249241015624655,1.14349365234375
14,0.0038400156640623351,1.201171875
15,0.0040343438281249533,1.23016357421875
16,0.004390449374999994,1.23565673828125
17,0.0045844520312499082,1.23504638671875
18,0.0049408830859374309,1.3018798828125
19,0.0051348857421873451,1.3623046875
20,0.0054887127343750119,1.37420654296875
21,0.005685319453125004,1.3653564453125
22,0.0060388209374999668,1.4093017578125
23,0.0062357531640624408,1.45599365234375
24,0.0065892546484374037,1.50634765625
25,0.0067835828125000219,1.53717041015625
26,0.0071396883593748406,1.53656005859375
27,0.0073340165234374588,1.5789794921875
28,0.0076927261328123553,1.62811279296875
29,0.0078844502343748957,1.69952392578125
30,0.0082431598437500142,1.66534423828125
31,0.0084345584374998506,1.69769287109375
32,0.0087499755078124242,1.73736572265625
33,0.0089849921484375095,1.846923828125
34,0.0092978051562500053,1.80938720703125
35,0.0095354258593749464,1.86920166015625
36,0.009850517421875038,1.86187744140625
37,0.01008065144531245,1.98455810546875
38,0.010390860390624868,1.9378662109375
39,0.010631085156249886,2.0654296875
40,0.010946176718749978,1.9903564453125
41,0.011135296757812441,2.1502685546875
42,0.011491402304687481,2.10845947265625
43,0.011726744453124827,2.283935546875
44,0.012041836015624918,2.132568359375
45,0.012277178164062486,2.293701171875
46,0.012592269726562355,2.25067138671875
47,0.012786597890624973,2.491455078125
48,0.013142703437500014,2.32879638671875
49,0.01333703160156241,2.49267578125
50,0.013693137148437451,2.39288330078125
51,0.013887139804687365,2.63336181640625
52,0.014243570859374888,2.50762939453125
53,0.014437573515625024,2.742919921875
54,0.014791400507812469,2.5677490234375
55,0.014985403164062383,2.8057861328125
56,0.015341508710937424,2.69287109375
57,0.01553583687499982,2.99530029296875
58,0.015891942421874861,2.75238037109375
59,0.016086270585937479,2.9986572265625
60,0.01644237613281252,2.88116455078125
61,0.016636704296874916,3.22052001953125
62,0.016992809843749956,2.9632568359375
63,0.017187138007812353,3.25164794921875
64,0.017543243554687393,3.09051513671875
65,0.01773724621093753,3.438720703125
66,0.018052663281249881,3.18511962890625
67,0.018287679921874966,3.51470947265625
68,0.018597888867187384,3.28582763671875
69,0.01883290550781247,3.63006591796875
70,0.019150601132812417,3.44085693359375
71,0.019385943281249984,3.8555908203125
72,0.019693548164062324,3.4942626953125
73,0.019933772929687343,3.8165283203125
74,0.020243981874999983,3.68804931640625
75,0.020478998515624847,4.1729736328125
76,0.020794090078124938,3.75091552734375
77,0.021029432226562506,4.146728515625
78,0.021344523789062375,3.909912109375
79,0.021538851953124993,4.41802978515625
80,0.021894957500000034,4.012451171875
81,0.02208928566406243,4.517822265625
82,0.022442787148437393,4.14581298828125
83,0.022639719374999867,4.6588134765625
84,0.02299322085937483,4.2889404296875
85,0.023187223515624966,4.93896484375
86,0.023543654570312489,4.39697265625
87,0.023737657226562403,4.9163818359375
88,0.024093762773437444,4.57763671875
89,0.02428809093749984,5.36041259765625
90,0.024644196484374881,4.6734619140625
91,0.024838524648437499,5.234375
92,0.025194630195312318,4.86358642578125
93,0.025388958359374936,5.68756103515625
94,0.025745063906249976,4.97467041015625
95,0.025939392070312373,5.692138671875
96,0.026295497617187413,5.1171875
97,0.026489500273437327,5.8685302734375
98,0.02684593132812485,5.3045654296875
99,0.027039933984374986,6.25335693359375
100,0.027355351054687338,5.4132080078125
101,0.027587763632812345,6.11053466796875
102,0.027903180703124919,5.61004638671875
103,0.028132989218749849,6.6888427734375
104,0.028451010351562278,5.73883056640625
105,0.028688631054687441,6.4971923828125
106,0.028998514492187599,5.92742919921875
107,0.029231252578124867,6.86920166015625
108,0.029546344140624736,6.0565185546875
109,0.029781686289062304,6.86431884765625
110,0.030096777851562617,6.24786376953125
111,0.03033211999999974,7.0172119140625
112,0.030647211562500054,6.4312744140625
113,0.030841539726562228,7.410888671875
114,0.031197645273437491,6.5167236328125
115,0.031389369374999809,7.16400146484375
116,0.031748078984374928,6.77093505859375
117,0.031939803085937246,8.0755615234375
118,0.032295908632812509,6.81427001953125
119,0.032489911289062423,7.52716064453125
120,0.032848620898437542,6.9366455078125
121,0.03304034499999986,8.50128173828125
122,0.033396450546875123,7.06268310546875
123,0.033590778710937297,8.212890625
124,0.03394688425781256,7.225341796875
125,0.034141212421874734,8.64898681640625
126,0.034497317968749996,7.47406005859375
127,0.034689042070312315,9.117431640625
128,0.035047751679687433,7.635498046875
129,0.035242079843750052,8.59954833984375
130,0.03559818539062487,7.91259765625
131,0.035792188046874784,9.26544189453125
132,0.036107605117187358,8.0377197265625
133,0.036342621757812221,8.64349365234375
134,0.036696123242187628,8.37310791015625
135,0.03686571281249984,9.2669677734375
136,0.03720066035156222,8.49212646484375
137,0.0373158901171875,8.83148193359375
138,0.037680458867187294,9.1766357421875
139,0.037748489999999801,8.79486083984375
140,0.03797146285156261,9.23095703125
141,0.038179136835937211,8.75946044921875
142,0.03830055124999987,8.90625
143,0.038301202265624834,9.0362548828125
144,0.03835230699218739,8.37646484375
145,0.038354911054687246,9.21875
146,0.03835523656249995,8.59375
curve_id,48
index,Z indent (µm),Force indent (µN)
0,0,0.80230712890625
1,0.00083492753906244666,0.8197021484375
2,0.0011005419140623918,0.8721923828125
3,0.0013801531249999499,0.84136962890625
4,0.0016483715624999729,0.902099609375
5,0.0018895728515624377,0.88836669921875
6,0.0021988052734374097,0.92803955078125
7,0.0024400065624998746,0.93475341796875
8,0.0027518430468749244,0.9918212890625
9,0.0029904402734375335,0.997314453125
10,0.0032996726953125055,1.0235595703125
11,0.0035408739843749704,1.04034423828125
12,0.0038501064062499424,1.1163330078125
13,0.0040913076953124072,1.0955810546875
14,0.0044002146093748973,1.12884521484375
15,0.0046388118359375063,1.1810302734375
16,0.0049506483203125562,1.22283935546875
17,0.0051892455468749432,1.21185302734375
18,0.005460068046875044,1.25030517578125
19,0.0057396792578123801,1.28387451171875
20,0.0060515157421874299,1.31256103515625
21,0.006290112968750039,1.3323974609375
22,0.0065609354687499177,1.37908935546875
23,0.0068405466796874759,1.4111328125
24,0.007106161054687421,1.4093017578125
25,0.0073909803906249127,1.48590087890625
26,0.0076513866406249242,1.54022216796875
27,0.0079410885937498676,1.5423583984375
28,0.0082044244140624389,1.53839111328125
29,0.0084915223046875266,1.61529541015625
30,0.00875225406250002,1.64276123046875
31,0.0090367478906250298,1.693115234375
32,0.0093026877734374569,1.68182373046875
33,0.0095897856640625445,1.75140380859375
34,0.009850517421875038,1.75506591796875
35,0.010137615312499904,1.820068359375
36,0.010400625624999993,1.8048095703125
37,0.010682840898437407,1.9287109375
38,0.01095105933593743,1.87469482421875
39,0.011233274609374844,1.9830322265625
40,0.011501493046874867,1.9659423828125
41,0.011742694335937554,2.09716796875
42,0.012051926757812526,1.98394775390625
43,0.01229312804687499,2.176513671875
44,0.012602360468749962,2.13165283203125
45,0.012840957695312349,2.2747802734375
46,0.013152794179687399,2.1466064453125
47,0.013391391406250008,2.342529296875
48,0.013702902382812354,2.252197265625
49,0.013941499609374963,2.45452880859375
50,0.014253336093750013,2.32818603515625
51,0.0144919333203124,2.5482177734375
52,0.01480376980468745,2.39959716796875
53,0.015042367031249837,2.64495849609375
54,0.015307981406250004,2.52288818359375
55,0.015592800742187496,2.7685546875
56,0.015858415117187441,2.5897216796875
57,0.016143234453124933,2.8216552734375
58,0.016403640703124944,2.691650390625
59,0.01669366816406237,3.00567626953125
60,0.016954074414062381,2.78167724609375
61,0.017243776367187547,3.04412841796875
62,0.01750450812500004,2.90313720703125
63,0.01778900195312505,3.19000244140625
64,0.018052337773437399,2.96142578125
65,0.01834464378906242,3.29864501953125
66,0.018602771484374836,3.101806640625
67,0.018882382695312394,3.4234619140625
68,0.019152879687500013,3.20831298828125
69,0.019435094960937427,3.54339599609375
70,0.01970331339843745,3.27392578125
71,0.019944514687499915,3.6651611328125
72,0.020253747109374887,3.4515380859375
73,0.020494948398437351,3.86138916015625
74,0.020804180820312546,3.5137939453125
75,0.02104538210937501,3.86260986328125
76,0.021354614531249982,3.68011474609375
77,0.021593211757812369,4.1534423828125
78,0.021905048242187419,3.76617431640625
79,0.022143645468750028,4.161376953125
80,0.022455156445312374,3.89678955078125
81,0.022694079179687465,4.420166015625
82,0.023005590156250033,4.02587890625
83,0.02324418738281242,4.549560546875
84,0.023515009882812521,4.15313720703125
85,0.023794621093749857,4.66766357421875
86,0.02406283953124988,4.29229736328125
87,0.024345054804687516,4.95819091796875
88,0.024610669179687461,4.40338134765625
89,0.024895488515624953,4.9468994140625
90,0.025158498828125042,4.59991455078125
91,0.02544592222656239,5.330810546875
92,0.025708932539062479,4.67041015625
93,0.025996030429687345,5.2764892578125
94,0.026254158124999982,4.85748291015625
95,0.026543860078124926,5.6781005859375
96,0.026804591835937419,5.0048828125
97,0.027091689726562507,5.71563720703125
98,0.027355025546874856,5.113525390625
99,0.027634636757812414,5.909423828125
100,0.027905459257812515,5.29571533203125
101,0.02814666054687498,6.251220703125
102,0.02845556746093747,5.43792724609375
103,0.028696768749999935,6.1431884765625
104,0.029006001171874907,5.6103515625
105,0.029247202460937372,6.70196533203125
106,0.029556434882812566,5.72967529296875
107,0.029795032109374953,6.4898681640625
108,0.030106868593750002,5.94696044921875
109,0.030345465820312389,6.88262939453125
110,0.030657302304687439,6.043701171875
111,0.030895899531249826,6.876220703125
112,0.031207736015624876,6.26251220703125
113,0.031446333242187263,7.04559326171875
114,0.031717155742187364,6.424560546875
115,0.03199644144531244,7.39776611328125
116,0.032305673867187634,6.52801513671875
117,0.032546875156249877,7.2418212890625
118,0.032817697656249978,6.7730712890625
119,0.033097308867187314,8.04443359375
120,0.033360319179687403,6.81854248046875
121,0.033647742578124751,7.56134033203125
122,0.033908148828124984,6.9317626953125
123,0.034198176289062632,8.544921875
124,0.034458582539062421,7.066650390625
125,0.034743401874999913,8.1646728515625
126,0.035006412187500002,7.23907470703125
127,0.03529643964843765,8.746337890625
128,0.035556845898437439,7.44140625
129,0.035844269296874787,9.08172607421875
130,0.036107279609374876,7.64007568359375
131,0.036386890820312656,8.685302734375
132,0.036657713320312313,7.913818359375
133,0.036898914609375,9.2572021484375
134,0.03720814703124975,8.02947998046875
135,0.037449022812499733,8.71002197265625
136,0.037760859296874782,8.36517333984375
137,0.037975368945312615,9.26483154296875
138,0.038308688945312364,8.49578857421875
139,0.038425871757812535,8.8226318359375
140,0.038795974140624745,9.21478271484375
141,0.0388591226562498,8.7823486328125
142,0.039085025078125168,9.18853759765625
143,0.039293350078124734,8.895263671875
144,0.039409556367187237,9.019775390625
145,0.039421274648437477,9.21875
146,0.039465543710937245,8.388671875
147,0.039468147773437545,8.90625
148,0.039468473281249805,8.59375
