file_id,merged-0.2Kpa.hdf5
date,2026-09-30
spring_constant,1
tip_geometry,sphere
tip_radius,1e-05
velocity,5
tip_angle,0
curve_id,2
index,Z indent (µm),Force indent (µN)
0,0,0.65521240234375
1,0.00059893437499991542,0.6866455078125
2,0.0012004728124999087,0.7098388671875
3,0.0018020112499999019,0.70220947265625
4,0.0024012711328125214,0.69091796875
5,0.0029565874609374099,0.70098876953125
6,0.0035529177734374695,0.71563720703125
7,0.0041521776562498669,0.74676513671875
8,0.0047511120312500044,0.77392578125
9,0.0053500464062499198,0.78094482421875
10,0.0059489807812500572,0.77880859375
11,0.0065508447265625325,0.76995849609375
12,0.0071497791015624479,0.78765869140625
13,0.0077513175390624411,0.80596923828125
14,0.0083502519140625786,0.86822509765625
15,0.0089517903515625719,0.87738037109375
16,0.0095510502343749692,0.8819580078125
17,0.0097460294140625514,0.67352294921875
18,0.010149984609374885,0.87738037109375
19,0.010344963789062467,0.67535400390625
20,0.010713113125000007,0.87982177734375
21,0.010943898164062382,0.6866455078125
22,0.011309443437500066,0.92254638671875
23,0.011537949921875068,0.6634521484375
24,0.011906099257812386,0.9515380859375
25,0.012136884296874983,0.6982421875
26,0.012502429570312446,0.9954833984375
27,0.012738422734374977,0.7269287109375
28,0.013101363945312583,0.9857177734375
29,0.013296343124999943,0.75927734375
30,0.013703227890625058,0.99334716796875
31,0.013895603007812563,0.79986572265625
32,0.014304766328125051,0.99884033203125
33,0.014497141445312556,0.78094482421875
34,0.014903700703124967,1.02294921875
35,0.015096075820312471,0.7989501953125
36,0.015502635078124882,1.0699462890625
37,0.015697614257812464,0.7867431640625
38,0.01610156945312502,1.09954833984375
39,0.01629654863281238,0.84686279296875
40,0.016703107890625013,1.123046875
41,0.016898087070312373,0.8929443359375
42,0.017304971835937488,1.1236572265625
43,0.017497346953124993,0.911865234375
44,0.017903906210937404,1.1279296875
45,0.018096281328124908,0.94146728515625
46,0.018505444648437397,1.16058349609375
47,0.018697819765624901,0.91888427734375
48,0.019063365039062363,1.17279052734375
49,0.019296754140625039,0.9429931640625
50,0.019662624921874983,1.25152587890625
51,0.019847187851562476,0.96954345703125
52,0.020256351171874964,1.2481689453125
53,0.020448726289062469,1.01348876953125
54,0.02085528554687488,1.26068115234375
55,0.021047986171874866,1.06170654296875
56,0.021454545429687499,1.2689208984375
57,0.021649524609375081,1.06048583984375
58,0.022053479804687415,1.27838134765625
59,0.022248458984374997,1.0858154296875
60,0.022655018242187408,1.34674072265625
61,0.022847393359374912,1.08612060546875
62,0.023253952617187545,1.370849609375
63,0.023448931796874906,1.1224365234375
64,0.023855491054687539,1.42608642578125
65,0.024048191679687525,1.18560791015625
66,0.024454750937499936,1.4337158203125
67,0.024649730117187518,1.2091064453125
68,0.025053685312500074,1.4434814453125
69,0.025248664492187434,1.26068115234375
70,0.025655223750000067,1.488037109375
71,0.025850202929687427,1.25244140625
72,0.026254158124999982,1.52130126953125
73,0.026449137304687564,1.2713623046875
74,0.026815008085937508,1.58599853515625
75,0.02704807167968748,1.3067626953125
76,0.027454956445312373,1.62078857421875
77,0.027649935624999955,1.34979248046875
78,0.028056494882812366,1.65008544921875
79,0.028246265937500015,1.42303466796875
80,0.028609207148437399,1.67938232421875
81,0.028840317695312478,1.44744873046875
82,0.029208467031250018,1.6888427734375
83,0.029400842148437523,1.4935302734375
84,0.029807401406249934,1.7486572265625
85,0.030040790507812387,1.50543212890625
86,0.030406335781250071,1.79443359375
87,0.030601314960937431,1.5277099609375
88,0.031005270156249987,1.85791015625
89,0.031146540546874935,1.58294677734375
90,0.031607134101562462,1.89697265625
91,0.031802113281250044,1.6510009765625
92,0.032206068476562377,1.90093994140625
93,0.032401047656249959,1.70440673828125
94,0.032807606914062371,1.94854736328125
95,0.032999982031249875,1.7218017578125
96,0.033406541289062508,1.96929931640625
97,0.033601520468749868,1.7474365234375
98,0.034008079726562501,2.05718994140625
99,0.034200454843750006,1.7840576171875
100,0.034607339609374899,2.11090087890625
101,0.034802318789062481,1.822509765625
102,0.035206273984375036,2.15850830078125
103,0.035401253164062396,1.893310546875
104,0.035769402499999936,2.1905517578125
105,0.035997583476562456,1.944580078125
106,0.036358246132812466,2.2076416015625
107,0.036599121914062449,1.9903564453125
108,0.036957180507812382,2.25006103515625
109,0.037200660351562442,2.02728271484375
110,0.037563927070312531,2.30255126953125
111,0.03779210804687505,2.04803466796875
112,0.038157653320312512,2.36602783203125
113,0.038396250546874899,2.1221923828125
114,0.038759191757812506,2.42919921875
115,0.038951892382812492,2.17254638671875
116,0.039358451640624903,2.4658203125
117,0.039553430820312485,2.2564697265625
118,0.03995738601562504,2.496337890625
119,0.040152365195312401,2.29827880859375
120,0.040558924453125034,2.54241943359375
121,0.040753903632812394,2.3486328125
122,0.041157858828124949,2.587890625
123,0.04134795539062508,2.3675537109375
124,0.041759397265624942,2.67364501953125
125,0.041952097890624929,2.4395751953125
126,0.042358657148437562,2.745361328125
127,0.042553636328124922,2.51495361328125
128,0.042960195585937555,2.79754638671875
129,0.043152570703125059,2.6104736328125
130,0.043520720039062377,2.84454345703125
131,0.043754109140625053,2.66845703125
132,0.044158064335937386,2.89764404296875
133,0.044353043515624968,2.71575927734375
134,0.044711102109374901,2.9583740234375
135,0.04494969933593751,2.7679443359375
136,0.045312640546874894,3.0523681640625
137,0.045553841835937581,2.80548095703125
138,0.045911574921875031,3.13720703125
139,0.046144964023437485,2.9180908203125
140,0.046510834804687429,3.2073974609375
141,0.046744223906249882,2.98614501953125
142,0.047109769179687566,3.2476806640625
143,0.047304748359374926,3.089599609375
144,0.047711307617187559,3.292236328125
145,0.047903682734375064,3.11737060546875
146,0.048310241992187475,3.37127685546875
147,0.048505221171875057,3.2086181640625
148,0.048911780429687468,3.4478759765625
149,0.049104155546874972,3.24249267578125
150,0.049511040312499865,3.541259765625
151,0.049706019492187448,3.3502197265625
152,0.050109974687500003,3.621826171875
153,0.050304953867187585,3.416748046875
154,0.050711513124999996,3.6798095703125
155,0.050906492304687578,3.55560302734375
156,0.051313051562499989,3.73931884765625
157,0.051505426679687494,3.58917236328125
158,0.051911985937499905,3.792724609375
159,0.052104361054687409,3.71490478515625
160,0.052470231835937575,3.88671875
161,0.052706224999999884,3.7164306640625
162,0.053069166210937491,3.97308349609375
163,0.053305159375000022,3.87237548828125
164,0.053663217968749954,4.0869140625
165,0.053906697812500015,3.95172119140625
166,0.05426215234374987,4.12933349609375
167,0.054500424062499997,4.07958984375
168,0.054861086718750007,4.21600341796875
169,0.055056065898437367,4.195556640625
170,0.055462625156250001,4.29229736328125
171,0.055657604335937583,4.21417236328125
172,0.056061559531249916,4.38873291015625
173,0.056256538710937498,4.398193359375
174,0.056663423476562391,4.500732421875
175,0.056855798593749896,4.3927001953125
176,0.057262357851562529,4.6240234375
177,0.057457337031249889,4.639892578125
178,0.057863896289062522,4.7119140625
179,0.058056271406250026,4.6514892578125
180,0.058462830664062437,4.80499267578125
181,0.058657809843750019,4.90142822265625
182,0.059061765039062575,4.91119384765625
183,0.059256744218749935,4.8797607421875
184,0.05966362898437505,5.02777099609375
185,0.059856004101562554,5.1373291015625
186,0.060262563359374965,5.146484375
187,0.060457542539062548,5.09613037109375
188,0.060820483749999932,5.27587890625
189,0.061059080976562541,5.4046630859375
190,0.061419418125000069,5.41168212890625
191,0.061658015351562456,5.4217529296875
192,0.062013469882812533,5.51971435546875
193,0.062254345664062516,5.72418212890625
194,0.062615008320312526,5.61981201171875
195,0.062853605546874913,5.73974609375
196,0.063213942695312442,5.7623291015625
197,0.063408921875000024,5.9930419921875
198,0.063813202578125061,5.90911865234375
199,0.064008181757812421,6.08734130859375
200,0.064414741015625054,6.0284423828125
201,0.064609720195312415,6.26220703125
202,0.065208654570312552,6.5399169921875
203,0.065807588945312467,6.53045654296875
204,0.066409127382812461,6.8780517578125
205,0.06700838726562508,6.78497314453125
206,0.067609925703125073,7.24700927734375
207,0.068208860078124989,6.95068359375
208,0.068315952148437553,6.81793212890625
209,0.0686154193359374,6.890869140625
210,0.068810398515624982,7.77191162109375
211,0.069214353710937537,6.99951171875
212,0.069409332890624897,7.3211669921875
213,0.069775203671875063,7.10540771484375
214,0.070008592773437295,8.375244140625
215,0.070371533984374901,7.257080078125
216,0.070607527148437432,7.7398681640625
217,0.070967864296875183,7.42584228515625
218,0.071211669648437281,8.9923095703125
219,0.07156712417968758,7.6690673828125
220,0.071759499296874862,8.29925537109375
221,0.072166058554687273,7.8607177734375
222,0.072361037734374856,9.0716552734375
223,0.072764992929687411,8.06365966796875
224,0.072959972109374993,8.60443115234375
225,0.073366531367187404,8.271484375
226,0.073555651406249867,8.97918701171875
227,0.073965465742187542,8.514404296875
228,0.074070930273437474,8.92852783203125
229,0.074494415937499836,8.7646484375
230,0.074567329687499795,8.717041015625
231,0.074820574765624981,9.17236328125
232,0.07505168531250006,8.63372802734375
233,0.075166264062499932,9.02099609375
234,0.075186445546875147,9.25018310546875
235,0.0752251809765625,8.35174560546875
curve_id,3
index,Z indent (µm),Force indent (µN)
0,0,0.6610107421875
1,0.0018023367578123839,0.65948486328125
2,0.0023576530859374945,0.6756591796875
3,0.002953983398437332,0.7110595703125
4,0.0035506392187498736,0.72601318359375
5,0.0041521776562498669,0.72723388671875
6,0.0047537160937498601,0.72113037109375
7,0.0053526504687499976,0.71990966796875
8,0.005951910351562395,0.76202392578125
9,0.0065534487890623883,0.78643798828125
10,0.0071523831640623037,0.82183837890625
11,0.0077513175390624411,0.8154296875
12,0.0083528559765624344,0.80963134765625
13,0.0089521158593748318,0.8135986328125
14,0.009553654296874825,0.849609375
15,0.009737240703124872,0.66436767578125
16,0.010152588671874963,0.89874267578125
17,0.010336175078125009,0.70556640625
18,0.010754127109374956,0.9210205078125
19,0.010937713515625003,0.73455810546875
20,0.011309768945312326,0.92376708984375
21,0.0115369733984374,0.75042724609375
22,0.011908703320312464,0.92681884765625
23,0.012138511835937393,0.73272705078125
24,0.012502429570312446,0.928955078125
25,0.012737446210937309,0.73577880859375
26,0.013103968007812439,0.96588134765625
27,0.013336380585937446,0.77484130859375
28,0.013703227890624836,0.99334716796875
29,0.013937919023437439,0.804443359375
30,0.014304766328124829,1.03851318359375
31,0.014537178906249837,0.8599853515625
32,0.014903700703124967,1.0369873046875
33,0.01513871734374983,0.8575439453125
34,0.01550523914062496,1.03912353515625
35,0.015737651718749968,0.87188720703125
36,0.016104173515624876,1.05499267578125
37,0.016336586093749883,0.86456298828125
38,0.016706037460937351,1.068115234375
39,0.016933241914062425,0.89324951171875
40,0.017304971835937488,1.1279296875
41,0.017488558242187313,0.9368896484375
42,0.017903906210937404,1.1492919921875
43,0.018087492617187451,0.9722900390625
44,0.018505444648437397,1.1810302734375
45,0.018689356562499926,0.99517822265625
46,0.019104379023437312,1.1785888671875
47,0.019288290937499841,0.9954833984375
48,0.019665228984374838,1.18377685546875
49,0.019889829374999834,1.0101318359375
50,0.020264163359374976,1.21612548828125
51,0.020488763749999972,1.0296630859375
52,0.020860493671874814,1.25823974609375
53,0.021090302187499965,1.07574462890625
54,0.021457149492187355,1.3104248046875
55,0.021689562070312363,1.13983154296875
56,0.022056083867187493,1.324462890625
57,0.022291100507812356,1.16455078125
58,0.022655018242187408,1.33392333984375
59,0.022890034882812493,1.1749267578125
60,0.023256556679687401,1.34857177734375
61,0.023488969257812409,1.18194580078125
62,0.023855816562499799,1.376953125
63,0.024090507695312402,1.20452880859375
64,0.024457354999999792,1.43310546875
65,0.024689442070312317,1.26708984375
66,0.025056289374999929,1.4886474609375
67,0.025288701953124937,1.30889892578125
68,0.025657827812499923,1.527099609375
69,0.025885032265624996,1.35528564453125
70,0.026256762187499838,1.54052734375
71,0.026483966640624912,1.356201171875
72,0.026856022070312457,1.558837890625
73,0.027083226523437309,1.38458251953125
74,0.027457560507812451,1.5985107421875
75,0.027641146914062498,1.39190673828125
76,0.028018084960937495,1.6351318359375
77,0.028240081289062413,1.46759033203125
78,0.02861701933593741,1.7108154296875
79,0.028841619726562406,1.533203125
80,0.029218557773437404,1.7376708984375
81,0.029440879609374804,1.56890869140625
82,0.029815213593749945,1.77337646484375
83,0.029986105195312307,1.61376953125
84,0.030408939843749927,1.78680419921875
85,0.030641352421874934,1.61041259765625
86,0.031008199726562324,1.81182861328125
87,0.031242890859374928,1.65374755859375
88,0.031607134101562462,1.87408447265625
89,0.031841825234374843,1.68792724609375
90,0.032208672539062455,1.92718505859375
91,0.032443689179687318,1.77581787109375
92,0.032807606914062371,1.98028564453125
93,0.033042623554687456,1.82159423828125
94,0.033409145351562364,2.02667236328125
95,0.033641557929687371,1.85272216796875
96,0.034008405234374983,2.04315185546875
97,0.034243096367187364,1.8841552734375
98,0.034609943671874976,2.07916259765625
99,0.034834544062499972,1.91314697265625
100,0.035208878046874892,2.12799072265625
101,0.035436082499999966,1.96380615234375
102,0.035810416484374885,2.1990966796875
103,0.035994002890624932,2.0526123046875
104,0.036409350859374801,2.24884033203125
105,0.036593262773437329,2.1014404296875
106,0.036970200820312327,2.29248046875
107,0.037192197148437467,2.1624755859375
108,0.037610149179687413,2.3193359375
109,0.03779373558593746,2.1649169921875
110,0.038209083554687329,2.352294921875
111,0.038392669960937376,2.222900390625
112,0.038759517265624988,2.4114990234375
113,0.038994208398437369,2.2711181640625
114,0.039363659765624837,2.4810791015625
115,0.039593468281249988,2.34375
116,0.039959990078124896,2.55340576171875
117,0.040189798593749826,2.43743896484375
118,0.040561528515624889,2.596435546875
119,0.040793941093749897,2.47314453125
120,0.041160462890624805,2.64312744140625
121,0.04139547953124989,2.54638671875
122,0.041759722773437424,2.67669677734375
123,0.041994413906249806,2.55889892578125
124,0.042361261210937418,2.7545166015625
125,0.042593673789062425,2.63153076171875
126,0.042960195585937333,2.83233642578125
127,0.043195212226562418,2.71514892578125
128,0.043561734023437326,2.913818359375
129,0.043794146601562334,2.80181884765625
130,0.044160668398437464,2.98370361328125
131,0.044344580312499993,2.87200927734375
132,0.044762532343749939,3.023681640625
133,0.044943514687499908,2.93365478515625
134,0.045361466718749854,3.08563232421875
135,0.045545053124999901,2.96142578125
136,0.045960401093749992,3.1500244140625
137,0.046146591562499895,3.057861328125
138,0.046561939531249985,3.21929931640625
139,0.04674552593749981,3.111572265625
140,0.047160873906249901,3.31756591796875
141,0.047344785820312429,3.24859619140625
142,0.047716515742187493,3.3758544921875
143,0.047946324257812423,3.2806396484375
144,0.048312846054687331,3.426513671875
145,0.048545258632812338,3.39935302734375
146,0.04891210593749995,3.4808349609375
147,0.049146797070312331,3.39996337890625
148,0.049513644374999943,3.55804443359375
149,0.049745731445312469,3.52691650390625
150,0.050112578749999859,3.64654541015625
151,0.050347595390624944,3.5888671875
152,0.050711513124999996,3.73382568359375
153,0.050946529765624859,3.71429443359375
154,0.051313051562499989,3.8214111328125
155,0.051548068203124853,3.81866455078125
156,0.051912311445312387,3.86505126953125
157,0.05214700257812499,3.87725830078125
158,0.05251384988281238,3.939208984375
159,0.052745936953124906,3.96942138671875
160,0.053112784257812296,4.02252197265625
161,0.053347800898437381,4.04632568359375
162,0.053714322695312511,4.12200927734375
163,0.053897909101562336,4.16900634765625
164,0.054313257070312426,4.2303466796875
165,0.054537857460937422,4.2535400390625
166,0.054914795507812419,4.32830810546875
167,0.055098707421874948,4.4342041015625
168,0.055514055390624817,4.42291259765625
169,0.055697641796874864,4.4482421875
170,0.056112989765624954,4.51385498046875
171,0.056299180234374857,4.65179443359375
172,0.056666027539062469,4.58404541015625
173,0.056898114609374995,4.64111328125
174,0.057264961914062384,4.727783203125
175,0.057497374492187392,4.88861083984375
176,0.057866500351562378,4.83306884765625
177,0.058098912929687385,4.8907470703125
178,0.058465434726562293,4.97802734375
179,0.058697847304687301,5.19989013671875
180,0.059064369101562431,5.0732421875
181,0.059299385742187294,5.15960693359375
182,0.059666233046874906,5.18890380859375
183,0.059898320117187431,5.4693603515625
184,0.060265167421874821,5.313720703125
185,0.060499858554687425,5.40191650390625
186,0.060864101796874959,5.43701171875
187,0.061099118437499822,5.72906494140625
188,0.061465640234374952,5.59600830078125
189,0.061698052812499959,5.765380859375
190,0.062064574609374867,5.738525390625
191,0.062299591249999953,6.0198974609375
192,0.062666438554687343,5.8660888671875
193,0.06285002496093739,6.17584228515625
194,0.06326537292968748,5.9783935546875
195,0.063448959335937305,6.287841796875
196,0.063866911367187473,6.124267578125
197,0.064050497773437298,6.57379150390625
198,0.064465845742187389,6.2677001953125
199,0.064649757656249918,6.529541015625
200,0.065026370195312433,6.41998291015625
201,0.065251296093749911,6.8719482421875
202,0.065617817890624819,6.5447998046875
203,0.065850230468749826,6.81732177734375
204,0.066219356328124812,6.715087890625
205,0.066449164843749964,7.25341796875
206,0.066818616210937432,6.77886962890625
207,0.067050703281249957,7.003173828125
208,0.067417550585937347,6.8695068359375
209,0.067649963164062354,7.808837890625
210,0.068016484960937484,6.93634033203125
211,0.068251501601562348,7.31842041015625
212,0.068618023398437478,7.09442138671875
213,0.068850435976562485,8.4063720703125
214,0.069216957773437615,7.2705078125
215,0.069451974414062478,7.78717041015625
216,0.069816217656250013,7.43255615234375
217,0.070050908789062616,9.02984619140625
218,0.070417756093750006,7.61962890625
219,0.070647564609374713,8.3502197265625
220,0.071016690468749699,7.879638671875
221,0.071249103046874707,9.0460205078125
222,0.071618228906249692,7.97821044921875
223,0.071801815312499739,8.699951171875
224,0.07221716328124983,8.333740234375
225,0.072436555546875114,9.02008056640625
226,0.072818701718749823,8.52142333984375
227,0.072874038046874867,8.9129638671875
228,0.072954763984374837,8.8897705078125
229,0.073376947617187271,8.74969482421875
230,0.074019500039062214,9.02435302734375
231,0.074035775429687201,9.24591064453125
232,0.074075812890624926,8.18389892578125
curve_id,4
index,Z indent (µm),Force indent (µN)
0,0,0.673828125
1,0.00059893437499991542,0.6915283203125
2,0.0011594588281249596,0.70770263671875
3,0.0017509065234373455,0.70709228515625
4,0.002349840898437483,0.6884765625
5,0.0029513793359374763,0.7159423828125
6,0.0035506392187498736,0.74005126953125
7,0.0041495735937500111,0.77423095703125
8,0.0047511120312500044,0.7867431640625
9,0.0053500464062499198,0.7867431640625
10,0.005951584843749913,0.7904052734375
11,0.0065508447265625325,0.7879638671875
12,0.0071497791015624479,0.84930419921875
13,0.0077513175390624411,0.8697509765625
14,0.0083502519140623566,0.9002685546875
15,0.0085302577343748798,0.655517578125
16,0.0089107763671874007,0.8953857421875
17,0.0091265880468749394,0.69976806640625
18,0.0095074321874999423,0.8984375
19,0.0097307305468750105,0.73577880859375
20,0.010106366562499858,0.9149169921875
21,0.010327060859374848,0.75439453125
22,0.010705300937499995,0.92926025390625
23,0.010918508554687456,0.7568359375
24,0.011301956757812315,0.9893798828125
25,0.0114790330078125,0.75897216796875
26,0.01190349519531253,1.01043701171875
27,0.012080896953124975,0.7537841796875
28,0.012502429570312446,1.00921630859375
29,0.012679831328124891,0.79376220703125
30,0.013101363945312361,1.01348876953125
31,0.013281369765624884,0.8551025390625
32,0.013702902382812354,1.01593017578125
33,0.013880304140625022,0.889892578125
34,0.014302162265624974,1.0626220703125
35,0.014481842578125015,0.8795166015625
36,0.014903700703124967,1.07574462890625
37,0.015081102460937412,0.90118408203125
38,0.015502635078124882,1.1383056640625
39,0.015682640898437405,0.8880615234375
40,0.01610156945312502,1.14501953125
41,0.016281575273437321,0.931396484375
42,0.016703107890625013,1.14959716796875
43,0.016880509648437458,0.98175048828125
44,0.01730236777343741,1.168212890625
45,0.017482048085937452,1.00189208984375
46,0.017903906210937404,1.17950439453125
47,0.018078703906249993,1.04156494140625
48,0.018464430664062448,1.23779296875
49,0.018677638281249909,1.0247802734375
50,0.019055878359374834,1.2713623046875
51,0.019232954609375019,1.0491943359375
52,0.019654812734374971,1.30279541015625
53,0.019873228476562366,1.07086181640625
54,0.020253747109374887,1.3067626953125
55,0.02043375292968741,1.14044189453125
56,0.020853006992187506,1.3092041015625
57,0.021032687304687325,1.173095703125
58,0.021454545429687499,1.35589599609375
59,0.021631621679687463,1.20819091796875
60,0.022053479804687415,1.38916015625
61,0.022233160117187456,1.2054443359375
62,0.022655018242187408,1.43951416015625
63,0.022832419999999853,1.23046875
64,0.023253952617187323,1.48712158203125
65,0.023433958437499847,1.2579345703125
66,0.023855491054687317,1.49444580078125
67,0.024032892812499984,1.31317138671875
68,0.024454750937499936,1.5240478515625
69,0.024634431249999977,1.3641357421875
70,0.025056289374999929,1.5478515625
71,0.025233365624999893,1.3983154296875
72,0.025655223749999845,1.59576416015625
73,0.025832625507812512,1.40380859375
74,0.026254158124999982,1.65008544921875
75,0.026434163945312505,1.43798828125
76,0.026855696562499975,1.690673828125
77,0.027033098320312421,1.45904541015625
78,0.027454956445312373,1.71722412109375
79,0.027634636757812414,1.54144287109375
80,0.028007668710937406,1.7291259765625
81,0.028179862343749917,1.60247802734375
82,0.028609207148437399,1.761474609375
83,0.028825018828124938,1.63055419921875
84,0.02920586296874994,1.80511474609375
85,0.029385543281249982,1.67816162109375
86,0.029807401406249934,1.8743896484375
87,0.029984803164062379,1.67266845703125
88,0.030406335781249849,1.91741943359375
89,0.030583737539062517,1.727294921875
90,0.031005270156249987,1.9586181640625
91,0.03118527597656251,1.7645263671875
92,0.031607134101562462,1.97479248046875
93,0.031784210351562425,1.8536376953125
94,0.032206068476562377,2.01812744140625
95,0.032385748789062418,1.881103515625
96,0.032807606914062371,2.0660400390625
97,0.032985008671874816,1.94000244140625
98,0.033406541289062508,2.119140625
99,0.033586547109375031,1.947021484375
100,0.034008079726562501,2.191162109375
101,0.034185481484374947,1.9915771484375
102,0.034607339609374899,2.22076416015625
103,0.03478701992187494,2.04833984375
104,0.035206273984374814,2.24151611328125
105,0.035385954296874855,2.142333984375
106,0.035807812421875029,2.29766845703125
107,0.035985214179687475,2.17803955078125
108,0.036358246132812466,2.32940673828125
109,0.03653532238281243,2.252197265625
110,0.036959784570312459,2.403564453125
111,0.037136860820312423,2.26898193359375
112,0.037558718945312375,2.4639892578125
113,0.03773612070312482,2.313232421875
114,0.038157653320312512,2.53082275390625
115,0.038337659140624814,2.388916015625
116,0.038759191757812506,2.562255859375
117,0.038936593515624951,2.4444580078125
118,0.039358451640624903,2.60162353515625
119,0.039538131953124944,2.54852294921875
120,0.039959990078124896,2.6690673828125
121,0.04013706632812486,2.57843017578125
122,0.040558924453125034,2.7294921875
123,0.040736326210937479,2.64862060546875
124,0.041157858828124949,2.82012939453125
125,0.041337864648437472,2.672119140625
126,0.041759397265624942,2.88116455078125
127,0.041936799023437388,2.74871826171875
128,0.04235865714843734,2.95074462890625
129,0.042538337460937381,2.82135009765625
130,0.042960195585937333,2.9595947265625
131,0.043137271835937518,2.9412841796875
132,0.04355912996093747,3.0328369140625
133,0.043739135781249994,2.9669189453125
134,0.044117050351562437,3.13812255859375
135,0.044335466093749831,3.07281494140625
136,0.044759602773437379,3.1793212890625
137,0.044937004531249825,3.08135986328125
138,0.045310036484374816,3.27972412109375
139,0.045528452226562433,3.194580078125
140,0.045911574921875031,3.32550048828125
141,0.046127386601562348,3.236083984375
142,0.046510834804687429,3.3648681640625
143,0.046687911054687392,3.37982177734375
144,0.047109769179687344,3.44207763671875
145,0.047289449492187385,3.416748046875
146,0.047711307617187337,3.51043701171875
147,0.047888709375000005,3.54766845703125
148,0.048310241992187475,3.609619140625
149,0.048490247812499998,3.558349609375
150,0.048911780429687468,3.7054443359375
151,0.049089182187499913,3.6529541015625
152,0.049511040312499865,3.7481689453125
153,0.049690720624999907,3.782958984375
154,0.050109974687500003,3.8214111328125
155,0.050289654999999822,3.83331298828125
156,0.050711513124999996,3.87420654296875
157,0.050888914882812442,3.9996337890625
158,0.051310447499999912,3.9923095703125
159,0.051490453320312435,4.0350341796875
160,0.051911985937499905,4.066162109375
161,0.05208938769531235,4.16046142578125
162,0.052470231835937353,4.17755126953125
163,0.052688322070312488,4.17236328125
164,0.053112784257812518,4.2913818359375
165,0.053289860507812481,4.38751220703125
166,0.053711718632812433,4.34234619140625
167,0.053889120390624878,4.38873291015625
168,0.054267034960937321,4.41864013671875
169,0.054480242578125004,4.67254638671875
170,0.054863690781249863,4.5501708984375
171,0.055041092539062531,4.610595703125
172,0.055462625156250001,4.6759033203125
173,0.055640026914062446,4.89044189453125
174,0.056061559531249916,4.77783203125
175,0.056241565351562439,4.842529296875
176,0.056663097968749909,4.90570068359375
177,0.056840499726562355,5.1275634765625
178,0.057262357851562529,4.99755859375
179,0.057442038164062348,5.0927734375
180,0.057863896289062522,5.1220703125
181,0.058041298046874967,5.439453125
182,0.058462830664062437,5.22918701171875
183,0.058642836484374961,5.430908203125
184,0.059061765039062353,5.3790283203125
185,0.059241770859374876,5.697021484375
186,0.059663303476562346,5.53253173828125
187,0.059840705234375013,5.71075439453125
188,0.060262563359374965,5.654296875
189,0.060442243671875007,5.93719482421875
190,0.060864101796874959,5.73883056640625
191,0.061041503554687404,6.1285400390625
192,0.061463036171874874,5.9320068359375
193,0.061637833867187464,6.22100830078125
194,0.062064574609374867,6.0162353515625
195,0.062241976367187535,6.5576171875
196,0.062622820507812316,6.163330078125
197,0.06284091074218745,6.49017333984375
198,0.063219150820312375,6.36566162109375
199,0.063393948515624965,6.8780517578125
200,0.063815481132812435,6.48193359375
201,0.064033896874999829,6.69708251953125
202,0.064414741015624832,6.61529541015625
203,0.064591817265625018,7.2418212890625
204,0.06501367539062497,6.71966552734375
205,0.065193355703125011,6.9573974609375
206,0.065615213828124963,6.82342529296875
207,0.065792615585937408,7.70050048828125
208,0.066214148203124878,6.9134521484375
209,0.066394154023437624,7.2747802734375
210,0.066815686640625094,7.01446533203125
211,0.066993088398437317,8.341064453125
212,0.067414946523437491,7.17681884765625
213,0.06759462683593731,7.71484375
214,0.068016484960937484,7.41668701171875
215,0.068193561210937448,8.87969970703125
216,0.068615419335937622,7.46185302734375
217,0.068795425156250145,8.34381103515625
218,0.069214353710937315,7.79205322265625
219,0.069394359531249838,8.95904541015625
220,0.069815892148437309,7.92877197265625
221,0.069993293906249976,8.62274169921875
222,0.070374138046874757,8.2037353515625
223,0.070586694648437254,8.86138916015625
224,0.071016690468750143,8.4576416015625
225,0.071098718437500041,8.96820068359375
226,0.071513415390624724,8.65234375
227,0.071569402734374732,8.64013671875
228,0.071814510117187647,9.1888427734375
229,0.07204692269531221,8.50341796875
230,0.072166058554687273,8.944091796875
231,0.072183635976562632,9.26483154296875
232,0.072224975468749841,8.90625
curve_id,5
index,Z indent (µm),Force indent (µN)
0,0,0.66192626953125
1,0.0018023367578123839,0.66162109375
2,0.0023680693359373617,0.6744384765625
3,0.0029670037109374992,0.714111328125
4,0.0035659380859374146,0.7220458984375
5,0.0041625939062499562,0.7220458984375
6,0.0047615282812498716,0.72784423828125
7,0.0053529759765624796,0.71807861328125
8,0.005951910351562395,0.76080322265625
9,0.0065534487890623883,0.7879638671875
10,0.0071523831640625257,0.831298828125
11,0.0077591297265624526,0.82366943359375
12,0.0083531814843749164,0.82061767578125
13,0.0089521158593750538,0.83953857421875
14,0.0092099180468749875,0.66925048828125
15,0.0095536542968750471,0.8538818359375
16,0.0097600262499999424,0.6793212890625
17,0.010152588671874963,0.90301513671875
18,0.010361890195312418,0.7049560546875
19,0.010761939296874967,0.91949462890625
20,0.010960824570312555,0.6781005859375
21,0.011353386992187353,0.9332275390625
22,0.011559758945312471,0.699462890625
23,0.01195980804687502,0.93109130859375
24,0.012161297382812464,0.72906494140625
25,0.012520658007812546,0.9344482421875
26,0.012762835820312457,0.7647705078125
27,0.013104293515624921,0.97503662109375
28,0.013362095703124854,0.804443359375
29,0.013713318632812443,0.99609375
30,0.013961030078124992,0.802001953125
31,0.014315182578124919,1.03912353515625
32,0.014559964453124907,0.80810546875
33,0.014903700703124967,1.0528564453125
34,0.015164106953124978,0.80291748046875
35,0.015513051328124972,1.0498046875
36,0.015763041328124894,0.84564208984375
37,0.016104499023437358,1.06597900390625
38,0.016364579765624887,0.8978271484375
39,0.01671352414062488,1.072998046875
40,0.016961235585937429,0.9234619140625
41,0.017304971835937488,1.13372802734375
42,0.017560169960937566,0.94970703125
43,0.017914322460937493,1.1566162109375
44,0.018161708398437559,0.93658447265625
45,0.018513256835937408,1.19171142578125
46,0.018760642773437475,0.9625244140625
47,0.019104704531250016,1.1907958984375
48,0.019311076484374912,0.96893310546875
49,0.019713729648437539,1.1981201171875
50,0.019912614921874905,1.02203369140625
51,0.020271975546874987,1.22039794921875
52,0.020511874804687524,1.07147216796875
53,0.020917132031250008,1.2603759765625
54,0.021113413242187518,1.08062744140625
55,0.021464961679687367,1.318359375
56,0.021712347617187433,1.104736328125
57,0.022071382734375034,1.33331298828125
58,0.022313886054687426,1.1126708984375
59,0.022665434492187497,1.3531494140625
60,0.022912820429687564,1.14776611328125
61,0.023264368867187413,1.35986328125
62,0.023514358867187557,1.19384765625
63,0.023855816562500021,1.38824462890625
64,0.024113618749999954,1.241455078125
65,0.024465167187500025,1.4422607421875
66,0.02471255312499987,1.2835693359375
67,0.025056289374999929,1.490478515625
68,0.025314091562499863,1.28448486328125
69,0.025665639999999934,1.5399169921875
70,0.0259130259375,1.3055419921875
71,0.026257087695312542,1.56005859375
72,0.026512285820312398,1.33209228515625
73,0.026866112812500065,1.56646728515625
74,0.027111220195312535,1.38671875
75,0.027465372695312462,1.60552978515625
76,0.027710154570312451,1.44439697265625
77,0.028064307070312378,1.6302490234375
78,0.028265796406250043,1.49749755859375
79,0.028665845507812371,1.71356201171875
80,0.028864730781249959,1.52618408203125
81,0.029221161835937481,1.73858642578125
82,0.029461061093750018,1.52923583984375
83,0.029866318320312502,1.7767333984375
84,0.030014098867187533,1.558837890625
85,0.030421960156249872,1.79718017578125
86,0.030664137968750005,1.6162109375
87,0.031018290468749932,1.81610107421875
88,0.03126600191406248,1.68426513671875
89,0.031617224843749847,1.87286376953125
90,0.031864936289062396,1.7437744140625
91,0.032216484726562467,1.92535400390625
92,0.032463870664062533,1.76055908203125
93,0.032815419101562382,1.98486328125
94,0.033065409101562526,1.79595947265625
95,0.033419561601562453,2.02484130859375
96,0.033664343476562442,1.8133544921875
97,0.034008405234374983,2.03887939453125
98,0.034263603359375061,1.87103271484375
99,0.034617430351562506,2.09228515625
100,0.034865141796875054,1.9439697265625
101,0.035208878046874892,2.120361328125
102,0.035458868046875036,1.99920654296875
103,0.035818228671874897,2.19573974609375
104,0.036017113945312484,2.05810546875
105,0.03641976710937489,2.25067138671875
106,0.036662270429687505,2.083740234375
107,0.037018701484375027,2.29248046875
108,0.037217586757812393,2.1197509765625
109,0.037617635859374943,2.32269287109375
110,0.037819125195312386,2.16766357421875
111,0.038173277695312535,2.34588623046875
112,0.038418385078125006,2.24456787109375
113,0.038818434179687555,2.418212890625
114,0.039019923515624999,2.3095703125
115,0.039376354570312522,2.4737548828125
116,0.039616253828125059,2.37640380859375
117,0.039970406328124986,2.55035400390625
118,0.040215188203124974,2.4041748046875
119,0.040569340703124901,2.60162353515625
120,0.040819330703125045,2.4481201171875
121,0.041168275078125038,2.635498046875
122,0.041418590585937443,2.50885009765625
123,0.041769813515625032,2.68035888671875
124,0.042020129023437436,2.59796142578125
125,0.042369073398437429,2.74078369140625
126,0.042619063398437351,2.6763916015625
127,0.042960195585937555,2.81951904296875
128,0.043217997773437489,2.74566650390625
129,0.04356954621093756,2.90771484375
130,0.04381465359375003,2.7886962890625
131,0.044168480585937475,2.9693603515625
132,0.044418470585937397,2.835693359375
133,0.044770019023437468,3.0181884765625
134,0.045015126406249939,2.90802001953125
135,0.045369278906249866,3.06793212890625
136,0.045568164179687454,2.974853515625
137,0.045970817343749859,3.1439208984375
138,0.046169702617187447,3.0999755859375
139,0.046569751718749997,3.21075439453125
140,0.046768636992187362,3.1390380859375
141,0.04717129015624999,3.29559326171875
142,0.047370175429687356,3.250732421875
143,0.04772693199218736,3.363037109375
144,0.047966505742187415,3.25347900390625
145,0.04832326230468742,3.4161376953125
146,0.04856836968749989,3.37188720703125
147,0.048922196679687557,3.47503662109375
148,0.049169908124999884,3.4002685546875
149,0.049521456562499955,3.53851318359375
150,0.049768842500000021,3.57147216796875
151,0.05012039093749987,3.6358642578125
152,0.050370380937500014,3.61114501953125
153,0.050721929374999863,3.71795654296875
154,0.05096931531249993,3.72894287109375
155,0.051323467812499857,3.79913330078125
156,0.051570853749999923,3.77349853515625
157,0.051922402187499994,3.85498046875
158,0.052170113632812543,3.8525390625
159,0.05252133656249991,3.91937255859375
160,0.052769048007812458,3.95721435546875
161,0.053120596445312529,3.99017333984375
162,0.053367982382812373,4.0789794921875
163,0.053722134882812522,4.10064697265625
164,0.053921020156249888,4.193115234375
165,0.054321069257812438,4.193115234375
166,0.054519954531250026,4.268798828125
167,0.054925211757812509,4.3072509765625
168,0.055121492968750019,4.3890380859375
169,0.055521542070312568,4.385986328125
170,0.055720427343749934,4.43206787109375
171,0.056077183906249939,4.466552734375
172,0.056322291289062409,4.63165283203125
173,0.056678722343749932,4.55352783203125
174,0.056921225664062547,4.6453857421875
175,0.057275378164062474,4.6826171875
176,0.05752276410156254,4.9383544921875
177,0.057874312539062389,4.79034423828125
178,0.058121698476562456,4.8931884765625
179,0.058475850976562382,4.92950439453125
180,0.058720632851562371,5.19439697265625
181,0.059072181289062442,5.047607421875
182,0.059322496796875068,5.10467529296875
183,0.059673719726562435,5.1312255859375
184,0.059921431171874984,5.44647216796875
185,0.060272979609375055,5.26611328125
186,0.060522969609374977,5.41595458984375
187,0.06087191398437497,5.3802490234375
188,0.061121903984374892,5.740966796875
189,0.061473452421874963,5.56121826171875
190,0.06172083835937503,5.75897216796875
191,0.062072386796874879,5.6475830078125
192,0.062322702304687505,6.03485107421875
193,0.062673925234374872,5.83770751953125
194,0.062875414570312538,6.11480712890625
195,0.063273185117187491,5.9149169921875
196,0.063472070390624857,6.279296875
197,0.063874723554687485,6.06170654296875
198,0.064119505429687473,6.54205322265625
199,0.0644736579296874,6.192626953125
200,0.064675147265625066,6.57928466796875
201,0.065029299765624993,6.3787841796875
202,0.065274081640624981,6.85882568359375
203,0.065674130742187531,6.49993896484375
204,0.065875620078124975,6.80938720703125
205,0.066224564453124968,6.65496826171875
206,0.066472275898437516,7.2357177734375
207,0.066828706953125039,6.77093505859375
208,0.067073814335937509,6.9732666015625
209,0.067430245390625032,6.8328857421875
210,0.067675352773437503,7.78106689453125
211,0.068024297148437496,6.9122314453125
212,0.068276891210937496,7.3345947265625
213,0.068625835585937489,7.05108642578125
214,0.068875825585937633,8.431396484375
215,0.069224769960937405,7.2137451171875
216,0.069474759960937327,7.71697998046875
217,0.069826308398437398,7.38250732421875
218,0.070074019843750168,9.00146484375
219,0.070427846835937391,7.576904296875
220,0.070675558281250161,8.30108642578125
221,0.071027106718749788,7.75787353515625
222,0.071271888593749999,9.0576171875
223,0.071626041093749926,8.0255126953125
224,0.071827530429687592,8.58428955078125
225,0.072224975468750063,8.1549072265625
226,0.072456086015625143,9.010009765625
227,0.072829117968749912,8.48541259765625
228,0.072936535546874737,8.82659912109375
229,0.073357091640624983,8.83148193359375
230,0.07342805234375005,8.69781494140625
231,0.073635726328125095,9.1192626953125
232,0.07370538499999979,8.69232177734375
233,0.074027312226562447,8.94287109375
234,0.07404586617187503,9.22760009765625
235,0.074083299570312455,8.387451171875
236,0.074083625078125159,9.21875
curve_id,6
index,Z indent (µm),Force indent (µN)
0,0,0.6915283203125
1,0.00060186394531247522,0.70037841796875
2,0.0012007983203123906,0.7037353515625
3,0.0017561146484375012,0.68603515625
4,0.0024012711328125214,0.68939208984375
5,0.0029543089062500361,0.711669921875
6,0.0035532432812499515,0.7415771484375
7,0.0041521776562498669,0.77362060546875
8,0.0047514375390624863,0.770263671875
9,0.0053555800390625574,0.76263427734375
10,0.0059545144140624728,0.762939453125
11,0.0065534487890623883,0.7696533203125
12,0.0071523831640625257,0.8135986328125
13,0.0077542471093750009,0.85113525390625
14,0.0083557855468749942,0.87646484375
15,0.0089547199218749096,0.86669921875
16,0.0091480715624998599,0.65673828125
17,0.0095562583593749029,0.86181640625
18,0.0096985052734375188,0.69488525390625
19,0.010152588671874963,0.88653564453125
20,0.010300043710937512,0.68511962890625
21,0.010705626445312477,0.90667724609375
22,0.010898978085937427,0.68450927734375
23,0.01130716488281247,0.947265625
24,0.011500516523437421,0.692138671875
25,0.011903820703125012,0.9674072265625
26,0.01209977640625004,0.723876953125
27,0.012502755078124927,0.97564697265625
28,0.012701314843750033,0.76751708984375
29,0.013104293515624921,0.97869873046875
30,0.013300249218749949,0.79315185546875
31,0.013703227890625058,0.98236083984375
32,0.013899183593749864,0.80780029296875
33,0.014304766328125051,1.02203369140625
34,0.014500722031249857,0.79864501953125
35,0.014904026210937449,1.0577392578125
36,0.015099981914062477,0.80810546875
37,0.015505564648437442,1.0919189453125
38,0.01570152035156247,0.841064453125
39,0.016104499023437358,1.104736328125
40,0.016300454726562386,0.89752197265625
41,0.016706037460937351,1.092529296875
42,0.016899389101562523,0.92498779296875
43,0.017304971835937488,1.119384765625
44,0.017493440859374987,0.92864990234375
45,0.017904231718749886,1.13372802734375
46,0.018051361249999953,0.94482421875
47,0.018505770156249879,1.1920166015625
48,0.018650295624999869,0.94390869140625
49,0.019104704531250016,1.22467041015625
50,0.019252159570312344,0.96160888671875
51,0.019660020859374905,1.229248046875
52,0.019851093945312481,1.02325439453125
53,0.020256676679687446,1.24359130859375
54,0.020452632382812475,1.0528564453125
55,0.02085821511718744,1.24176025390625
56,0.02105156675781239,1.0906982421875
57,0.021457149492187355,1.29241943359375
58,0.021653105195312383,1.08306884765625
59,0.022058687929687348,1.3134765625
60,0.022252365078125003,1.0955810546875
61,0.02265534374999989,1.37176513671875
62,0.022851299453124918,1.14227294921875
63,0.023256882187499883,1.38946533203125
64,0.023452837890624911,1.17279052734375
65,0.023858420624999876,1.397705078125
66,0.024051772265625049,1.2396240234375
67,0.024457355000000014,1.4215087890625
68,0.024653310703125042,1.25732421875
69,0.025058893437500007,1.43707275390625
70,0.025252570585937439,1.28021240234375
71,0.025658153320312405,1.51214599609375
72,0.025851504960937355,1.282958984375
73,0.026257087695312542,1.55181884765625
74,0.026401938671875014,1.31378173828125
75,0.026858626132812535,1.59637451171875
76,0.027003477109375007,1.3494873046875
77,0.027457560507812451,1.611328125
78,0.027602411484374922,1.424560546875
79,0.028015806406249899,1.62628173828125
80,0.028203949921874916,1.47003173828125
81,0.028612136718749959,1.6656494140625
82,0.028802884296875053,1.49688720703125
83,0.029208467031250018,1.70013427734375
84,0.029402144179687451,1.51641845703125
85,0.029807726914062416,1.778564453125
86,0.030003682617187444,1.5283203125
87,0.030406661289062553,1.80755615234375
88,0.030548908203124947,1.5869140625
89,0.031008199726562546,1.83349609375
90,0.031204155429687352,1.65252685546875
91,0.031607134101562462,1.86370849609375
92,0.031800485742187412,1.7120361328125
93,0.032208672539062455,1.8743896484375
94,0.032404628242187483,1.7449951171875
95,0.032807932421874852,1.943359375
96,0.033003888124999881,1.7645263671875
97,0.033409470859374846,2.00103759765625
98,0.033602822500000018,1.78802490234375
99,0.034008405234374983,2.06207275390625
100,0.034204360937500011,1.8426513671875
101,0.034607339609374899,2.098388671875
102,0.034800691249999849,1.89544677734375
103,0.035208878046874892,2.105712890625
104,0.035356333085937441,1.98577880859375
105,0.035808137929687511,2.159423828125
106,0.03599367738281245,2.00347900390625
107,0.0363634542578124,2.2021484375
108,0.03655680589843735,2.07672119140625
109,0.03700861074218742,2.26043701171875
110,0.03715606578124997,2.07366943359375
111,0.037561648515624935,2.33306884765625
112,0.037755000156249885,2.13958740234375
113,0.038157978828124994,2.3699951171875
114,0.038356538593749878,2.18994140625
115,0.038759517265624988,2.40081787109375
116,0.038955472968750016,2.28179931640625
117,0.039361055703124981,2.445068359375
118,0.039557011406250009,2.32452392578125
119,0.039960315585937378,2.48016357421875
120,0.040156271289062406,2.3779296875
121,0.040561854023437371,2.55889892578125
122,0.040749997539062388,2.41119384765625
123,0.041160788398437509,2.620849609375
124,0.041356744101562537,2.4444580078125
125,0.041759722773437424,2.6776123046875
126,0.041955678476562452,2.54425048828125
127,0.042361261210937418,2.72552490234375
128,0.042557216914062446,2.60162353515625
129,0.042960521093750037,2.76611328125
130,0.043156476796874843,2.708740234375
131,0.04356205953125003,2.8125
132,0.043750203046875047,2.7276611328125
133,0.044160993906249946,2.90252685546875
134,0.044305844882812417,2.80426025390625
135,0.044759928281249861,2.97821044921875
136,0.044907383320312411,2.841796875
137,0.045361466718749854,3.05328369140625
138,0.045506317695312548,2.92266845703125
139,0.045911900429687513,3.1036376953125
140,0.046105252070312464,2.996826171875
141,0.046510834804687429,3.13720703125
142,0.046706790507812457,3.1195068359375
143,0.047110094687500048,3.22784423828125
144,0.047308654453124932,3.1329345703125
145,0.047711633125000041,3.28948974609375
146,0.047907588828124847,3.2708740234375
147,0.048310567499999957,3.369140625
148,0.048506523203124985,3.24737548828125
149,0.04891210593749995,3.46099853515625
150,0.049108061640624978,3.38653564453125
151,0.049511040312499865,3.5076904296875
152,0.049706996015624894,3.42681884765625
153,0.050110300195312485,3.5748291015625
154,0.050308859960937369,3.56658935546875
155,0.050711838632812478,3.63006591796875
156,0.050905190273437428,3.64959716796875
157,0.051310773007812394,3.70330810546875
158,0.051506728710937422,3.717041015625
159,0.051912311445312387,3.80584716796875
160,0.052059766484374936,3.78814697265625
161,0.052511245820312524,3.870849609375
162,0.052658700859374852,3.8531494140625
163,0.053112784257812518,3.9532470703125
164,0.053260239296874845,3.98590087890625
165,0.053712044140624915,4.02496337890625
166,0.053859173671874983,4.0716552734375
167,0.054264756406249948,4.0802001953125
168,0.054460712109374976,4.2181396484375
169,0.054864016289062345,4.176025390625
170,0.055059971992187373,4.248046875
171,0.05546555472656256,4.27764892578125
172,0.055661510429687366,4.4342041015625
173,0.056064489101562476,4.3865966796875
174,0.056260444804687504,4.3975830078125
175,0.056663423476562391,4.4775390625
176,0.056859379179687419,4.6551513671875
177,0.057262357851562529,4.5562744140625
178,0.057460917617187413,4.64813232421875
179,0.057866500351562378,4.659423828125
180,0.058060177500000032,4.9151611328125
181,0.058463156171874919,4.76226806640625
182,0.058661715937500025,4.8785400390625
183,0.059064694609374913,4.8858642578125
184,0.059260650312499941,5.18463134765625
185,0.05966362898437505,5.0201416015625
186,0.059859584687499856,5.10711669921875
187,0.060262563359374965,5.13702392578125
188,0.060453636445312542,5.42205810546875
189,0.060866705859375037,5.23895263671875
190,0.06100895277343743,5.42938232421875
191,0.061463361679687356,5.37567138671875
192,0.061610491210937424,5.71990966796875
193,0.062067504179687427,5.47271728515625
194,0.062209751093750043,5.7757568359375
195,0.062615333828125008,5.631103515625
196,0.062811289531250036,5.96405029296875
197,0.063214268203124924,5.78033447265625
198,0.063407619843749874,6.13128662109375
199,0.063815806640624917,5.91766357421875
200,0.064011762343749945,6.2286376953125
201,0.064414741015625054,6.05377197265625
202,0.06461069671874986,6.50970458984375
203,0.065014000898437452,6.17584228515625
204,0.065212560664062558,6.53106689453125
205,0.065615539335937445,6.30615234375
206,0.065808890976562395,6.8646240234375
207,0.06621447371093736,6.46942138671875
208,0.066407825351562533,6.790771484375
209,0.066816012148437354,6.61529541015625
210,0.067011967851562382,7.2406005859375
211,0.067414946523437491,6.75323486328125
212,0.067610902226562519,6.92169189453125
213,0.068014206406249889,6.83135986328125
214,0.068212766171874994,7.7777099609375
215,0.068615744843749882,6.88751220703125
216,0.068762874374999949,7.27447509765625
217,0.069217283281249875,7.04498291015625
218,0.069364738320312425,8.32550048828125
219,0.069816217656250013,7.1258544921875
220,0.069961068632812484,7.7825927734375
221,0.07041515203125015,7.36175537109375
222,0.070562607070312255,8.85101318359375
223,0.070973397929687598,7.55523681640625
224,0.071161541445312393,8.28155517578125
225,0.07156712417968758,7.7374267578125
226,0.071763079882812386,8.92791748046875
227,0.072168662617187573,7.93853759765625
228,0.072362339765624784,8.56353759765625
229,0.072765318437500115,8.15521240234375
230,0.072957693554687397,8.87115478515625
231,0.073369460937499964,8.360595703125
232,0.073474925468749896,8.85986328125
233,0.073896458085937367,8.66058349609375
234,0.073965791249999802,8.65936279296875
235,0.074223267929687475,9.1571044921875
236,0.074454052968749851,8.49395751953125
237,0.074567329687499795,8.841552734375
238,0.074587511171875009,9.23919677734375
239,0.074625921093750103,8.24310302734375
240,0.074626246601562363,8.0718994140625
curve_id,7
index,Z indent (µm),Force indent (µN)
0,0,0.66253662109375
1,0.0011493680859373523,0.6707763671875
2,0.0012492989843748692,0.65948486328125
3,0.002350166406249965,0.6756591796875
4,0.0029491007812498804,0.69305419921875
5,0.0035506392187498736,0.73272705078125
6,0.0041495735937500111,0.728759765625
7,0.0047511120312500044,0.73638916015625
8,0.0053503719140624018,0.73638916015625
9,0.005951910351562395,0.73638916015625
10,0.0065508447265625325,0.78125
11,0.0071497791015624479,0.806884765625
12,0.0077513175390624411,0.83892822265625
13,0.0083505774218750606,0.83465576171875
14,0.0085211435156249404,0.65277099609375
15,0.0089111018749998827,0.8294677734375
16,0.0091226819531249337,0.69183349609375
17,0.0095100362500000202,0.858154296875
18,0.0097219418359375531,0.6903076171875
19,0.010101483945312406,0.869140625
20,0.010320876210937469,0.68939208984375
21,0.010703022382812399,0.92254638671875
22,0.010917206523437528,0.68206787109375
23,0.011301956757812537,0.94512939453125
24,0.011518744960937521,0.7110595703125
25,0.011900891132812452,0.938720703125
26,0.012102380468749896,0.75592041015625
27,0.012502429570312446,0.9490966796875
28,0.012704244414062371,0.78155517578125
29,0.013101689453125065,0.94512939453125
30,0.013303178789062509,0.8074951171875
31,0.013703227890625058,0.9979248046875
32,0.01387411949218742,0.79315185546875
33,0.014302162265624974,1.01776123046875
34,0.014473053867187557,0.80841064453125
35,0.014903700703124967,1.06475830078125
36,0.015071988242187473,0.836181640625
37,0.015502635078124882,1.06842041015625
38,0.015673526679687466,0.87554931640625
39,0.016101894960937502,1.07025146484375
40,0.016272461054687382,0.92315673828125
41,0.016703433398437495,1.08734130859375
42,0.016874324999999857,0.92529296875
43,0.017263957851562539,1.10321044921875
44,0.017473259374999994,0.94818115234375
45,0.017860613671874859,1.170654296875
46,0.018074797812499988,0.936279296875
47,0.018502840585937541,1.18865966796875
48,0.018673732187499903,0.95062255859375
49,0.019055878359375056,1.204833984375
50,0.01927266656250004,1.00433349609375
51,0.019654812734374971,1.217041015625
52,0.01986932238281236,1.0479736328125
53,0.020254072617187369,1.22039794921875
54,0.020473464882812431,1.08245849609375
55,0.020853006992187506,1.25823974609375
56,0.021057100390625028,1.077880859375
57,0.021454545429687499,1.29241943359375
58,0.021625437031249861,1.09161376953125
59,0.022053479804687415,1.3470458984375
60,0.022224371406249999,1.1114501953125
61,0.022655018242187408,1.36260986328125
62,0.022825909843749992,1.16668701171875
63,0.023254278125000027,1.36810302734375
64,0.023424844218749907,1.21978759765625
65,0.023855816562500021,1.39678955078125
66,0.024024104101562527,1.24237060546875
67,0.024454750937499936,1.40838623046875
68,0.02462564253906252,1.27777099609375
69,0.025056289374999929,1.48590087890625
70,0.025224576914062435,1.26556396484375
71,0.025655223750000067,1.52740478515625
72,0.025826115351562429,1.30645751953125
73,0.026216073710937371,1.56219482421875
74,0.026425049726562566,1.351318359375
75,0.026822494765625038,1.5869140625
76,0.027026588164062559,1.39801025390625
77,0.027413942460937424,1.58905029296875
78,0.027625848046874957,1.46453857421875
79,0.028005390156250032,1.63665771484375
80,0.02822738648437495,1.48162841796875
81,0.028609532656249881,1.6754150390625
82,0.028821112734374932,1.5081787109375
83,0.02920586296874994,1.73675537109375
84,0.029422651171874925,1.52862548828125
85,0.029807401406249934,1.78192138671875
86,0.029970480820312506,1.57623291015625
87,0.030406661289062553,1.800537109375
88,0.030608150624999997,1.64794921875
89,0.031005595664062469,1.83013916015625
90,0.03120968906249999,1.688232421875
91,0.031607134101562462,1.859130859375
92,0.031778025703125046,1.7218017578125
93,0.032206068476562377,1.91009521484375
94,0.032376960078124961,1.74835205078125
95,0.032807606914062371,1.9677734375
96,0.032978498515624954,1.77032470703125
97,0.03340686679687499,2.037353515625
98,0.03357743289062487,1.834716796875
99,0.034008405234374983,2.05322265625
100,0.034176692773437489,1.89453125
101,0.034607339609374899,2.0855712890625
102,0.034778231210937482,1.95831298828125
103,0.035167864062499943,2.120361328125
104,0.035377165585937398,1.9970703125
105,0.035777214687499947,2.1673583984375
106,0.035978704023437391,2.03857421875
107,0.036358246132812466,2.24456787109375
108,0.036577638398437529,2.05963134765625
109,0.036959784570312459,2.29095458984375
110,0.037179176835937522,2.1221923828125
111,0.037558718945312375,2.33306884765625
112,0.037778436718749919,2.17926025390625
113,0.038157978828124994,2.35565185546875
114,0.038374767031249979,2.26898193359375
115,0.038759517265624988,2.386474609375
116,0.038973701406249894,2.30682373046875
117,0.039358451640624903,2.462158203125
118,0.039529343242187487,2.352294921875
119,0.039959990078124896,2.518310546875
120,0.040158875351562484,2.39044189453125
121,0.040558924453125034,2.5848388671875
122,0.040729816054687396,2.4383544921875
123,0.041158184335937431,2.645263671875
124,0.041328750429687533,2.51251220703125
125,0.041759722773437424,2.67578125
126,0.041930614375000008,2.6019287109375
127,0.042358657148437562,2.7252197265625
128,0.042529548749999924,2.65899658203125
129,0.042960195585937555,2.7764892578125
130,0.043128483125000061,2.72613525390625
131,0.04355912996093747,2.86407470703125
132,0.043730021562500054,2.75970458984375
133,0.044160993906249946,2.94342041015625
134,0.04432895593749997,2.81646728515625
135,0.044718914296874912,3.0078125
136,0.044930819882812445,2.9095458984375
137,0.04531784867187505,3.05084228515625
138,0.04552975425781236,2.97637939453125
139,0.045914504492187369,3.10882568359375
140,0.046131292695312576,3.10516357421875
141,0.046513438867187507,3.1744384765625
142,0.046727623007812413,3.0999755859375
143,0.047109769179687566,3.24981689453125
144,0.047326882890625033,3.21441650390625
145,0.047711307617187559,3.34716796875
146,0.047925817265624948,3.2257080078125
147,0.048310567499999957,3.39599609375
148,0.048514660898437478,3.35906982421875
149,0.04891210593749995,3.46893310546875
150,0.049080393476562456,3.4136962890625
151,0.049511040312499865,3.5125732421875
152,0.049681931914062449,3.5546875
153,0.050109974687500003,3.57696533203125
154,0.050280866289062365,3.5919189453125
155,0.050711513124999996,3.68560791015625
156,0.050882404726562358,3.680419921875
157,0.051310773007812394,3.753662109375
158,0.051481339101562495,3.7371826171875
159,0.051912311445312387,3.8348388671875
160,0.052082877539062489,3.84033203125
161,0.052511245820312524,3.9093017578125
162,0.052682137421874886,3.9404296875
163,0.053079582460937358,3.94775390625
164,0.053281071796875024,4.05609130859375
165,0.053665822031250032,4.0631103515625
166,0.053882610234375017,4.1668701171875
167,0.05426215234374987,4.11041259765625
168,0.054481544609374932,4.21630859375
169,0.054863690781249863,4.25018310546875
170,0.055080804492187552,4.349365234375
171,0.055462950664062483,4.3402099609375
172,0.055679738867187467,4.3768310546875
173,0.056061885039062398,4.410400390625
174,0.056278673242187383,4.61822509765625
175,0.056663423476562391,4.50775146484375
176,0.056880211679687376,4.599609375
177,0.057262357851562529,4.58892822265625
178,0.057463847187499972,4.90478515625
179,0.057863896289062522,4.69818115234375
180,0.058075801875000055,4.79736328125
181,0.058462830664062437,4.825439453125
182,0.058633722265625021,5.1129150390625
183,0.059064694609374913,4.94964599609375
184,0.059232656640624937,5.06256103515625
185,0.05966362898437505,5.06378173828125
186,0.059834520585937412,5.36956787109375
187,0.060262563359374965,5.16143798828125
188,0.060433454960937549,5.40191650390625
189,0.060864101796874959,5.27069091796875
190,0.061034993398437543,5.640869140625
191,0.061432438437500014,5.43060302734375
192,0.061633927773437458,5.69671630859375
193,0.06203137281249993,5.56304931640625
194,0.062235466210937451,5.92193603515625
195,0.06262021644531246,5.704345703125
196,0.062834726093750071,6.0064697265625
197,0.063219150820312375,5.8404541015625
198,0.063433660468749986,6.1981201171875
199,0.063818410703124995,5.96832275390625
200,0.064035198906249979,6.45721435546875
201,0.064414741015625054,6.06536865234375
202,0.064631529218750039,6.47216796875
203,0.06501367539062497,6.25762939453125
204,0.065233067656250032,6.8310546875
205,0.065615213828124963,6.37359619140625
206,0.065829723476562574,6.6778564453125
207,0.06621447371093736,6.55853271484375
208,0.066415963046875026,7.16339111328125
209,0.066816012148437576,6.67633056640625
210,0.067027592226562405,6.87957763671875
211,0.067414946523437491,6.79107666015625
212,0.067585838125000075,7.65472412109375
213,0.068016484960937484,6.8731689453125
214,0.06818477249999999,7.220458984375
215,0.0686154193359374,6.922607421875
216,0.068786310937499984,8.22967529296875
217,0.069214679218750019,7.09228515625
218,0.069385245312499899,7.635498046875
219,0.069816217656250013,7.27020263671875
220,0.069987109257812374,8.77593994140625
221,0.070415152031249928,7.40966796875
222,0.070586043632812512,8.2122802734375
223,0.070973072421875116,7.63580322265625
224,0.071187582070312505,8.790283203125
225,0.071585027109374977,7.83050537109375
226,0.071786516445312643,8.489990234375
227,0.072171266679687651,8.01605224609375
228,0.072378289648437288,8.69781494140625
229,0.072767596992187489,8.31329345703125
230,0.072893568515624896,8.7811279296875
231,0.073310869531249878,8.525390625
232,0.073366856874999886,8.43231201171875
233,0.073633773281249759,9.05548095703125
234,0.073858699179687459,8.367919921875
235,0.073965791250000024,8.8250732421875
236,0.073988576796875094,9.2059326171875
237,0.074024708164062591,9.21875
curve_id,8
index,Z indent (µm),Force indent (µN)
0,0,0.67596435546875
1,0.00059893437499991542,0.68023681640625
2,0.0011978687500000529,0.6658935546875
3,0.0017994071875000461,0.66162109375
4,0.0023983415624999616,0.662841796875
5,0.0029591915234374877,0.7135009765625
6,0.0035503137109373917,0.72418212890625
7,0.0041495735937500111,0.7464599609375
8,0.0047485079687499265,0.732421875
9,0.0053500464062499198,0.72509765625
10,0.0059489807812500572,0.75103759765625
11,0.0065505192187500505,0.75469970703125
12,0.0071497791015624479,0.8074951171875
13,0.0077513175390624411,0.81695556640625
14,0.0083502519140625786,0.82855224609375
15,0.008949186289062494,0.82855224609375
16,0.010101158437499924,0.8319091796875
17,0.010208576015624971,0.8624267578125
18,0.010754127109374956,0.892333984375
19,0.010881726171874995,0.68756103515625
20,0.011309443437500066,0.92803955078125
21,0.011442250625000039,0.699462890625
22,0.01191098187500006,0.926513671875
23,0.012041184999999954,0.71990966796875
24,0.012502429570312446,0.92742919921875
25,0.012640444882812574,0.70068359375
26,0.013103968007812439,0.9326171875
27,0.013239379257812489,0.7177734375
28,0.013705506445312432,0.95458984375
29,0.013840917695312482,0.7379150390625
30,0.014301836757812492,1.00433349609375
31,0.014442456132812476,0.7818603515625
32,0.014901096640624889,1.02325439453125
33,0.015041390507812391,0.82794189453125
34,0.015502635078124882,1.04156494140625
35,0.015642928945312384,0.8172607421875
36,0.01610156945312502,1.03179931640625
37,0.016242188828125004,0.83648681640625
38,0.016703107890625013,1.03729248046875
39,0.016841123203124919,0.83099365234375
40,0.017302042265624928,1.0760498046875
41,0.017442661640624912,0.86761474609375
42,0.017903906210937404,1.10076904296875
43,0.01804159601562505,0.90911865234375
44,0.018502840585937541,1.1669921875
45,0.018638251835937369,0.94329833984375
46,0.019101774960937457,1.16943359375
47,0.019242394335937441,0.96527099609375
48,0.01970331339843745,1.17462158203125
49,0.0198387246484375,0.95672607421875
50,0.020263837851562494,1.18438720703125
51,0.020394366484374871,0.9661865234375
52,0.020860493671875036,1.20208740234375
53,0.020993300859375008,0.9893798828125
54,0.021456823984374873,1.2518310546875
55,0.021594839296875001,1.0345458984375
56,0.022058362421874866,1.28753662109375
57,0.022181078867187454,1.0870361328125
58,0.022657622304687486,1.30950927734375
59,0.022792708046875054,1.1016845703125
60,0.023256556679687401,1.31927490234375
61,0.023394571992187529,1.13616943359375
62,0.023852886992187461,1.31683349609375
63,0.023993506367187445,1.1212158203125
64,0.024454425429687454,1.35772705078125
65,0.024595044804687438,1.16973876953125
66,0.025053685312500074,1.4007568359375
67,0.025193979179687576,1.2078857421875
68,0.025655223750000067,1.448974609375
69,0.025795517617187569,1.2542724609375
70,0.026254158124999982,1.4910888671875
71,0.026394777499999966,1.2933349609375
72,0.026855696562499975,1.49810791015625
73,0.026993711874999882,1.2847900390625
74,0.027454630937499891,1.51611328125
75,0.027595250312499875,1.3226318359375
76,0.02805389082031251,1.5399169921875
77,0.028191580624999935,1.33056640625
78,0.028655429257812504,1.6033935546875
79,0.028793119062499928,1.38671875
80,0.02921334964843747,1.64581298828125
81,0.029384566757812536,1.4703369140625
82,0.029855902070312412,1.6937255859375
83,0.029986105195312529,1.48895263671875
84,0.030411543906250005,1.70135498046875
85,0.030585039570312444,1.5216064453125
86,0.031005270156249987,1.72515869140625
87,0.031145889531249971,1.52984619140625
88,0.03160680859374998,1.7608642578125
89,0.031744823906249886,1.572265625
90,0.032206068476562377,1.81365966796875
91,0.032346362343749879,1.63055419921875
92,0.032807606914062371,1.8829345703125
93,0.032945296718750017,1.68365478515625
94,0.033406541289062508,1.92138671875
95,0.03354683515625001,1.74407958984375
96,0.034005475664062423,1.9403076171875
97,0.034146095039062407,1.754150390625
98,0.034607014101562417,1.9744873046875
99,0.034747633476562401,1.79779052734375
100,0.035206273984375036,1.9915771484375
101,0.035346567851562538,1.8035888671875
102,0.035810090976562403,2.0733642578125
103,0.035948106289062531,1.8878173828125
104,0.036406746796874945,2.11883544921875
105,0.036547040664062447,1.9415283203125
106,0.037008285234374938,2.1826171875
107,0.037146300546875066,2.02178955078125
108,0.037607219609375075,2.21099853515625
109,0.037747838984375059,2.0587158203125
110,0.038165465507812524,2.22930908203125
111,0.038344169296874897,2.0794677734375
112,0.038767003945312517,2.27569580078125
113,0.038938221054687361,2.12005615234375
114,0.039360730195312499,2.32666015625
115,0.039542363554687432,2.178955078125
116,0.039959990078124896,2.40234375
117,0.040097679882812542,2.25006103515625
118,0.040561528515624889,2.4609375
119,0.040699218320312536,2.32696533203125
120,0.041157858828124949,2.49786376953125
121,0.041298478203124933,2.354736328125
122,0.041759397265624942,2.53143310546875
123,0.041897412578125071,2.41302490234375
124,0.04235833164062508,2.568359375
125,0.042498951015625064,2.44110107421875
126,0.042957591523437477,2.6446533203125
127,0.043097885390624979,2.51495361328125
128,0.04355912996093747,2.70477294921875
129,0.043699423828124973,2.60101318359375
130,0.044158064335937386,2.794189453125
131,0.04429868371093737,2.657470703125
132,0.044759602773437379,2.8289794921875
133,0.044900222148437363,2.73651123046875
134,0.045358537148437517,2.8814697265625
135,0.045499156523437501,2.76763916015625
136,0.045960401093749992,2.93365478515625
137,0.046098090898437416,2.82928466796875
138,0.046559335468749907,2.982177734375
139,0.046699629335937409,2.88909912109375
140,0.047158269843750045,3.08685302734375
141,0.047293681093749873,2.99560546875
142,0.047718794296874867,3.14422607421875
143,0.047848997421874984,3.06060791015625
144,0.048318054179687486,3.2366943359375
145,0.04848894578125007,3.170166015625
146,0.04891959261718748,3.2733154296875
147,0.049049795742187374,3.18511962890625
148,0.049513318867187461,3.30718994140625
149,0.049651334179687368,3.27239990234375
150,0.050114857304687455,3.4033203125
151,0.050250268554687505,3.30810546875
152,0.050711513124999996,3.4637451171875
153,0.05084920292968742,3.42803955078125
154,0.051310447499999912,3.58154296875
155,0.051450741367187414,3.51470947265625
156,0.051909381875000049,3.64044189453125
157,0.052050001250000033,3.6322021484375
158,0.052510920312500042,3.69415283203125
159,0.052651539687500026,3.65814208984375
160,0.05311018019531244,3.77471923828125
161,0.053250474062499942,3.78082275390625
162,0.053711718632812433,3.8128662109375
163,0.053852012499999935,3.798828125
164,0.05431065300781257,3.92486572265625
165,0.054450946875000072,3.9471435546875
166,0.054912191445312564,4.0185546875
167,0.055052810820312548,4.0594482421875
168,0.055511125820312479,4.0924072265625
169,0.055651745195312463,4.12628173828125
170,0.056112664257812472,4.169921875
171,0.056250679570312379,4.2822265625
172,0.056670910156249921,4.21234130859375
173,0.056801113281250037,4.276123046875
174,0.05726724046874998,4.33197021484375
175,0.057441061640624902,4.4549560546875
176,0.057866174843749896,4.42169189453125
177,0.058042600078124895,4.483642578125
178,0.058462830664062437,4.54803466796875
179,0.058603124531249939,4.715576171875
180,0.059064369101562431,4.6368408203125
181,0.059202384414062559,4.72564697265625
182,0.059663303476562568,4.73846435546875
183,0.059803922851562552,4.9615478515625
184,0.060262237851562483,4.8175048828125
185,0.060402857226562467,4.91485595703125
186,0.060864101796874959,4.91546630859375
187,0.061001791601562383,5.2178955078125
188,0.061463036171874874,5.0732421875
189,0.061603330039062376,5.16937255859375
190,0.062061970546875012,5.17852783203125
191,0.062202589921874996,5.50262451171875
192,0.062663508984375005,5.32318115234375
193,0.062804128359374989,5.513916015625
194,0.06326244335937492,5.44830322265625
195,0.063403062734374904,5.78216552734375
196,0.063864307304687395,5.546875
197,0.064001997109375042,5.81451416015625
198,0.064463241679687533,5.7086181640625
199,0.064598652929687583,6.01715087890625
200,0.065064780117187526,5.81329345703125
201,0.065202795429687432,6.192626953125
202,0.065622700507812493,5.98388671875
203,0.065793917617187558,6.30218505859375
204,0.066219356328125034,6.156005859375
205,0.066354767578124862,6.62261962890625
206,0.066820894765625027,6.23779296875
207,0.066994715937499949,6.58660888671875
208,0.067414621015625009,6.43035888671875
209,0.067555240390624993,6.93206787109375
210,0.068013880898437407,6.49505615234375
211,0.068054243867187392,6.79656982421875
212,0.0686154193359374,6.7010498046875
213,0.068755713203124902,7.32757568359375
214,0.069214353710937537,6.81427001953125
215,0.069354973085937521,7.00225830078125
216,0.069815892148437531,6.8798828125
217,0.069953907460937437,7.85980224609375
218,0.070414826523437446,6.983642578125
219,0.07055544589843743,7.40814208984375
220,0.071016364960937439,7.1014404296875
221,0.071154380273437567,8.40972900390625
222,0.071615624843750059,7.23907470703125
223,0.071755918710937561,7.87994384765625
224,0.072214559218749752,7.4505615234375
225,0.072355178593749958,9.00634765625
226,0.072816097656250189,7.63763427734375
227,0.072956717031249951,8.41796875
228,0.073415032031249883,7.87567138671875
229,0.073555651406250089,9.0496826171875
230,0.074016570468749876,8.0780029296875
231,0.074151981718749926,8.7274169921875
232,0.074615830351562273,8.28369140625
233,0.074743429414062312,8.98193359375
234,0.075176354804687318,8.53729248046875
235,0.075262614375000148,9.04571533203125
236,0.075688053085937401,8.7322998046875
237,0.075816303164062404,8.74481201171875
238,0.075996634492187631,9.23370361328125
239,0.076235231718750018,8.59649658203125
240,0.076371944999999997,9.0252685546875
241,0.07637845515625008,9.21875
242,0.076425328281250149,8.35723876953125
243,0.076425653789062409,8.90625
curve_id,9
index,Z indent (µm),Force indent (µN)
0,0,0.65155029296875
1,0.0017997326953125281,0.65216064453125
2,0.0024012711328125214,0.66986083984375
3,0.0030002055078124368,0.7098388671875
4,0.00360174394531243,0.7080078125
5,0.0041547817187499447,0.69671630859375
6,0.0047537160937498601,0.70068359375
7,0.0053552545312498534,0.6982421875
8,0.0059541889062499909,0.74127197265625
9,0.0065508447265625325,0.760498046875
10,0.0071549872265623815,0.78643798828125
11,0.007753921601562519,0.77606201171875
12,0.0083528559765624344,0.77301025390625
13,0.0089543944140624276,0.7843017578125
14,0.009553654296874825,0.8062744140625
15,0.01015519273437504,0.8660888671875
16,0.010754127109374956,0.86700439453125
17,0.011353061484374871,0.87188720703125
18,0.011954599921874864,0.86761474609375
19,0.012091638710937325,0.66741943359375
20,0.012507637695312379,0.87615966796875
21,0.01269317714843754,0.7147216796875
22,0.013106572070312517,0.91278076171875
23,0.013294715585937533,0.7318115234375
24,0.013703227890624836,0.94757080078125
25,0.013896254023437526,0.73211669921875
26,0.014302162265624974,0.97930908203125
27,0.014495188398437442,0.7257080078125
28,0.014903700703124967,0.9722900390625
29,0.015094448281249839,0.740966796875
30,0.015502635078124882,0.9796142578125
31,0.015695986718749833,0.7635498046875
32,0.016104173515624876,0.986328125
33,0.01629492109374997,0.809326171875
34,0.016703433398437495,1.0107421875
35,0.016845354804687407,0.853271484375
36,0.017304971835937488,1.0638427734375
37,0.0174468932421874,0.8465576171875
38,0.017903906210937404,1.08612060546875
39,0.018045827617187538,0.8575439453125
40,0.018505444648437397,1.11480712890625
41,0.018644761992187453,0.86181640625
42,0.019104379023437534,1.1083984375
43,0.019246300429687446,0.90087890625
44,0.019703638906249932,1.116943359375
45,0.019845560312499844,0.9503173828125
46,0.020305177343749925,1.1553955078125
47,0.020447098749999837,0.9716796875
48,0.02090411171874984,1.18865966796875
49,0.021046033124999974,0.99822998046875
50,0.021505650156249834,1.23138427734375
51,0.021647571562499968,0.9814453125
52,0.022061291992187426,1.241455078125
53,0.022246505937499883,0.99456787109375
54,0.022660226367187342,1.24481201171875
55,0.022848369882812358,1.02783203125
56,0.023256556679687401,1.248779296875
57,0.023447304257812496,1.0797119140625
58,0.023855491054687539,1.28021240234375
59,0.024046238632812411,1.13525390625
60,0.024454750937499936,1.33453369140625
61,0.024647777070312404,1.1480712890625
62,0.025056289374999929,1.36993408203125
63,0.025246711445312542,1.173095703125
64,0.025655223749999845,1.38946533203125
65,0.025797145156249979,1.16607666015625
66,0.026256762187499838,1.39556884765625
67,0.026398683593749972,1.19110107421875
68,0.026855696562499975,1.4080810546875
69,0.027038631953124836,1.248779296875
70,0.027457560507812451,1.4532470703125
71,0.027599481914062363,1.29364013671875
72,0.028056494882812366,1.4984130859375
73,0.0281984162890625,1.33148193359375
74,0.028655429257812504,1.57318115234375
75,0.028797350664062416,1.33087158203125
76,0.029256967695312497,1.5869140625
77,0.029398889101562409,1.361083984375
78,0.029855902070312412,1.60858154296875
79,0.029998148984375028,1.38214111328125
80,0.030457766015624888,1.624755859375
81,0.030599687421875021,1.431884765625
82,0.031056700390625025,1.651611328125
83,0.031198621796874937,1.51214599609375
84,0.031607134101562462,1.71844482421875
85,0.031797556171874852,1.5472412109375
86,0.032206068476562377,1.756591796875
87,0.032399094609374846,1.57196044921875
88,0.032807606914062371,1.8194580078125
89,0.032998354492187465,1.58355712890625
90,0.033406541289062508,1.82861328125
91,0.033546184140624824,1.62017822265625
92,0.034008079726562501,1.85150146484375
93,0.034150326640624895,1.68060302734375
94,0.034607339609374899,1.8896484375
95,0.034749261015625033,1.737060546875
96,0.035208878046874892,1.9305419921875
97,0.035350799453125026,1.7919921875
98,0.035807812421875029,2.0037841796875
99,0.035949733828124941,1.80938720703125
100,0.036406746796874945,2.06146240234375
101,0.036548668203124857,1.84722900390625
102,0.037008285234374938,2.08160400390625
103,0.037150532148437332,1.86370849609375
104,0.037607545117187335,2.119140625
105,0.037749466523437469,1.93023681640625
106,0.038209083554687329,2.13623046875
107,0.038351004960937463,2.02301025390625
108,0.038808017929687466,2.203369140625
109,0.038949939335937378,2.06329345703125
110,0.039363659765624837,2.2601318359375
111,0.039551477773437371,2.1337890625
112,0.040008490742187375,2.31903076171875
113,0.040150412148437509,2.12738037109375
114,0.040558924453125034,2.3577880859375
115,0.040749672031249906,2.18963623046875
116,0.041160462890625027,2.3785400390625
117,0.041351210468749899,2.22869873046875
118,0.04176200132812502,2.427978515625
119,0.041950144843750037,2.31597900390625
120,0.04235865714843734,2.48199462890625
121,0.04255168328125003,2.37548828125
122,0.042960195585937333,2.55889892578125
123,0.043102116992187467,2.44598388671875
124,0.04355912996093747,2.6171875
125,0.043742065351562331,2.4688720703125
126,0.044160668398437464,2.679443359375
127,0.044300311250000002,2.5262451171875
128,0.044762206835937457,2.7099609375
129,0.044901849687499995,2.5714111328125
130,0.045361466718749854,2.757568359375
131,0.04550078406249991,2.66845703125
132,0.045963005156249848,2.8192138671875
133,0.046102322499999904,2.74383544921875
134,0.046559335468749907,2.8826904296875
135,0.046701256875000041,2.80731201171875
136,0.047160873906249901,2.99652099609375
137,0.047300516757812439,2.86285400390625
138,0.047762412343749894,3.035888671875
139,0.047902055195312432,2.90191650390625
140,0.048361672226562513,3.08868408203125
141,0.048500989570312347,2.9754638671875
142,0.048963210664062506,3.15521240234375
143,0.049102528007812341,3.04534912109375
144,0.049511040312499865,3.19732666015625
145,0.049701462382812478,3.17138671875
146,0.050109974687500003,3.2977294921875
147,0.050303000820312471,3.2037353515625
148,0.050711513124999996,3.3636474609375
149,0.050902260703124869,3.31207275390625
150,0.051310447499999912,3.45001220703125
151,0.051501195078125006,3.30657958984375
152,0.051911985937499905,3.50250244140625
153,0.052054232851562521,3.4466552734375
154,0.052511245820312524,3.5491943359375
155,0.052655771289062514,3.46710205078125
156,0.05311018019531244,3.6370849609375
157,0.053254705664062429,3.63922119140625
158,0.053711718632812433,3.7103271484375
159,0.053856244101562423,3.692626953125
160,0.054310653007812348,3.8079833984375
161,0.054455178476562338,3.80279541015625
162,0.054912191445312342,3.88092041015625
163,0.055054438359374958,3.837890625
164,0.055511451328124961,3.9459228515625
165,0.055655976796874951,3.93218994140625
166,0.056110385703124876,3.99688720703125
167,0.056254911171874866,4.03289794921875
168,0.05671192414062487,4.0985107421875
169,0.056856449609374859,4.1375732421875
170,0.057310858515625007,4.16961669921875
171,0.057455383984374997,4.2706298828125
172,0.057861292226562444,4.26300048828125
173,0.058054643867187394,4.32861328125
174,0.058465434726562515,4.38873291015625
175,0.058656182304687388,4.48760986328125
176,0.059061765039062353,4.44366455078125
177,0.059255116679687525,4.4708251953125
178,0.059663628984374828,4.52911376953125
179,0.059856655117187518,4.7088623046875
180,0.060265167421875043,4.63165283203125
181,0.060452985429687356,4.70184326171875
182,0.060864101796874959,4.70245361328125
183,0.061003419140625015,4.993896484375
184,0.061465640234374952,4.87701416015625
185,0.061604957578125008,4.9334716796875
186,0.062061970546875012,4.95819091796875
187,0.062204217460937405,5.25299072265625
188,0.062666113046874861,5.08209228515625
189,0.062805755898437399,5.16326904296875
190,0.06326537292968748,5.18707275390625
191,0.063404690273437536,5.49896240234375
192,0.063864307304687395,5.26885986328125
193,0.064003624648437452,5.47332763671875
194,0.064465845742187389,5.435791015625
195,0.064605163085937445,5.79986572265625
196,0.065064780117187526,5.56854248046875
197,0.065204422968749842,5.850830078125
198,0.065620421953124897,5.71685791015625
199,0.065805961406249835,6.044921875
200,0.066265578437499917,5.87188720703125
201,0.066404895781249973,6.19659423828125
202,0.066813408085937498,5.96099853515625
203,0.067006434218749966,6.28753662109375
204,0.067414946523437491,6.13128662109375
205,0.067607972656249959,6.59576416015625
206,0.068013880898437407,6.25396728515625
207,0.068204628476562501,6.6064453125
208,0.0686154193359374,6.40869140625
209,0.068806166914062494,6.895751953125
210,0.069214353710937537,6.57257080078125
211,0.069402497226562332,6.81915283203125
212,0.069813613593749935,6.69921875
213,0.070004035664062325,7.30438232421875
214,0.070415152031249928,6.81182861328125
215,0.07055707343749984,6.993408203125
216,0.071014086406249843,6.86676025390625
217,0.071156007812499977,7.879638671875
218,0.071615624843749837,6.97021484375
219,0.071757546249999971,7.36175537109375
220,0.072214559218749974,7.08831787109375
221,0.072356480624999886,8.44879150390625
222,0.072816097656249967,7.30865478515625
223,0.072958344570312361,7.87994384765625
224,0.073415357539062365,7.43011474609375
225,0.073557278945312499,8.9813232421875
226,0.074016895976562358,7.681884765625
227,0.074156213320312636,8.43231201171875
228,0.074615830351562495,7.82562255859375
229,0.074757751757812629,9.02099609375
230,0.075214764726562633,8.04931640625
231,0.075356686132812323,8.7158203125
232,0.075767802499999926,8.27239990234375
233,0.07595236542968764,8.98895263671875
234,0.076366736875000063,8.5467529296875
235,0.07646959734375014,8.98773193359375
236,0.07689112996093761,8.81256103515625
237,0.076968275312500056,8.7408447265625
238,0.077171717695312614,9.20501708984375
239,0.077218265312499978,8.61572265625
240,0.077564931132812598,9.0203857421875
241,0.077620918476562606,8.34075927734375
242,0.077621243984374866,8.90625
curve_id,10
index,Z indent (µm),Force indent (µN)
0,0,0.673828125
1,0.00060414250000007108,0.6719970703125
2,0.0012004728125001307,0.662841796875
3,0.0017997326953125281,0.6585693359375
4,0.0023550490234376387,0.65521240234375
5,0.0029517048437501803,0.69000244140625
6,0.0035506392187500957,0.71502685546875
7,0.0041547817187501668,0.74188232421875
8,0.0047537160937500822,0.72845458984375
9,0.0053526504687499976,0.72052001953125
10,0.0059519103515626171,0.73211669921875
11,0.0065534487890626103,0.74615478515625
12,0.0071549872265626036,0.7843017578125
13,0.007753921601562519,0.7977294921875
14,0.0083528559765626564,0.80413818359375
15,0.0089521158593750538,0.81085205078125
16,0.0095536542968750471,0.79010009765625
17,0.01015519273437504,0.8404541015625
18,0.010756731171875034,0.860595703125
19,0.011309768945312548,0.90545654296875
20,0.011545111093750116,0.679931640625
21,0.01190349519531253,0.9088134765625
22,0.012146649531250109,0.66864013671875
23,0.012502429570312668,0.90087890625
24,0.012745909414062506,0.67840576171875
25,0.013106572070312517,0.9100341796875
26,0.013347447851562499,0.67657470703125
27,0.013703227890625058,0.9197998046875
28,0.013948986289062715,0.7049560546875
29,0.014304766328125051,0.972900390625
30,0.014545316601562552,0.75408935546875
31,0.014906304765625045,0.99884033203125
32,0.015146855039062546,0.7720947265625
33,0.015502635078125104,1.0198974609375
34,0.015746114921875165,0.79071044921875
35,0.016106777578125175,1.01837158203125
36,0.016339841171875147,0.78155517578125
37,0.016703433398437495,1.02203369140625
38,0.016895483007812517,0.78399658203125
39,0.01730497183593771,1.044921875
40,0.017497021445312511,0.821533203125
41,0.017903906210937626,1.060791015625
42,0.018098559882812504,0.860595703125
43,0.018505444648437619,1.12213134765625
44,0.018700098320312497,0.90972900390625
45,0.019061086484375211,1.15325927734375
46,0.019296428632812557,0.91705322265625
47,0.019657416796875049,1.153564453125
48,0.019895688515625176,0.92864990234375
49,0.020256351171875187,1.16912841796875
50,0.020497226953125169,0.91583251953125
51,0.020855611054687584,1.165771484375
52,0.021098765390625163,0.9454345703125
53,0.021454545429687499,1.2139892578125
54,0.021700303828125156,0.98175048828125
55,0.022056083867187715,1.2408447265625
56,0.022299238203125071,1.02752685546875
57,0.02265501824218763,1.28448486328125
58,0.022898172578125209,1.0546875
59,0.023256556679687623,1.29730224609375
60,0.023497432460937606,1.05804443359375
61,0.023860699179687694,1.2884521484375
62,0.024091158710937588,1.07452392578125
63,0.024454750937500158,1.31622314453125
64,0.024649404609375036,1.07421875
65,0.025056289375000151,1.32781982421875
66,0.025291957031250201,1.1419677734375
67,0.025655223750000067,1.39373779296875
68,0.025849877421875167,1.19232177734375
69,0.026259366250000138,1.41937255859375
70,0.026448811796875082,1.2274169921875
71,0.02685602207031268,1.4501953125
72,0.027048071679687702,1.24786376953125
73,0.027457560507812673,1.46942138671875
74,0.027649610117187695,1.2408447265625
75,0.028012876835937561,1.48834228515625
76,0.028248544492187611,1.2744140625
77,0.028609532656250103,1.51519775390625
78,0.028850082929687604,1.3104248046875
79,0.029205862968750163,1.5594482421875
80,0.029449017304687519,1.36749267578125
81,0.029807401406250156,1.6131591796875
82,0.030048277187500139,1.424560546875
83,0.030406335781250071,1.64764404296875
84,0.030649815625000132,1.4361572265625
85,0.031007874218750064,1.66290283203125
86,0.031248750000000047,1.46148681640625
87,0.03160973816406254,1.6845703125
88,0.031850288437500041,1.48345947265625
89,0.032208672539062677,1.712646484375
90,0.032449222812500178,1.5240478515625
91,0.032807606914062593,1.768798828125
92,0.033043274570312642,1.58935546875
93,0.033406541289062508,1.81732177734375
94,0.033601194960937608,1.63970947265625
95,0.034008079726562501,1.875
96,0.034149024609375189,1.68701171875
97,0.034609943671875198,1.90155029296875
98,0.034801993281249999,1.70379638671875
99,0.035208878046875114,1.91253662109375
100,0.035400927656250136,1.7181396484375
101,0.035807812421875029,1.9573974609375
102,0.035999862031250052,1.76300048828125
103,0.036363454257812622,1.99066162109375
104,0.036604004531250123,1.83135986328125
105,0.036957180507812604,2.07489013671875
106,0.037202938906250038,1.89056396484375
107,0.037558718945312597,2.11517333984375
108,0.037802198789062658,1.93634033203125
109,0.03816025738281259,2.15972900390625
110,0.038401133164062573,1.959228515625
111,0.038762121328125065,2.17529296875
112,0.039002671601562566,1.99676513671875
113,0.039358451640625125,2.20611572265625
114,0.03960421003906256,2.05322265625
115,0.039959990078125118,2.2601318359375
116,0.040203144414062697,2.11212158203125
117,0.040558924453125034,2.3187255859375
118,0.040802404296875094,2.1893310546875
119,0.041160462890625027,2.38861083984375
120,0.041396130546875076,2.26165771484375
121,0.04176200132812502,2.4212646484375
122,0.041995064921875214,2.2723388671875
123,0.042358657148437562,2.46246337890625
124,0.042596603359375207,2.3370361328125
125,0.042960195585937555,2.49847412109375
126,0.043152245195312577,2.3529052734375
127,0.043559129960937693,2.54913330078125
128,0.043753783632812571,2.44476318359375
129,0.044160668398437686,2.6275634765625
130,0.04435011394531263,2.51800537109375
131,0.044762206835937679,2.685546875
132,0.044954256445312701,2.58819580078125
133,0.045310036484375038,2.755126953125
134,0.045553516328125099,2.63885498046875
135,0.045909296367187657,2.79632568359375
136,0.046152450703125014,2.68463134765625
137,0.046510834804687651,2.83966064453125
138,0.046753989140625007,2.723388671875
139,0.047112373242187644,2.91046142578125
140,0.047352923515625145,2.8082275390625
141,0.047708703554687704,2.95989990234375
142,0.047954461953125138,2.88665771484375
143,0.048310241992187697,3.0731201171875
144,0.048553721835937536,2.9718017578125
145,0.048912105937500172,3.1304931640625
146,0.049152656210937673,3.045654296875
147,0.049511040312500088,3.19793701171875
148,0.049705693984375188,3.08074951171875
149,0.050112578750000081,3.2440185546875
150,0.050304628359375103,3.16436767578125
151,0.050711513124999996,3.277587890625
152,0.050900958671875163,3.197021484375
153,0.051310447500000134,3.37921142578125
154,0.051502497109375156,3.328857421875
155,0.051912311445312609,3.4490966796875
156,0.052104035546875149,3.36669921875
157,0.052467627773437497,3.538818359375
158,0.052703295429687547,3.5186767578125
159,0.053112784257812518,3.61480712890625
160,0.05330483386718754,3.51348876953125
161,0.053663217968750176,3.65203857421875
162,0.0539011641796876,3.6529541015625
163,0.05426475640625017,3.73291015625
164,0.054505306679687671,3.65081787109375
165,0.054863690781250085,3.80035400390625
166,0.055104241054687586,3.81072998046875
167,0.055462625156250001,3.87939453125
168,0.055706105000000061,3.8739013671875
169,0.05606188503906262,3.9794921875
170,0.056305039375000199,3.99444580078125
171,0.056663423476562613,4.05029296875
172,0.056903973750000114,4.08111572265625
173,0.057264961914062606,4.117431640625
174,0.057505512187500107,4.14276123046875
175,0.057863896289062522,4.1729736328125
176,0.058104446562500023,4.2535400390625
177,0.058462830664062659,4.26666259765625
178,0.058654880273437682,4.3408203125
179,0.059062090546875057,4.36737060546875
180,0.059256418710937675,4.49371337890625
181,0.059666233046875128,4.4683837890625
182,0.05985828265625015,4.5623779296875
183,0.060265167421875043,4.57000732421875
184,0.060457217031250066,4.74761962890625
185,0.060864101796875181,4.66094970703125
186,0.061056151406250203,4.718017578125
187,0.061419743632812551,4.72137451171875
188,0.061657689843750196,4.98046875
189,0.062018678007812689,4.84771728515625
190,0.06225922828125019,4.91455078125
191,0.062615008320312526,4.96978759765625
192,0.062858488164062587,5.27130126953125
193,0.063214268203125146,5.08209228515625
194,0.063457422539062502,5.2239990234375
195,0.063813202578125061,5.21820068359375
196,0.06405635691406264,5.5712890625
197,0.064414741015625054,5.32745361328125
198,0.064657895351562633,5.49041748046875
199,0.065013675390625192,5.42083740234375
200,0.065259433789062626,5.799560546875
201,0.065615213828125185,5.56976318359375
202,0.065858368164062542,5.79437255859375
203,0.066214148203125101,5.6915283203125
204,0.066457628046875161,6.102294921875
205,0.066816012148437576,5.86700439453125
206,0.067008061757812598,6.1871337890625
207,0.067414946523437713,6.0150146484375
208,0.06765061417968754,6.383056640625
209,0.068013880898437629,6.1297607421875
210,0.068252152617187534,6.61529541015625
211,0.0686180233984377,6.2701416015625
212,0.068807468945312644,6.614990234375
213,0.06917366523437507,6.4031982421875
214,0.06940640332031256,6.8939208984375
215,0.06976999554687513,6.52557373046875
216,0.070008267265625035,6.81976318359375
217,0.070368929921875045,6.69921875
218,0.070609805703125028,7.3260498046875
219,0.070965585742187587,6.81427001953125
220,0.071208740078125166,7.05352783203125
221,0.071564520117187502,6.8695068359375
222,0.071807674453125081,7.8485107421875
223,0.072166058554687718,6.99066162109375
224,0.072406608828124996,7.40234375
225,0.072767596992187711,7.05474853515625
226,0.073008472773437694,8.4552001953125
227,0.073366531367187626,7.29156494140625
228,0.073610011210937687,7.828369140625
229,0.073965791250000024,7.42034912109375
230,0.074208945585937602,9.09576416015625
231,0.074564725625000161,7.640380859375
232,0.07480787996093774,8.32427978515625
233,0.075166264062500154,7.87841796875
234,0.075406814335937433,9.10247802734375
235,0.075767802500000148,8.0364990234375
236,0.076006074218750275,8.64105224609375
237,0.076366736875000285,8.2568359375
238,0.076593615820312433,9.04510498046875
239,0.076965996757812682,8.51348876953125
240,0.07702784324218781,8.92425537109375
241,0.077110196718749968,8.8775634765625
242,0.077567535195312676,8.71185302734375
243,0.078166469570312813,9.03289794921875
244,0.078184046992187728,9.2401123046875
245,0.078222456914062821,8.43231201171875
246,0.078222782421875081,8.228759765625
curve_id,11
index,Z indent (µm),Force indent (µN)
0,0,0.68634033203125
1,0.00059893437500013746,0.6878662109375
2,0.0012007983203126127,0.68634033203125
3,0.0017997326953125281,0.68511962890625
4,0.0023986670703126656,0.67901611328125
5,0.0030002055078126588,0.71258544921875
6,0.0035532432812501735,0.73150634765625
7,0.0041521776562500889,0.7647705078125
8,0.0047537160937500822,0.74615478515625
9,0.0053503719140626238,0.74615478515625
10,0.0059519103515626171,0.75408935546875
11,0.0065508447265625325,0.76873779296875
12,0.0071497791015626699,0.81512451171875
13,0.0077513175390626632,0.8343505859375
14,0.0083505774218750606,0.8551025390625
15,0.0089521158593750538,0.8428955078125
16,0.0095510502343749692,0.84381103515625
17,0.010152588671875185,0.87249755859375
18,0.010383048203125078,0.67626953125
19,0.010710834570312633,0.8984375
20,0.010981982578124994,0.6915283203125
21,0.011353061484375093,0.941162109375
22,0.011581242460937613,0.70770263671875
23,0.011952321367187491,0.9454345703125
24,0.012180176835937528,0.69244384765625
25,0.01250275507812515,0.94512939453125
26,0.012781715273437522,0.70587158203125
27,0.013101689453125065,0.9490966796875
28,0.013375767031249985,0.72479248046875
29,0.013703227890625058,0.96099853515625
30,0.013933687421875174,0.760498046875
31,0.014302162265624974,1.0052490234375
32,0.014532621796875089,0.79681396484375
33,0.014903700703125189,1.031494140625
34,0.015134160234375083,0.80718994140625
35,0.015502960585937586,1.06689453125
36,0.01573342011718748,0.80963134765625
37,0.01610449902343758,1.0638427734375
38,0.016332354492187617,0.81146240234375
39,0.016703433398437495,1.06048583984375
40,0.016933892929687611,0.84259033203125
41,0.017302367773437632,1.08978271484375
42,0.017532827304687526,0.89447021484375
43,0.017903906210937626,1.11907958984375
44,0.018134365742187519,0.919189453125
45,0.018503166093750023,1.17279052734375
46,0.018733625625000139,0.953369140625
47,0.019104704531250016,1.19354248046875
48,0.019335164062500132,0.9429931640625
49,0.019662624921874983,1.20361328125
50,0.019934098437500047,0.9515380859375
51,0.020264163359374976,1.20880126953125
52,0.020530428750000107,0.9661865234375
53,0.020860819179687518,1.21246337890625
54,0.021134571250000178,0.9991455078125
55,0.021454545429687499,1.2579345703125
56,0.021685004960937615,1.06292724609375
57,0.022053479804687637,1.29180908203125
58,0.02228393933593753,1.070556640625
59,0.02265501824218763,1.32904052734375
60,0.022885803281250006,1.10107421875
61,0.023254278125000027,1.35101318359375
62,0.023484737656250143,1.09375
63,0.023855816562500021,1.34002685546875
64,0.024086276093750136,1.129150390625
65,0.024457355000000014,1.3702392578125
66,0.024685210468750052,1.17401123046875
67,0.025056289375000151,1.3885498046875
68,0.025284144843750189,1.21429443359375
69,0.025655223750000067,1.446533203125
70,0.025886008789062664,1.268310546875
71,0.026254483632812686,1.5032958984375
72,0.02648494316406258,1.2713623046875
73,0.02685602207031268,1.53472900390625
74,0.027086481601562573,1.2799072265625
75,0.027454956445312595,1.5496826171875
76,0.027685415976562489,1.30340576171875
77,0.028056494882812588,1.5484619140625
78,0.028286954414062482,1.3336181640625
79,0.028612136718750181,1.5997314453125
80,0.028886214296875101,1.40472412109375
81,0.029208467031250018,1.61895751953125
82,0.029485148671875017,1.43829345703125
83,0.029810005468750012,1.70196533203125
84,0.030084083046875154,1.48834228515625
85,0.030406661289062553,1.727294921875
86,0.030637120820312669,1.5020751953125
87,0.031005595664062691,1.7474365234375
88,0.031236055195312584,1.51611328125
89,0.031607134101562684,1.76849365234375
90,0.0318349895703125,1.5576171875
91,0.032206068476562599,1.79107666015625
92,0.032436528007812493,1.62872314453125
93,0.032807606914062593,1.8524169921875
94,0.032938461054687673,1.67388916015625
95,0.03340686679687499,1.90521240234375
96,0.033637326328125106,1.7169189453125
97,0.034008405234374983,1.95709228515625
98,0.034236260703125021,1.73980712890625
99,0.034607339609375121,1.99493408203125
100,0.034837799140625014,1.75140380859375
101,0.035208878046875114,1.9927978515625
102,0.035436733515625152,1.802978515625
103,0.035807812421875029,2.0562744140625
104,0.036038271953125145,1.86187744140625
105,0.036407072304687649,2.0947265625
106,0.036637531835937542,1.92962646484375
107,0.036967596757812471,2.15240478515625
108,0.037239070273437536,1.98089599609375
109,0.037561323007812675,2.216796875
110,0.037835400585937595,2.00469970703125
111,0.038157978828124994,2.23846435546875
112,0.038434334960937511,2.04681396484375
113,0.038762121328125065,2.27294921875
114,0.039036198906249986,2.08526611328125
115,0.039358451640625125,2.28973388671875
116,0.03962992515625019,2.1417236328125
117,0.039959990078125118,2.3529052734375
118,0.040188171054687638,2.24365234375
119,0.040559249960937516,2.40753173828125
120,0.040789709492187631,2.27294921875
121,0.041158184335937653,2.4951171875
122,0.041388643867187547,2.354736328125
123,0.041759722773437646,2.52105712890625
124,0.04199018230468754,2.35626220703125
125,0.042358657148437562,2.5701904296875
126,0.042589116679687677,2.42462158203125
127,0.042960195585937555,2.59307861328125
128,0.043139550390625114,2.47772216796875
129,0.043559455468750174,2.65228271484375
130,0.043789915000000068,2.5762939453125
131,0.044160993906250168,2.73193359375
132,0.044388849374999984,2.6416015625
133,0.044759928281250083,2.7978515625
134,0.044990387812499977,2.6971435546875
135,0.045320452734375127,2.87750244140625
136,0.045589322187500114,2.74169921875
137,0.045914504492187591,2.90985107421875
138,0.046190860625000107,2.78350830078125
139,0.046510834804687651,2.95867919921875
140,0.046787516445312649,2.8778076171875
141,0.047112373242187644,3.03192138671875
142,0.047389054882812642,2.93701171875
143,0.047711307617187559,3.10272216796875
144,0.047982781132812624,3.06060791015625
145,0.048310567500000179,3.18359375
146,0.048541027031250072,3.0859375
147,0.048912105937500172,3.2763671875
148,0.049139961406249988,3.1707763671875
149,0.049511040312500088,3.2958984375
150,0.049741499843749981,3.19244384765625
151,0.050109974687500003,3.3721923828125
152,0.050340434218750119,3.29010009765625
153,0.050711513124999996,3.42132568359375
154,0.050942298164062594,3.34716796875
155,0.051310773007812616,3.50494384765625
156,0.051541232539062509,3.50830078125
157,0.051912311445312609,3.592529296875
158,0.052142770976562502,3.5089111328125
159,0.052511245820312524,3.68316650390625
160,0.05274170535156264,3.66424560546875
161,0.053112784257812518,3.73016357421875
162,0.053343243789062633,3.64990234375
163,0.053711718632812655,3.8006591796875
164,0.053942178164062549,3.79669189453125
165,0.054269964531250103,3.8421630859375
166,0.054541438046875168,3.84033203125
167,0.054868898906250019,3.94012451171875
168,0.055140372421875083,3.96881103515625
169,0.055465229218750078,4.036865234375
170,0.055741910859375077,4.08477783203125
171,0.05606188503906262,4.1204833984375
172,0.056338566679687618,4.1412353515625
173,0.056663423476562613,4.2083740234375
174,0.056891278945312651,4.25933837890625
175,0.057262357851562529,4.2547607421875
176,0.057492817382812644,4.29473876953125
177,0.057863896289062522,4.35089111328125
178,0.058094355820312638,4.4781494140625
179,0.058463156171875141,4.43084716796875
180,0.058693615703125035,4.5111083984375
181,0.059064694609375135,4.53216552734375
182,0.059292550078125172,4.76226806640625
183,0.05966362898437505,4.66583251953125
184,0.059894088515625166,4.7015380859375
185,0.060262563359375187,4.747314453125
186,0.060493022890625081,4.9957275390625
187,0.060864101796875181,4.8406982421875
188,0.061094561328125074,4.8980712890625
189,0.061463361679687578,4.942626953125
190,0.061693821210937472,5.2264404296875
191,0.062023886132812622,5.03662109375
192,0.062295359648437687,5.17730712890625
193,0.062620216445312682,5.18035888671875
194,0.062891689960937525,5.52459716796875
195,0.063224358945312531,5.29388427734375
196,0.063493228398437518,5.47393798828125
197,0.063815806640625139,5.45257568359375
198,0.064087280156249982,5.7958984375
199,0.064417345078125132,5.552978515625
200,0.064688818593749975,5.76812744140625
201,0.065013675390625192,5.65887451171875
202,0.065244134921875085,6.041259765625
203,0.065615213828125185,5.81634521484375
204,0.065845998867187561,6.15234375
205,0.066214473710937582,5.9478759765625
206,0.066444933242187476,6.33636474609375
207,0.066816012148437576,6.112060546875
208,0.067046471679687691,6.6021728515625
209,0.067414946523437491,6.268310546875
210,0.067645406054687607,6.5985107421875
211,0.068016484960937484,6.38885498046875
212,0.0682469444921876,6.86981201171875
213,0.068615419335937622,6.5032958984375
214,0.068846204374999997,6.80999755859375
215,0.069214679218750019,6.65863037109375
216,0.069445138750000135,7.2576904296875
217,0.069816217656250013,6.78985595703125
218,0.070046677187500128,7.01812744140625
219,0.07041515203125015,6.86126708984375
220,0.070645611562500044,7.8265380859375
221,0.071016690468750143,6.964111328125
222,0.071247150000000037,7.35748291015625
223,0.071572332304687514,7.06787109375
224,0.071843805820312578,8.44940185546875
225,0.072168662617187573,7.23968505859375
226,0.072445344257812572,7.762451171875
227,0.072767596992187489,7.39288330078125
228,0.073046882695312565,9.0423583984375
229,0.073366856874999886,7.5738525390625
230,0.073640608945312547,8.3526611328125
231,0.073965791250000024,7.82501220703125
232,0.074196250781250139,9.01702880859375
233,0.074567329687500017,8.00018310546875
234,0.074797789218750133,8.6419677734375
235,0.075166264062500154,8.248291015625
236,0.075388911406250259,8.963623046875
237,0.075767802500000148,8.4466552734375
238,0.075902888242187494,8.88946533203125
239,0.076318887226562548,8.7921142578125
240,0.076367062382812545,8.6834716796875
241,0.076640488945312502,9.13055419921875
242,0.076864763828125238,8.65203857421875
243,0.076968600820312538,8.94683837890625
244,0.0769933394140625,9.2364501953125
245,0.077027517734375106,9.21875
curve_id,12
index,Z indent (µm),Force indent (µN)
0,0,0.66070556640625
1,0.00055043371093743687,0.6597900390625
2,0.0011005419140623918,0.716552734375
3,0.0016509756249998286,0.67901611328125
4,0.0022040133984373433,0.74371337890625
5,0.0027518430468749244,0.73577880859375
6,0.0033022767578123613,0.76416015625
7,0.0038038842968748376,0.7757568359375
8,0.0040441090624998566,0.66253662109375
9,0.0044005401171873793,0.7861328125
10,0.0045968213281248893,0.6854248046875
11,0.0049021476562498556,0.8587646484375
12,0.0051446509765624704,0.7196044921875
13,0.0054525813671875145,0.83404541015625
14,0.0056950846874999073,0.70648193359375
15,0.0060030150781249514,0.89202880859375
16,0.0062455183984373441,0.77911376953125
17,0.0065531232812499063,0.88836669921875
18,0.0067933480468749252,0.745849609375
19,0.0071035569921873432,0.93109130859375
20,0.0072975596484374794,0.79681396484375
21,0.0076513866406249242,0.94146728515625
22,0.0078453892968748384,0.811767578125
23,0.0082044244140624389,0.98052978515625
24,0.0083932189453124195,0.86639404296875
25,0.00875225406250002,1.021728515625
26,0.0089436526562498564,0.89141845703125
27,0.0093026877734374569,1.00006103515625
28,0.0094966904296873711,0.88470458984375
29,0.0098531214843748938,1.0723876953125
30,0.010044520078124952,0.97015380859375
31,0.010403229687499849,1.06353759765625
32,0.010597232343749985,0.9503173828125
33,0.010953663398437508,1.13555908203125
34,0.011145061992187344,1.01226806640625
35,0.011504097109374944,1.14471435546875
36,0.011695495703125003,1.00128173828125
37,0.012054530820312381,1.18377685546875
38,0.012248533476562518,1.06689453125
39,0.012556138359374858,1.23565673828125
40,0.012796363124999877,1.07574462890625
41,0.013106572070312517,1.23046875
42,0.013346796835937313,1.1053466796875
43,0.013657005781249953,1.30126953125
44,0.013897230546874972,1.17218017578125
45,0.01420743949218739,1.295166015625
46,0.014444734687499849,1.170654296875
47,0.014755269140624971,1.36993408203125
48,0.014995168398437508,1.231689453125
49,0.015305702851562408,1.3494873046875
50,0.015497101445312467,1.226806640625
51,0.015855811054687363,1.41326904296875
52,0.016093431757812526,1.302490234375
53,0.016403640703124944,1.45111083984375
54,0.016646469531249819,1.3104248046875
55,0.016954074414062381,1.4703369140625
56,0.017148077070312517,1.3531494140625
57,0.017504508124999818,1.54205322265625
58,0.017695906718749876,1.40899658203125
59,0.018054941835937477,1.54266357421875
60,0.018248944492187391,1.43218994140625
61,0.018607979609374992,1.62261962890625
62,0.018796774140624972,1.50543212890625
63,0.019155483749999869,1.60675048828125
64,0.019347207851562409,1.500244140625
65,0.019705917460937528,1.67694091796875
66,0.019897316054687364,1.59759521484375
67,0.020256351171874964,1.71142578125
68,0.020447749765625023,1.5899658203125
69,0.020806784882812401,1.737060546875
70,0.02099818347656246,1.65557861328125
71,0.021308392421874878,1.80023193359375
72,0.021548617187499897,1.69464111328125
73,0.021905048242187419,1.8072509765625
74,0.022099050898437334,1.73492431640625
75,0.022409259843749973,1.89544677734375
76,0.022646880546874915,1.7913818359375
77,0.022957089492187333,1.88629150390625
78,0.023199592812499947,1.806640625
79,0.023507523203124991,1.9683837890625
80,0.023747422460937528,1.8988037109375
81,0.024057956914062428,2.001953125
82,0.024297856171874965,1.91436767578125
83,0.024605786562500009,2.04742431640625
84,0.024799789218749924,1.9927978515625
85,0.025155894765624964,2.11822509765625
86,0.025398723593749839,2.0367431640625
87,0.025708932539062479,2.1343994140625
88,0.02589772707031246,2.11639404296875
89,0.026256762187499838,2.247314453125
90,0.026448160781249896,2.15362548828125
91,0.026809799960937353,2.23846435546875
92,0.026998594492187333,2.19451904296875
93,0.027357629609374934,2.35504150390625
94,0.027549028203124992,2.29156494140625
95,0.027908063320312371,2.37335205078125
96,0.028099461914062429,2.3016357421875
97,0.028458171523437326,2.44964599609375
98,0.028649895624999866,2.40692138671875
99,0.029006001171874907,2.51220703125
100,0.029200003828124821,2.4200439453125
101,0.029556434882812344,2.55401611328125
102,0.02975043753906248,2.53326416015625
103,0.030106868593750002,2.66510009765625
104,0.030300871249999917,2.55035400390625
105,0.030657302304687439,2.65655517578125
106,0.030848700898437498,2.618408203125
107,0.031161513906249994,2.77862548828125
108,0.031399134609374935,2.6983642578125
109,0.03171194761718743,2.79876708984375
110,0.031949568320312371,2.73284912109375
111,0.032262381328124867,2.896728515625
112,0.03250000203125003,2.84942626953125
113,0.032807606914062371,2.943115234375
114,0.032999005507812429,2.84088134765625
115,0.033358040625000029,3.0029296875
116,0.033600543945312422,2.99468994140625
117,0.033908474335937466,3.095703125
118,0.034150977656249859,2.9913330078125
119,0.034458582539062421,3.1158447265625
120,0.034650306640624962,3.09661865234375
121,0.035009016249999858,3.236083984375
122,0.035203018906249994,3.1781005859375
123,0.035559449960937517,3.25347900390625
124,0.035750848554687353,3.22357177734375
125,0.036109883671874954,3.34747314453125
126,0.036301282265625012,3.3416748046875
127,0.036657713320312313,3.39080810546875
128,0.036849111914062371,3.3367919921875
129,0.037210751093749828,3.4576416015625
130,0.037402149687499886,3.54705810546875
131,0.037758255234374927,3.568115234375
132,0.037949979335937467,3.50433349609375
133,0.038308688945312364,3.58673095703125
134,0.0385026916015625,3.681640625
135,0.038859122656250022,3.72528076171875
136,0.039050521249999859,3.72283935546875
137,0.039361055703124981,3.760986328125
138,0.039600954960937518,3.8116455078125
139,0.039959990078124896,3.86688232421875
140,0.040153992734375032,3.9459228515625
141,0.040510423789062333,3.924560546875
142,0.040701822382812392,3.93829345703125
143,0.041009427265624954,4.02099609375
144,0.041252256093749828,4.1851806640625
145,0.041559860976562391,4.140625
146,0.041751259570312449,4.12322998046875
147,0.042110294687499827,4.18365478515625
148,0.042301693281249886,4.36798095703125
149,0.042660728398437486,4.3310546875
150,0.042900627656250023,4.34783935546875
151,0.043213440664062519,4.39300537109375
152,0.043402560703124982,4.53094482421875
153,0.043761270312499878,4.5391845703125
154,0.043950390351562341,4.64324951171875
155,0.044309099960937459,4.599609375
156,0.044505706679687451,4.68109130859375
157,0.044862137734374974,4.7174072265625
158,0.045053536328125032,4.95147705078125
159,0.045409967382812333,4.86297607421875
160,0.045603970039062469,4.8602294921875
161,0.045960401093749992,4.92462158203125
162,0.046154403749999906,5.23590087890625
163,0.046510834804687429,5.08636474609375
164,0.046702233398437487,5.1275634765625
165,0.047060943007812384,5.15625
166,0.047252667109374924,5.45623779296875
167,0.04761137671874982,5.33843994140625
168,0.047805379374999957,5.526123046875
169,0.048161810429687479,5.40283203125
170,0.048353209023437316,5.59234619140625
171,0.048663743476562438,5.5694580078125
172,0.048903642734374975,5.98602294921875
173,0.049262677851562353,5.67840576171875
174,0.049454076445312412,5.80780029296875
175,0.049764285390624829,5.804443359375
176,0.050004510156249848,6.37725830078125
177,0.050312115039062411,5.975341796875
178,0.050554943867187507,6.14715576171875
179,0.050862548749999847,6.05499267578125
180,0.051053947343749906,6.64093017578125
181,0.051412982460937506,6.27105712890625
182,0.051652881718749821,6.629638671875
183,0.051963416171874943,6.3397216796875
184,0.052157418828124857,6.78955078125
185,0.052513524374999898,6.5362548828125
186,0.052705248476562438,7.047119140625
187,0.053063958085937335,6.64794921875
188,0.053255356679687393,6.86614990234375
189,0.053611787734374916,6.7718505859375
190,0.05380579039062483,7.60772705078125
191,0.054162221445312353,6.85943603515625
192,0.054356224101562489,7.13623046875
193,0.054715259218749868,6.92474365234375
194,0.05490405375000007,8.00994873046875
195,0.055263088867187449,7.1038818359375
196,0.055454487460937507,7.83111572265625
197,0.055813522578124886,7.19268798828125
198,0.056004921171874944,8.20281982421875
199,0.056363630781250063,7.41302490234375
200,0.056555354882812381,8.81622314453125
201,0.056914064492187499,7.5775146484375
202,0.057105463085937558,8.14361572265625
203,0.057464498203124936,7.79876708984375
204,0.057655896796874995,9.1363525390625
205,0.057966105742187413,7.99774169921875
206,0.058206330507812432,8.23089599609375
207,0.058562761562499954,8.17962646484375
208,0.058733978671874798,9.11773681640625
209,0.059066973164062286,8.4674072265625
210,0.059181226406249898,8.52081298828125
211,0.059550352265624884,8.76739501953125
212,0.059614802812499867,8.6407470703125
213,0.059817594179687461,9.1143798828125
214,0.060046100664062241,8.37493896484375
215,0.060165236523437304,8.9251708984375
216,0.060217968789062493,8.0877685546875
217,0.060218945312499716,8.2904052734375
curve_id,13
index,Z indent (µm),Force indent (µN)
0,0,0.65826416015625
1,0.00059925988281239739,0.68267822265625
2,0.001195590195312457,0.6866455078125
3,0.0017971286328124503,0.67352294921875
4,0.0023960630078123657,0.6781005859375
5,0.002997926953125063,0.68328857421875
6,0.0035968613281249784,0.72235107421875
7,0.0041957957031248938,0.7489013671875
8,0.0047973341406248871,0.75897216796875
9,0.0053962685156250245,0.75958251953125
10,0.0059981324609374997,0.75347900390625
11,0.0065970668359374152,0.77423095703125
12,0.0071986052734374084,0.7904052734375
13,0.0077643378515623862,0.85479736328125
14,0.0083505774218750606,0.8642578125
15,0.008949511796874976,0.8563232421875
16,0.0095484461718748914,0.86090087890625
17,0.010147706054687511,0.86517333984375
18,0.010749244492187504,0.9088134765625
19,0.011323114765624975,0.66253662109375
20,0.01134817886718742,0.93353271484375
21,0.011922049140624891,0.6866455078125
22,0.011949717304687413,0.96038818359375
23,0.012523587578124884,0.6939697265625
24,0.01254865167968755,0.97503662109375
25,0.013122847460937503,0.67596435546875
26,0.013150190117187543,0.9613037109375
27,0.013724385898437497,0.694580078125
28,0.013749449999999941,0.9820556640625
29,0.014320716210937556,0.7183837890625
30,0.014348384374999856,1.0003662109375
31,0.01492225464843755,0.76690673828125
32,0.01494992281249985,1.04705810546875
33,0.015521189023437465,0.79193115234375
34,0.015548857187499987,1.06201171875
35,0.01607422679687498,0.797119140625
36,0.01615039562499998,1.07513427734375
37,0.016704084414062459,0.81298828125
38,0.016749655507812378,1.08123779296875
39,0.017274699609374888,0.7958984375
40,0.017307575898437566,1.08367919921875
41,0.017873959492187508,0.84075927734375
42,0.01790162765625003,1.13433837890625
43,0.018475497929687501,0.90057373046875
44,0.018505770156249879,1.16851806640625
45,0.019074432304687416,0.9271240234375
46,0.019102100468749938,1.22467041015625
47,0.019673366679687554,0.95855712890625
48,0.019701034843749854,1.2237548828125
49,0.020274905117187547,0.94512939453125
50,0.020300294726562473,1.2322998046875
51,0.020874164999999945,0.970458984375
52,0.020901833164062467,1.2506103515625
53,0.021475703437499938,0.98419189453125
54,0.021500767539062382,1.278076171875
55,0.022074637812499853,1.02752685546875
56,0.022102305976562375,1.33636474609375
57,0.022676176249999846,1.0906982421875
58,0.022701240351562513,1.36322021484375
59,0.023270228007812532,1.1138916015625
60,0.023302778789062506,1.3909912109375
61,0.023874370507812381,1.14105224609375
62,0.023902038671874903,1.4080810546875
63,0.024475908945312375,1.1346435546875
64,0.024500973046875041,1.407470703125
65,0.025056940390624893,1.16485595703125
66,0.025102511484375034,1.47369384765625
67,0.025655874765625031,1.20208740234375
68,0.02570144585937495,1.5057373046875
69,0.026226815468749942,1.2615966796875
70,0.026259691757812398,1.57440185546875
71,0.026825749843749858,1.2933349609375
72,0.026858626132812535,1.59423828125
73,0.027427288281249851,1.304931640625
74,0.027454956445312373,1.59820556640625
75,0.02802654816406247,1.3128662109375
76,0.028054216328124992,1.64459228515625
77,0.028628086601562464,1.33575439453125
78,0.028653150703124908,1.6546630859375
79,0.029227020976562379,1.3873291015625
80,0.029252085078125045,1.72393798828125
81,0.029825955351562516,1.4654541015625
82,0.029853623515625038,1.7645263671875
83,0.03042749378906251,1.49383544921875
84,0.030452557890624954,1.80206298828125
85,0.031026753671874907,1.53656005859375
86,0.031054421835937429,1.8255615234375
87,0.0316282921093749,1.53533935546875
88,0.031653356210937567,1.83624267578125
89,0.032227226484375038,1.56982421875
90,0.032252290585937482,1.8798828125
91,0.032823556796874875,1.61865234375
92,0.032853829023437475,1.9354248046875
93,0.03337659457031239,1.67938232421875
94,0.033452763398437391,1.995849609375
95,0.033978133007812383,1.7498779296875
96,0.034054627343749866,2.05169677734375
97,0.034577067382812521,1.763916015625
98,0.034620359921875066,2.080078125
99,0.035178931328124996,1.80206298828125
100,0.035255100156249997,2.099609375
101,0.035777865703124911,1.80999755859375
102,0.035810416484374885,2.1435546875
103,0.036379404140624905,1.8695068359375
104,0.036407072304687427,2.20245361328125
105,0.036975734453124964,1.93817138671875
106,0.037003402617187486,2.266845703125
107,0.037523564101562545,2.02545166015625
108,0.03760494105468748,2.32757568359375
109,0.038179136835937433,2.05352783203125
110,0.038204200937499877,2.35137939453125
111,0.038778071210937348,2.08770751953125
112,0.03880573937499987,2.3968505859375
113,0.039379609648437564,2.117919921875
114,0.039404673750000008,2.4365234375
115,0.039978544023437479,2.18109130859375
116,0.040006212187500001,2.48565673828125
117,0.040575199843750021,2.23480224609375
118,0.040605146562499916,2.58819580078125
119,0.041176738281250014,2.33551025390625
120,0.041204406445312536,2.63519287109375
121,0.041778276718750007,2.35443115234375
122,0.041805944882812529,2.70111083984375
123,0.042328710429687444,2.4285888671875
124,0.042404879257812444,2.72674560546875
125,0.042930248867187437,2.437744140625
126,0.043006417695312438,2.7886962890625
127,0.043529183242187353,2.51129150390625
128,0.043605352070312353,2.8570556640625
129,0.044130721679687568,2.5799560546875
130,0.044163597968750024,2.9241943359375
131,0.044729656054687483,2.66448974609375
132,0.044772623085937546,3.0145263671875
133,0.045331194492187477,2.73406982421875
134,0.045358862656249999,3.06121826171875
135,0.045930454374999874,2.77130126953125
136,0.045958122539062396,3.104248046875
137,0.046531992812499867,2.82196044921875
138,0.046557056914062533,3.1439208984375
139,0.047130927187500005,2.8814697265625
140,0.047155991289062449,3.21441650390625
141,0.047724978945312468,2.95318603515625
142,0.047757529726562442,3.29254150390625
143,0.048331399999999913,3.04840087890625
144,0.048356464101562358,3.37646484375
145,0.048930659882812533,3.13934326171875
146,0.048958328046875055,3.41888427734375
147,0.04952699019531237,3.19549560546875
148,0.04955726242187497,3.49639892578125
149,0.050131132695312441,3.2763671875
150,0.050156196796874886,3.51654052734375
151,0.050730067070312357,3.28216552734375
152,0.050757735234374879,3.6151123046875
153,0.051280500781250016,3.4130859375
154,0.051356669609375016,3.67767333984375
155,0.051882039218750009,3.4722900390625
156,0.051958533554687492,3.78692626953125
157,0.052480973593749924,3.61328125
158,0.052557467929687407,3.8482666015625
159,0.0530828375390624,3.65081787109375
160,0.053125804570312463,3.9080810546875
161,0.053681771914062537,3.76922607421875
162,0.053709440078125059,3.98651123046875
163,0.05428331035156253,3.790283203125
164,0.054308374453124975,4.0631103515625
165,0.054882244726562446,3.92059326171875
166,0.054909912890624968,4.15618896484375
167,0.055483783164062439,3.99322509765625
168,0.055508847265624883,4.25079345703125
169,0.056083043046875058,4.149169921875
170,0.056108107148437503,4.3658447265625
171,0.056681977421874974,4.195556640625
172,0.056709645585937496,4.42413330078125
173,0.057283515859374967,4.3316650390625
174,0.057311184023437489,4.50225830078125
175,0.057882450234374883,4.38079833984375
176,0.057910118398437405,4.5855712890625
177,0.05848138460937502,4.49920654296875
178,0.058509052773437542,4.70001220703125
179,0.059083248554687495,4.620361328125
180,0.059110591210937535,4.80255126953125
181,0.059682182929687411,4.7406005859375
182,0.059709851093749933,4.937744140625
183,0.060265818437500007,4.913330078125
184,0.060308785468749848,4.99755859375
185,0.060867356875,4.9383544921875
186,0.060910323906250063,5.1141357421875
187,0.061433089453124978,5.135498046875
188,0.061509258281249979,5.184326171875
189,0.062034627890624972,5.146484375
190,0.062059691992187416,5.31280517578125
191,0.062633562265624887,5.41900634765625
192,0.062661230429687409,5.43487548828125
193,0.06323510070312488,5.4461669921875
194,0.063262768867187402,5.5621337890625
195,0.0638343605859375,5.755615234375
196,0.063859424687499944,5.65277099609375
197,0.064435899023437493,5.72418212890625
198,0.064460963124999937,5.76202392578125
199,0.065034833398437408,6.0540771484375
200,0.065059897499999852,5.86090087890625
201,0.065633767773437546,5.9814453125
202,0.065661435937500068,5.99700927734375
203,0.066235306210937539,6.387939453125
204,0.066260695820312465,6.12762451171875
205,0.066834566093749936,6.33087158203125
206,0.066862234257812458,6.28265380859375
207,0.067436104531250152,6.69189453125
208,0.067461168632812374,6.40167236328125
209,0.068035038906249845,6.7034912109375
210,0.068060103007812511,6.50390625
211,0.068585472617187282,6.86431884765625
212,0.068661641445312505,6.6497802734375
213,0.069217608789062357,6.929931640625
214,0.06922737402343726,6.7486572265625
215,0.069785945429687413,7.0611572265625
216,0.069862439765624895,6.84295654296875
217,0.07038520531249981,7.3675537109375
218,0.070461374140625033,6.92138671875
219,0.070986743749999803,7.43255615234375
220,0.07101180785156247,7.052001953125
221,0.071585678124999941,7.923583984375
222,0.071615950351562319,7.16064453125
223,0.072187216562499934,7.8106689453125
224,0.0722122806640626,7.33062744140625
225,0.072786150937500071,8.54736328125
226,0.072811215039062294,7.5115966796875
227,0.073387689375000065,8.12652587890625
228,0.073412753476562287,7.7239990234375
229,0.073986949257812462,8.79119873046875
230,0.074012013359375128,7.9486083984375
231,0.0745858836328126,8.29833984375
232,0.074613551796875122,8.16925048828125
233,0.075141525468749748,8.88702392578125
234,0.075212486171874815,8.3734130859375
235,0.07559918945312516,8.2586669921875
236,0.075814024609374808,8.60443115234375
237,0.075962456171875026,8.961181640625
238,0.076226443007812339,8.28125
239,0.076388545898437243,8.98193359375
240,0.076412958984374946,8.83758544921875
241,0.076470899374999846,8.258056640625
242,0.076477084023437669,8.99261474609375
curve_id,14
index,Z indent (µm),Force indent (µN)
0,0,0.6634521484375
1,0.00059665582031254161,0.6591796875
2,0.0017919205078125167,0.657958984375
3,0.0023937844531249919,0.6549072265625
4,0.0029927188281251293,0.70526123046875
5,0.0035916532031250448,0.72509765625
6,0.004193191640625038,0.73760986328125
7,0.0047921260156249534,0.73516845703125
8,0.0053939899609376507,0.733642578125
9,0.0059929243359375661,0.75714111328125
10,0.0065944627734375594,0.77728271484375
11,0.0071933971484374748,0.83404541015625
12,0.0077923315234376123,0.8453369140625
13,0.0083531814843751384,0.83770751953125
14,0.0089547199218751317,0.84686279296875
15,0.0095484461718751135,0.84808349609375
16,0.0097665364062500259,0.655517578125
17,0.010145101992187655,0.8819580078125
18,0.01074403636718757,0.91827392578125
19,0.010964730664062561,0.65155029296875
20,0.011345574804687564,0.94757080078125
21,0.011563665039062476,0.69244384765625
22,0.011944509179687479,0.9320068359375
23,0.012162599414062614,0.7244873046875
24,0.012543769062500099,0.9307861328125
25,0.012751443046875144,0.75103759765625
26,0.013145307500000092,0.955810546875
27,0.013350377421875059,0.74188232421875
28,0.013744241875000007,0.96405029296875
29,0.013918714062500115,0.7537841796875
30,0.014345780312500001,1.01776123046875
31,0.01451764843750003,0.7550048828125
32,0.014944714687500138,1.031494140625
33,0.015119512382812506,0.81878662109375
34,0.015546253125000131,1.0382080078125
35,0.015718446757812643,0.85693359375
36,0.016145513007812529,1.05072021484375
37,0.016319985195312636,0.8807373046875
38,0.016744447382812444,1.04583740234375
39,0.016918919570312552,0.90972900390625
40,0.017304971835937488,1.1181640625
41,0.017517853945312467,0.8856201171875
42,0.017906510273437481,1.1444091796875
43,0.018119717890624942,0.906982421875
44,0.018497957968750089,1.1834716796875
45,0.01871865226562508,0.94482421875
46,0.019099496406250083,1.20147705078125
47,0.019320190703125073,1.0186767578125
48,0.019701034843750076,1.19964599609375
49,0.019919125078124988,1.0260009765625
50,0.020297690664062618,1.231689453125
51,0.020520663515624982,1.03912353515625
52,0.020896625039062533,1.2432861328125
53,0.021114715273437445,1.07025146484375
54,0.021495559414062448,1.30859375
55,0.021716253710937661,1.05987548828125
56,0.022097097851562442,1.36199951171875
57,0.022312584023437498,1.10260009765625
58,0.022696357734375061,1.37603759765625
59,0.022870829921874947,1.180419921875
60,0.023297896171875054,1.38214111328125
61,0.023469764296875084,1.20513916015625
62,0.02389683054687497,1.3885498046875
63,0.024071302734375077,1.22650146484375
64,0.024498368984374963,1.4447021484375
65,0.024670237109374993,1.243896484375
66,0.0250973033593751,1.49322509765625
67,0.025271775546874986,1.24847412109375
68,0.025698841796875094,1.54541015625
69,0.025871035429687606,1.29302978515625
70,0.026257087695312542,1.5771484375
71,0.026469969804687521,1.34613037109375
72,0.026858626132812535,1.57958984375
73,0.027071508242187514,1.38916015625
74,0.027452352382812517,1.60980224609375
75,0.027670442617187652,1.4288330078125
76,0.028051612265625137,1.63177490234375
77,0.028271981054687645,1.45721435546875
78,0.028650546640625052,1.6986083984375
79,0.028871240937500042,1.42578125
80,0.029249481015624967,1.73004150390625
81,0.029467571250000102,1.5240478515625
82,0.029848415390625105,1.776123046875
83,0.030071713749999951,1.57684326171875
84,0.030447675273437502,1.79534912109375
85,0.03062214746093761,1.63116455078125
86,0.031049213710937495,1.80816650390625
87,0.031215873710937592,1.6546630859375
88,0.031648148085937633,1.8475341796875
89,0.031863634257812468,1.6949462890625
90,0.032249686523437626,1.903076171875
91,0.032421880156250138,1.70745849609375
92,0.032848620898437542,1.95343017578125
93,0.033023418593750131,1.7266845703125
94,0.033450484843750017,2.0294189453125
95,0.033622352968750047,1.81182861328125
96,0.034049419218750154,2.027587890625
97,0.03422389140625004,1.8804931640625
98,0.034650957656250148,2.07061767578125
99,0.034822825781249955,1.8914794921875
100,0.035249892031250063,2.1038818359375
101,0.035424364218749949,1.95068359375
102,0.035810416484375107,2.1490478515625
103,0.036023624101562568,1.97418212890625
104,0.036407072304687649,2.24609375
105,0.036622558476562483,2.0037841796875
106,0.037000798554687631,2.27752685546875
107,0.037224096914062477,2.1038818359375
108,0.037600058437500028,2.31292724609375
109,0.037823031289062614,2.1600341796875
110,0.038201596875000021,2.3565673828125
111,0.038424569726562607,2.2381591796875
112,0.038800531250000159,2.38555908203125
113,0.039023829609375005,2.24456787109375
114,0.039402069687500152,2.459716796875
115,0.039622763984375142,2.3138427734375
116,0.040001004062500067,2.540283203125
117,0.040216490234375124,2.34161376953125
118,0.040600263945312465,2.58056640625
119,0.040815750117187521,2.42095947265625
120,0.041201802382812458,2.6708984375
121,0.041373670507812488,2.4847412109375
122,0.041800736757812595,2.67974853515625
123,0.041975208945312481,2.5885009765625
124,0.042402275195312589,2.72552490234375
125,0.042574143320312618,2.61627197265625
126,0.043001209570312504,2.8082275390625
127,0.043176007265625094,2.63092041015625
128,0.043602748007812497,2.87567138671875
129,0.043774941640625009,2.7276611328125
130,0.044202007890625117,2.96722412109375
131,0.044376480078125002,2.76947021484375
132,0.044762532343750161,2.9925537109375
133,0.04497541445312514,2.8411865234375
134,0.045361466718750076,3.0340576171875
135,0.045574348828125055,2.96661376953125
136,0.04596300515625007,3.09234619140625
137,0.046176212773437531,3.00384521484375
138,0.0465518487890626,3.16314697265625
139,0.046775147148437446,3.016357421875
140,0.047155991289062449,3.236083984375
141,0.047376685585937661,3.133544921875
142,0.047752321601562508,3.3203125
143,0.047975619960937577,3.15887451171875
144,0.048354185546874984,3.34716796875
145,0.048572275781250118,3.3203125
146,0.048955723984374977,3.4185791015625
147,0.049158189843750089,3.3050537109375
148,0.049552054296875037,3.49853515625
149,0.049767540468750093,3.470458984375
150,0.05015359273437503,3.5302734375
151,0.050358988164062479,3.524169921875
152,0.050752527109374945,3.6395263671875
153,0.050927324804687535,3.5601806640625
154,0.051354391054687643,3.7841796875
155,0.05152625917968745,3.62823486328125
156,0.051953325429687558,3.7939453125
157,0.052127797617187444,3.8092041015625
158,0.052554863867187551,3.8885498046875
159,0.052726731992187581,3.84307861328125
160,0.053153798242187467,3.94622802734375
161,0.053328270429687574,3.9495849609375
162,0.053714322695312511,4.05975341796875
163,0.053927530312499972,4.07073974609375
164,0.054354596562500079,4.15374755859375
165,0.054526464687500109,4.08447265625
166,0.054912516953125046,4.2169189453125
167,0.055128003125000102,4.228515625
168,0.055503964648437654,4.3853759765625
169,0.055726937500000018,4.298095703125
170,0.056108107148437503,4.42596435546875
171,0.056328475937500011,4.5147705078125
172,0.056704437460937562,4.483642578125
173,0.056925131757812553,4.4525146484375
174,0.057305975898437556,4.63348388671875
175,0.057524066132812468,4.736328125
176,0.057904910273437471,4.73541259765625
177,0.058110305703125142,4.7088623046875
178,0.05850417015625009,4.869384765625
179,0.058719656328125147,4.87762451171875
180,0.059105708593750084,4.903564453125
181,0.059318590703125063,4.9176025390625
182,0.059704642968749999,5.072021484375
183,0.059879115156250107,5.28839111328125
184,0.060306181406249992,5.18585205078125
185,0.060478049531250022,5.12359619140625
186,0.06090511578125013,5.15380859375
187,0.061079913476562497,5.49346923828125
188,0.061506654218750123,5.4302978515625
189,0.061678847851562635,5.517578125
190,0.06210591410156252,5.504150390625
191,0.062280386289062628,5.6573486328125
192,0.062704848476562658,5.56427001953125
193,0.062879320664062543,5.82733154296875
194,0.06326537292968748,5.77392578125
195,0.063478255039062459,5.99700927734375
196,0.063874723554687485,5.8380126953125
197,0.064080118984375156,6.19659423828125
198,0.064460963125000159,5.9210205078125
199,0.064679053359375072,6.27532958984375
200,0.065057293437500219,6.1260986328125
201,0.065280591796874843,6.56341552734375
202,0.065656553320312616,6.25732421875
203,0.065876922109375124,6.4801025390625
204,0.066258091757812609,6.39312744140625
205,0.066476181992187522,6.84783935546875
206,0.066857026132812747,6.5252685546875
207,0.067072512304687359,6.78466796875
208,0.06745596050781244,6.61865234375
209,0.067671446679687497,7.191162109375
210,0.068057498945312433,6.783447265625
211,0.068270381054687634,6.915283203125
212,0.068656758828125275,6.8328857421875
213,0.068828626953125083,7.6800537109375
214,0.069258297265625268,6.93634033203125
215,0.069430165390625076,7.261962890625
216,0.069857231640624962,7.11578369140625
217,0.070031703828125069,8.19854736328125
218,0.070458770078124955,7.1417236328125
219,0.070630638203125207,7.64678955078125
220,0.071057704453125092,7.4005126953125
221,0.0712321766406252,8.826904296875
222,0.071659242890625086,7.6214599609375
223,0.071831436523437597,8.29437255859375
224,0.072217488789062534,7.7288818359375
225,0.072432974960937591,8.91204833984375
226,0.072816423164062671,8.0548095703125
227,0.073031909335937728,8.6431884765625
228,0.073412753476562509,8.2049560546875
229,0.073623357031250114,8.84307861328125
230,0.074009409296875051,8.49456787109375
231,0.074138635898437721,8.99078369140625
232,0.07455268183593744,8.5552978515625
233,0.074608343671875188,8.73291015625
234,0.074876236601562729,9.210205078125
235,0.075089118710937486,8.67828369140625
236,0.075209882109375181,8.80889892578125
237,0.075232993164062512,9.1424560546875
238,0.075268799023437749,8.4112548828125
curve_id,15
index,Z indent (µm),Force indent (µN)
0,0,0.654296875
1,0.00059893437499991542,0.68206787109375
2,0.0012004728124999087,0.69061279296875
3,0.0017994071875000461,0.69061279296875
4,0.0024012711328125214,0.679931640625
5,0.0030002055078124368,0.70526123046875
6,0.0035991398828123522,0.7232666015625
7,0.0042006783203125675,0.7745361328125
8,0.0047612027734373896,0.77972412109375
9,0.0053526504687499976,0.782470703125
10,0.0059567929687500687,0.777587890625
11,0.0065508447265625325,0.78704833984375
12,0.0071497791015624479,0.830078125
13,0.0077513175390624411,0.85784912109375
14,0.0083502519140623566,0.89141845703125
15,0.0089517903515623498,0.90118408203125
16,0.0095510502343749692,0.89111328125
17,0.010023362070312514,0.66497802734375
18,0.010152588671874963,0.90118408203125
19,0.010655498242187367,0.6903076171875
20,0.010751523046874878,0.92437744140625
21,0.011223834882812422,0.7415771484375
22,0.011353061484374871,0.9588623046875
23,0.01182276925781256,0.732421875
24,0.011951995859375009,0.98480224609375
25,0.012424307695312553,0.74920654296875
26,0.012551255742187406,0.99456787109375
27,0.01302356757812495,0.73638916015625
28,0.01311178019531245,0.99395751953125
29,0.013625106015624944,0.76751708984375
30,0.013703227890625058,0.9930419921875
31,0.014224040390624859,0.833740234375
32,0.014302162265624974,1.02203369140625
33,0.014822974765624997,0.87005615234375
34,0.014903700703124967,1.05712890625
35,0.01542451320312499,0.8905029296875
36,0.015502635078124882,1.11602783203125
37,0.016023773085937387,0.88592529296875
38,0.01610156945312502,1.12640380859375
39,0.016625311523437381,0.89447021484375
40,0.016703433398437495,1.14105224609375
41,0.017224245898437518,0.9259033203125
42,0.01730236777343741,1.1456298828125
43,0.017805277343750037,0.95733642578125
44,0.017903906210937404,1.17523193359375
45,0.018376218046874948,1.01654052734375
46,0.018502840585937541,1.21368408203125
47,0.019006075664062427,1.0302734375
48,0.019104379023437534,1.25732421875
49,0.019574412304687483,1.05560302734375
50,0.01970331339843745,1.292724609375
51,0.020175950742187476,1.06170654296875
52,0.020305177343749925,1.304931640625
53,0.020774885117187392,1.080322265625
54,0.020904111718750062,1.31011962890625
55,0.021373819492187529,1.1346435546875
56,0.021462032109375029,1.3446044921875
57,0.021975357929687522,1.1822509765625
58,0.022056083867187493,1.37725830078125
59,0.022576896367187516,1.23260498046875
60,0.022655018242187408,1.43341064453125
61,0.023176156249999913,1.2274169921875
62,0.023256556679687401,1.48651123046875
63,0.02377509062500005,1.251220703125
64,0.023855491054687539,1.49688720703125
65,0.024376629062500044,1.26129150390625
66,0.024454750937499936,1.52435302734375
67,0.024970680820312507,1.30584716796875
68,0.025056289374999929,1.52587890625
69,0.025577101874999952,1.36566162109375
70,0.025655223750000067,1.58416748046875
71,0.026127535585937389,1.39892578125
72,0.026254158124999982,1.62139892578125
73,0.026757393203124868,1.44744873046875
74,0.026855696562499975,1.6845703125
75,0.027328333906250002,1.4398193359375
76,0.027454956445312373,1.689453125
77,0.027927268281249917,1.484375
78,0.028056494882812366,1.7236328125
79,0.028526202656250055,1.50543212890625
80,0.028655429257812504,1.73614501953125
81,0.029127741093750048,1.58203125
82,0.029256967695312497,1.76788330078125
83,0.029726675468749963,1.6302490234375
84,0.029815213593749945,1.8426513671875
85,0.030328539414062439,1.669921875
86,0.030414147968749861,1.873779296875
87,0.030927473789062354,1.69830322265625
88,0.031007874218750064,1.92657470703125
89,0.031529012226562569,1.717529296875
90,0.031607134101562462,1.93634033203125
91,0.032127946601562485,1.74041748046875
92,0.032206068476562377,1.95526123046875
93,0.032729485039062478,1.8121337890625
94,0.032807606914062371,2.0245361328125
95,0.033323536796874942,1.8756103515625
96,0.033406541289062508,2.0672607421875
97,0.033927679296875013,1.93145751953125
98,0.034008079726562501,2.1405029296875
99,0.034424078710937556,1.9549560546875
100,0.034607339609374899,2.18963623046875
101,0.035110249179687525,1.9970703125
102,0.035206273984375036,2.21099853515625
103,0.035678585820312358,2.03125
104,0.035807812421875029,2.25372314453125
105,0.036280124257812352,2.1026611328125
106,0.036406746796874945,2.283935546875
107,0.036879058632812489,2.17987060546875
108,0.037008285234374938,2.36419677734375
109,0.037478318515624887,2.23907470703125
110,0.037607545117187557,2.4267578125
111,0.03807985695312488,2.30438232421875
112,0.038209083554687551,2.49969482421875
113,0.038678791328125017,2.30743408203125
114,0.038761795820312361,2.53509521484375
115,0.039280329765625011,2.38250732421875
116,0.039365938320312432,2.5787353515625
117,0.039879264140624926,2.4151611328125
118,0.039959990078124896,2.63702392578125
119,0.040480802578124919,2.52197265625
120,0.040558924453125034,2.677001953125
121,0.041080062460937539,2.576904296875
122,0.041157858828124949,2.77984619140625
123,0.041678996835937454,2.64068603515625
124,0.041759397265624942,2.8369140625
125,0.042280535273437447,2.684326171875
126,0.042358657148437562,2.8863525390625
127,0.042876865585937507,2.71270751953125
128,0.042960195585937555,2.90618896484375
129,0.043460826601562363,2.79083251953125
130,0.04355912996093747,2.98736572265625
131,0.044031441796875015,2.8814697265625
132,0.044158064335937386,3.0255126953125
133,0.044625493554687479,2.960205078125
134,0.044759602773437379,3.11492919921875
135,0.045232240117187406,3.03924560546875
136,0.045358862656249999,3.18359375
137,0.045831174492187543,3.08380126953125
138,0.045960401093749992,3.2470703125
139,0.046432712929687536,3.15277099609375
140,0.046559335468749907,3.2818603515625
141,0.047031647304687452,3.2000732421875
142,0.047127672109374963,3.34686279296875
143,0.047630581679687367,3.28521728515625
144,0.047716515742187493,3.4002685546875
145,0.048232445625000064,3.41949462890625
146,0.048310241992187475,3.51776123046875
147,0.04883137999999998,3.4417724609375
148,0.048911780429687468,3.5784912109375
149,0.049432918437499973,3.59710693359375
150,0.049511040312499865,3.6798095703125
151,0.050031852812499888,3.575439453125
152,0.050109974687500003,3.72955322265625
153,0.050630787187500026,3.73260498046875
154,0.050711513124999996,3.7994384765625
155,0.051232651132812501,3.7506103515625
156,0.051310447499999912,3.8665771484375
157,0.051828981445312561,3.90716552734375
158,0.051911985937499905,3.9715576171875
159,0.052382019218749853,3.992919921875
160,0.052511245820312524,4.08782958984375
161,0.052983557656250069,4.09637451171875
162,0.053112784257812518,4.169921875
163,0.053582492031249984,4.16259765625
164,0.053711718632812433,4.271240234375
165,0.054184030468749977,4.25689697265625
166,0.05431065300781257,4.3292236328125
167,0.054782964843749893,4.334716796875
168,0.054912191445312564,4.42718505859375
169,0.055382224726562512,4.49981689453125
170,0.055480528085937397,4.52789306640625
171,0.055983763164062506,4.59259033203125
172,0.056064163593749994,4.644775390625
173,0.056582697539062421,4.71435546875
174,0.056663423476562391,4.75738525390625
175,0.057184235976562414,4.82818603515625
176,0.057267565976562462,4.86114501953125
177,0.057783170351562552,4.891357421875
178,0.057861292226562444,4.9176025390625
179,0.058384708789062545,5.08697509765625
180,0.058462830664062437,5.0604248046875
181,0.058983968671874942,5.08941650390625
182,0.059061765039062353,5.13427734375
183,0.059580298984375002,5.43365478515625
184,0.05966362898437505,5.28472900390625
185,0.060166538554687454,5.38238525390625
186,0.060262563359374965,5.400390625
187,0.06073487519531251,5.699462890625
188,0.060864101796874959,5.5059814453125
189,0.061364732812499989,5.64239501953125
190,0.061463036171874874,5.62896728515625
191,0.061935348007812419,5.970458984375
192,0.062064574609374867,5.69915771484375
193,0.062534607890625038,5.96466064453125
194,0.062663834492187487,5.870361328125
195,0.063136146328125031,6.29486083984375
196,0.063262768867187402,6.0003662109375
197,0.063735080703124947,6.32568359375
198,0.06383110550781268,6.11541748046875
199,0.06433661914062494,6.6217041015625
200,0.064432643945312673,6.29730224609375
201,0.064935553515625077,6.63177490234375
202,0.065013675390624748,6.3946533203125
203,0.065534813398437475,6.82281494140625
204,0.065617817890625041,6.5069580078125
205,0.066136351835937468,6.8701171875
206,0.066214148203124878,6.671142578125
207,0.066735286210937605,7.03857421875
208,0.066813408085937276,6.761474609375
209,0.067336824648437599,7.28485107421875
210,0.067414946523437269,6.88323974609375
211,0.067933154960937436,7.3358154296875
212,0.068013880898437407,6.94305419921875
213,0.068532414843749834,7.84393310546875
214,0.0686154193359374,7.06085205078125
215,0.069087731171875166,7.66937255859375
216,0.069214353710937537,7.2576904296875
217,0.069717588789062646,8.54644775390625
218,0.069815892148437531,7.39288330078125
219,0.070285925429687257,8.01483154296875
220,0.070415152031249928,7.652587890625
221,0.07088746386718725,8.72772216796875
222,0.071016690468749921,7.8411865234375
223,0.071486398242187388,8.21807861328125
224,0.071615624843750059,8.0517578125
225,0.072049526757812288,8.7261962890625
226,0.072214559218749752,8.33953857421875
227,0.072514677421875007,8.2562255859375
228,0.072785499921875108,8.463134765625
229,0.072885756328124884,8.81195068359375
230,0.073159182890624841,8.250732421875
231,0.073336910156249768,8.87786865234375
232,0.073366531367187626,8.8092041015625
233,0.07341926363281237,8.21990966796875
234,0.07342544828124975,9.05029296875
curve_id,16
index,Z indent (µm),Force indent (µN)
0,0,0.6536865234375
1,0.00059144769531260799,0.6781005859375
2,0.0011903820703125234,0.68267822265625
3,0.0017997326953125281,0.6707763671875
4,0.0023908548828124321,0.670166015625
5,0.0030002055078124368,0.68572998046875
6,0.0035916532031250448,0.706787109375
7,0.0042006783203125675,0.75225830078125
8,0.0047921260156249534,0.76324462890625
9,0.0053910603906250909,0.75592041015625
10,0.0060004110156250956,0.753173828125
11,0.0065918587109374815,0.765380859375
12,0.0072008838281250043,0.80596923828125
13,0.0077923315234376123,0.841064453125
14,0.0083528559765624344,0.865478515625
15,0.0089517903515625719,0.86395263671875
16,0.0095559328515624209,0.8575439453125
17,0.010142172421875095,0.880126953125
18,0.010400951132812475,0.6890869140625
19,0.0107515230468751,0.9014892578125
20,0.010997281445312534,0.71929931640625
21,0.011342970742187486,0.94512939453125
22,0.011601423945312606,0.7342529296875
23,0.011951995859375009,0.9613037109375
24,0.012200358320312521,0.72021484375
25,0.012543443554687617,0.968017578125
26,0.012750792031249958,0.72662353515625
27,0.013152794179687621,0.97015380859375
28,0.013352330468749951,0.73944091796875
29,0.013743916367187525,0.960693359375
30,0.013951590351562571,0.78369140625
31,0.014343176249999923,1.0028076171875
32,0.014553128789062564,0.8282470703125
33,0.014952201367187445,1.0333251953125
34,0.015152063164062479,0.853271484375
35,0.015750997539062617,0.84991455078125
36,0.01609408277343749,1.08184814453125
37,0.01620670847656247,1.0809326171875
38,0.01635253597656261,0.8526611328125
39,0.016708316015624947,1.0888671875
40,0.016951795859375007,0.87890625
41,0.017304971835937488,1.10931396484375
42,0.017553334296875001,0.9185791015625
43,0.017906510273437481,1.13555908203125
44,0.018152268671874916,0.96954345703125
45,0.018502840585937541,1.1865234375
46,0.018753807109375131,1.0009765625
47,0.019101774960937457,1.22100830078125
48,0.019352741484375047,1.00128173828125
49,0.019703638906249932,1.24755859375
50,0.019951675859374962,1.021728515625
51,0.020294761093750058,1.2493896484375
52,0.020550935742187582,1.0211181640625
53,0.020904111718750062,1.26129150390625
54,0.021103648007812614,1.07635498046875
55,0.021495559414062448,1.2921142578125
56,0.021702907890625012,1.14593505859375
57,0.022104584531249971,1.33819580078125
58,0.022350342929687628,1.17034912109375
59,0.022703844414062591,1.3812255859375
60,0.02290338070312492,1.21307373046875
61,0.023302778789062506,1.41845703125
62,0.023504919140624914,1.19537353515625
63,0.023904317226562499,1.4324951171875
64,0.024103853515625051,1.22283935546875
65,0.024462237617187466,1.4678955078125
66,0.024705717460937526,1.24298095703125
67,0.025063776054687459,1.47369384765625
68,0.025304651835937442,1.30645751953125
69,0.025657827812499923,1.5478515625
70,0.025900982148437501,1.3580322265625
71,0.026261970312499994,1.5753173828125
72,0.026505124648437572,1.380615234375
73,0.026855696562499975,1.6314697265625
74,0.027104059023437488,1.397705078125
75,0.027454956445312595,1.63482666015625
76,0.027705922968749963,1.42578125
77,0.028056494882812588,1.66168212890625
78,0.028304857343750101,1.43890380859375
79,0.028658033320312581,1.6766357421875
80,0.028903791718750016,1.52679443359375
81,0.029246876953125112,1.7230224609375
82,0.029456829492187531,1.56951904296875
83,0.029855902070312412,1.78253173828125
84,0.030101985976562551,1.6204833984375
85,0.03044734976562502,1.82373046875
86,0.030603593515625027,1.6326904296875
87,0.031056700390625025,1.8609619140625
88,0.031258840742187433,1.654052734375
89,0.031658238828125018,1.85821533203125
90,0.031855496562499974,1.693115234375
91,0.032257173203124934,1.8902587890625
92,0.032457034999999967,1.7413330078125
93,0.032856107578125071,1.93572998046875
94,0.033058573437499961,1.8231201171875
95,0.033455367460937468,1.988525390625
96,0.033657507812500098,1.8499755859375
97,0.034008079726562501,2.06268310546875
98,0.034259046250000091,1.9110107421875
99,0.034609618164062494,2.09930419921875
100,0.034857980625000007,1.885986328125
101,0.035206273984375036,2.127685546875
102,0.035459844570312482,1.96685791015625
103,0.035807812421875029,2.1636962890625
104,0.036056174882812542,1.99554443359375
105,0.036406746796874945,2.18963623046875
106,0.036657713320312535,2.09716796875
107,0.037008285234374938,2.27874755859375
108,0.03725664769531245,2.1563720703125
109,0.037607545117187557,2.31475830078125
110,0.03785590757812507,2.197265625
111,0.038209083554687551,2.392578125
112,0.038406015781250025,2.2247314453125
113,0.038808017929687466,2.44049072265625
114,0.039053776328125123,2.27691650390625
115,0.039406952304687604,2.449951171875
116,0.039606814101562415,2.31109619140625
117,0.040008490742187597,2.529296875
118,0.040208352539062631,2.4267578125
119,0.040607750624999994,2.58026123046875
120,0.040804682851562468,2.464599609375
121,0.041209289062499987,2.66357421875
122,0.041406221289062461,2.54150390625
123,0.041808223437500125,2.71881103515625
124,0.042007759726562455,2.568359375
125,0.042358657148437562,2.77252197265625
126,0.04260962367187493,2.60894775390625
127,0.042960195585937555,2.8082275390625
128,0.043208558046875067,2.68463134765625
129,0.04355912996093747,2.85736083984375
130,0.043810096484375061,2.74078369140625
131,0.044160668398437464,2.91656494140625
132,0.044409030859374976,2.85919189453125
133,0.044759928281250083,2.99713134765625
134,0.045007965234375114,2.88726806640625
135,0.045358862656249999,3.0694580078125
136,0.045607225117187511,2.9827880859375
137,0.045960401093749992,3.126220703125
138,0.046206159492187426,2.9962158203125
139,0.046559335468750129,3.1536865234375
140,0.046759197265624941,3.1024169921875
141,0.047160873906250123,3.223876953125
142,0.047360735703124934,3.13751220703125
143,0.04776013378906252,3.27392578125
144,0.047959670078125072,3.3056640625
145,0.048359068164062435,3.3660888671875
146,0.048561208515625065,3.3050537109375
147,0.048960606601562429,3.43048095703125
148,0.04916014289062498,3.43475341796875
149,0.049559540976562566,3.5260009765625
150,0.0497594027734376,3.4429931640625
151,0.050115182812499937,3.577880859375
152,0.050360941210937593,3.55560302734375
153,0.050711513124999996,3.62548828125
154,0.050959875585937509,3.626708984375
155,0.051315655625000067,3.729248046875
156,0.051561414023437502,3.7713623046875
157,0.051911985937500127,3.78814697265625
158,0.052160348398437417,3.8214111328125
159,0.052511245820312524,3.917236328125
160,0.052761886835937633,3.9373779296875
161,0.05311018019531244,3.9837646484375
162,0.05336114671875003,3.98529052734375
163,0.053711718632812433,4.0765380859375
164,0.053960081093749945,4.07196044921875
165,0.05431065300781257,4.14154052734375
166,0.054559015468750083,4.2156982421875
167,0.054912191445312564,4.22332763671875
168,0.055160553906250076,4.24530029296875
169,0.055511451328124961,4.3389892578125
170,0.055713591679687591,4.466552734375
171,0.056112989765624954,4.4427490234375
172,0.056312526054687506,4.46136474609375
173,0.056711924140625092,4.5513916015625
174,0.056911785937500126,4.7003173828125
175,0.057313462578125085,4.66278076171875
176,0.057513324375000119,4.6307373046875
177,0.057912396953125,4.71710205078125
178,0.058114862812500112,4.9127197265625
179,0.05851165683593762,4.83795166015625
180,0.058713797187500028,4.89410400390625
181,0.059113195273437613,4.9322509765625
182,0.059312731562499943,5.19683837890625
183,0.059665907539062424,5.0762939453125
184,0.059911991445312562,5.164794921875
185,0.060262563359374965,5.181884765625
186,0.060513529882812556,5.45196533203125
187,0.060864101796874959,5.3057861328125
188,0.061112464257812471,5.42388916015625
189,0.061463036171875096,5.390625
190,0.061714002695312464,5.68115234375
191,0.062064574609375089,5.4974365234375
192,0.062315541132812458,5.7440185546875
193,0.062666113046875083,5.6268310546875
194,0.062912196953124999,6.00189208984375
195,0.063262768867187624,5.74127197265625
196,0.063513735390624992,6.11541748046875
197,0.063864307304687618,5.9063720703125
198,0.064063843593749947,6.2677001953125
199,0.064463241679687533,6.00799560546875
200,0.064663103476562567,6.47857666015625
201,0.065064780117187304,6.15631103515625
202,0.065264641914062338,6.4910888671875
203,0.065666318554687741,6.28326416015625
204,0.065863576289062475,6.81182861328125
205,0.066265578437500139,6.39007568359375
206,0.066465114726562469,6.74896240234375
207,0.066818290703125172,6.56341552734375
208,0.067064049101562606,7.1697998046875
209,0.067414946523437713,6.69708251953125
210,0.067665913046874859,6.89117431640625
211,0.068016484960937706,6.81640625
212,0.068264847421874997,7.64678955078125
213,0.0686154193359374,6.87774658203125
214,0.068863781796875134,7.14385986328125
215,0.069214353710937537,6.95953369140625
216,0.069465320234375127,8.20953369140625
217,0.069815892148437531,7.10662841796875
218,0.070064254609374821,7.63153076171875
219,0.070415152031249928,7.2711181640625
220,0.070666118554687518,8.77410888671875
221,0.071014086406250065,7.46856689453125
222,0.071265052929687656,8.18511962890625
223,0.071615624843750059,7.70294189453125
224,0.071863987304687349,8.94256591796875
225,0.072214559218750196,7.8985595703125
226,0.07241442101562523,8.4588623046875
227,0.072816097656250189,8.10546875
228,0.0730097748046874,8.95050048828125
229,0.073415357539062587,8.3453369140625
230,0.073562161562500172,8.67584228515625
231,0.073948864843750073,8.7548828125
232,0.07401689597656258,8.58612060546875
233,0.074273721640624846,9.0167236328125
234,0.074502879140625033,8.58856201171875
235,0.074615830351562717,8.819580078125
236,0.074636662851562452,9.1900634765625
237,0.074674421757812581,8.280029296875
238,0.074674747265624841,9.21875
curve_id,17
index,Z indent (µm),Force indent (µN)
0,0,0.66314697265625
1,0.0005937262499999818,0.67291259765625
2,0.0011926606249998972,0.6683349609375
3,0.0017919205078125167,0.67596435546875
4,0.0023908548828124321,0.6634521484375
5,0.0029923933203124253,0.694580078125
6,0.0035939317578124186,0.728759765625
7,0.004192866132812556,0.750732421875
8,0.0047921260156249534,0.74676513671875
9,0.0053936644531249467,0.74615478515625
10,0.0059925988281250842,0.748291015625
11,0.0065941372656250774,0.76385498046875
12,0.0071930716406249928,0.81024169921875
13,0.0077923315234373902,0.84442138671875
14,0.0083938699609373835,0.859375
15,0.0089465822265624162,0.84228515625
16,0.0095458421093750356,0.8453369140625
17,0.010147380546875029,0.8770751953125
18,0.010743710859375089,0.8990478515625
19,0.011342645234375004,0.9393310546875
20,0.011537624414062586,0.66650390625
21,0.011946787734375075,0.93658447265625
22,0.012139162851562579,0.7183837890625
23,0.012543443554687395,0.94573974609375
24,0.012738097226562495,0.73944091796875
25,0.013144981992187388,0.948486328125
26,0.013339635664062488,0.74066162109375
27,0.013743916367187525,0.95977783203125
28,0.013938895546874885,0.73883056640625
29,0.014345454804687519,0.99945068359375
30,0.014540433984374879,0.7342529296875
31,0.014946993242187512,1.02569580078125
32,0.015139368359375016,0.7806396484375
33,0.015543649062500053,1.0595703125
34,0.015740906796875009,0.8416748046875
35,0.016145187500000047,1.0418701171875
36,0.016339841171874925,0.87432861328125
37,0.016703107890625013,1.05804443359375
38,0.016939101054687544,0.88714599609375
39,0.017304646328125006,1.0662841796875
40,0.017535431367187382,0.88348388671875
41,0.017903906210937404,1.11419677734375
42,0.018134365742187519,0.8941650390625
43,0.01849502839843753,1.16851806640625
44,0.01869000757812489,0.91705322265625
45,0.019096566835937523,1.1859130859375
46,0.019329955937499976,0.97381591796875
47,0.01969582671874992,1.20513916015625
48,0.01989048039062502,1.01318359375
49,0.020294761093750058,1.2103271484375
50,0.020492018828125014,1.01654052734375
51,0.020896299531250051,1.2237548828125
52,0.021091278710937411,1.04583740234375
53,0.021495233906249966,1.27838134765625
54,0.021690213085937549,1.0272216796875
55,0.02209677234374996,1.3079833984375
56,0.022291751523437542,1.06903076171875
57,0.022696032226562579,1.36474609375
58,0.022890685898437457,1.1322021484375
59,0.023297570664062572,1.361083984375
60,0.023492224335937451,1.1749267578125
61,0.023896505039062488,1.38519287109375
62,0.02409148421875007,1.217041015625
63,0.024495439414062403,1.4105224609375
64,0.024693022656250063,1.20513916015625
65,0.025053685312500074,1.43585205078125
66,0.025291957031249979,1.23382568359375
67,0.025655223750000067,1.5142822265625
68,0.025890891406249894,1.2548828125
69,0.026246345937499971,1.54815673828125
70,0.026489825781250032,1.31072998046875
71,0.026848209882812446,1.58203125
72,0.027086481601562573,1.36322021484375
73,0.027449748320312439,1.5838623046875
74,0.027641797929687462,1.39129638671875
75,0.028046078632812499,1.61285400390625
76,0.028243661874999937,1.417236328125
77,0.028647617070312492,1.6302490234375
78,0.028842596250000074,1.42669677734375
79,0.029246551445312408,1.6888427734375
80,0.029444134687500068,1.4715576171875
81,0.029848415390624883,1.744384765625
82,0.030043069062499983,1.527099609375
83,0.030449953828124876,1.76788330078125
84,0.030642003437499898,1.57196044921875
85,0.031051492265625091,1.78924560546875
86,0.031243541874999892,1.6339111328125
87,0.031647822578124929,1.80206298828125
88,0.031789092968749877,1.63787841796875
89,0.032249361015624922,1.8359375
90,0.032444340195312504,1.6705322265625
91,0.032850899453124915,1.90643310546875
92,0.03304327457031242,1.68426513671875
93,0.033409145351562586,1.93695068359375
94,0.033644813007812413,1.74285888671875
95,0.03404909371093745,1.9903564453125
96,0.03424374738281255,1.8194580078125
97,0.034609618164062494,2.01934814453125
98,0.034843007265624948,1.85455322265625
99,0.035206273984375036,2.04010009765625
100,0.035439337578125008,1.9024658203125
101,0.035800000234375018,2.08831787109375
102,0.035994979414062378,1.91802978515625
103,0.036398934609374933,2.1240234375
104,0.036593913789062515,1.96563720703125
105,0.037000473046874927,2.2216796875
106,0.037236466210937458,2.02178955078125
107,0.037599732929687546,2.23907470703125
108,0.037794386601562424,2.10052490234375
109,0.038198667304687461,2.29827880859375
110,0.038395925039062417,2.1630859375
111,0.038800205742187455,2.3199462890625
112,0.038995184921875037,2.21343994140625
113,0.039399140117187592,2.35931396484375
114,0.03959672335937503,2.23724365234375
115,0.040000678554687585,2.4407958984375
116,0.040195657734374945,2.29095458984375
117,0.040602542500000061,2.5
118,0.040794592109375083,2.3297119140625
119,0.041201476874999976,2.57293701171875
120,0.041396130546875076,2.43621826171875
121,0.041800411249999891,2.6177978515625
122,0.04199018230468754,2.4859619140625
123,0.042399345625000029,2.64251708984375
124,0.042596928867187467,2.54913330078125
125,0.043000884062500022,2.7044677734375
126,0.043195863242187382,2.58392333984375
127,0.04355912996093747,2.75115966796875
128,0.04379479761718752,2.61993408203125
129,0.044152856210937452,2.83721923828125
130,0.044396336054687513,2.69439697265625
131,0.044754394648437446,2.90313720703125
132,0.04499559593749991,2.7557373046875
133,0.045353654531250065,2.9461669921875
134,0.045586718125000036,2.86834716796875
135,0.04595258890624998,3.00628662109375
136,0.046185978007812434,2.904052734375
137,0.046551523281249896,3.0230712890625
138,0.046746502460937478,2.98248291015625
139,0.047150457656250033,3.11431884765625
140,0.047348040898437471,3.00048828125
141,0.047752321601562508,3.16986083984375
142,0.047946975273437387,3.104248046875
143,0.048353860039062502,3.2666015625
144,0.04854851371093738,3.15460205078125
145,0.048952794414062417,3.3087158203125
146,0.049147773593749999,3.2916259765625
147,0.049551728789062555,3.35784912109375
148,0.049746707968749915,3.32061767578125
149,0.050153267226562548,3.41400146484375
150,0.050348246406249908,3.4503173828125
151,0.050752527109374945,3.48876953125
152,0.050947180781250045,3.44451904296875
153,0.051354065546874939,3.57757568359375
154,0.051548719218750039,3.57940673828125
155,0.051911985937499905,3.6846923828125
156,0.052147979101562436,3.63922119140625
157,0.052508316249999964,3.756103515625
158,0.052749517539062429,3.7677001953125
159,0.053104972070312506,3.8226318359375
160,0.053343243789062411,3.8519287109375
161,0.053706510507812499,3.88702392578125
162,0.053898885625000004,3.92486572265625
163,0.054302840820312559,3.961181640625
164,0.054541438046874946,4.0106201171875
165,0.054904379257812552,4.08416748046875
166,0.055140372421875083,4.0667724609375
167,0.05550363914062495,4.1668701171875
168,0.05569829281250005,4.22149658203125
169,0.056107781640625021,4.2840576171875
170,0.056299831250000043,4.2840576171875
171,0.05670411195312508,4.364013671875
172,0.05689909113281244,4.46197509765625
173,0.057303046328124996,4.4403076171875
174,0.057498025507812578,4.4696044921875
175,0.057904584765624989,4.5184326171875
176,0.058099563945312571,4.68475341796875
177,0.058503844648437386,4.65789794921875
178,0.058701102382812564,4.64599609375
179,0.05910538308593738,4.75189208984375
180,0.05930003675781248,4.92767333984375
181,0.059665907539062424,4.8797607421875
182,0.059899296640624877,4.8980712890625
183,0.06030585589843751,4.96826171875
184,0.060500835078125093,5.220947265625
185,0.060861497734374881,5.059814453125
186,0.061099769453125008,5.17333984375
187,0.061460432109375018,5.1654052734375
188,0.061701307890625001,5.45562744140625
189,0.062056762421875078,5.28717041015625
190,0.062292755585937387,5.457763671875
191,0.062656022304687475,5.4144287109375
192,0.062889085898437447,5.67230224609375
193,0.063254956679687391,5.54443359375
194,0.063493228398437518,5.7867431640625
195,0.063856495117187384,5.65460205078125
196,0.064051474296874966,5.99395751953125
197,0.064455429492187521,5.74798583984375
198,0.064650408671874882,6.16668701171875
199,0.065056967929687515,5.87127685546875
200,0.065251947109374875,6.2713623046875
201,0.065656227812499912,6.0113525390625
202,0.06585088148437479,6.49627685546875
203,0.06625516218750005,6.165771484375
204,0.066452419921874784,6.4794921875
205,0.066856700625000043,6.31317138671875
206,0.067051679804687625,6.83929443359375
207,0.067458239062500036,6.4422607421875
208,0.067653218242187618,6.75323486328125
209,0.068057173437500174,6.57318115234375
210,0.068252152617187312,7.1734619140625
211,0.068618023398437478,6.7059326171875
212,0.068853691054687305,6.91314697265625
213,0.069214353710937315,6.81182861328125
214,0.069452625429687442,7.647705078125
215,0.069818496210937608,6.88507080078125
216,0.07005188531249984,7.2088623046875
217,0.070407339843750139,7.005615234375
218,0.070648215625000121,8.1793212890625
219,0.071011482343749988,7.1429443359375
220,0.071247149999999815,7.72552490234375
221,0.071607812656249825,7.3046875
222,0.071802791835937407,8.72344970703125
223,0.072206747031249963,7.501220703125
224,0.072442740195312494,8.25836181640625
225,0.07280861097656266,7.72125244140625
226,0.073000660585937682,8.9501953125
227,0.073407545351562353,7.94830322265625
228,0.073602199023437676,8.58123779296875
229,0.074009083789062347,8.18084716796875
230,0.074197878320312549,8.91204833984375
231,0.074608018164062484,8.42620849609375
232,0.074715110234375048,8.8031005859375
233,0.07513859589843741,8.7017822265625
234,0.075209556601562477,8.6431884765625
235,0.075464103710937591,9.1162109375
236,0.075694888749999967,8.57696533203125
237,0.075808816484374875,8.895263671875
238,0.075828672460937385,9.2266845703125
239,0.075867407890625183,8.304443359375
curve_id,18
index,Z indent (µm),Force indent (µN)
0,0,0.66375732421875
1,0.00059893437500013746,0.6707763671875
2,0.0011981942578125349,0.670166015625
3,0.0017971286328124503,0.66650390625
4,0.0023986670703124435,0.6683349609375
5,0.002997601445312581,0.69610595703125
6,0.0035991398828125742,0.71563720703125
7,0.0041983997656249716,0.75408935546875
8,0.0047999382031249649,0.7525634765625
9,0.0053988725781251024,0.74371337890625
10,0.0065482406640624546,0.74798583984375
11,0.0066530541796876452,0.77056884765625
12,0.0071986052734376305,0.816650390625
13,0.0077513175390624411,0.84991455078125
14,0.0083528559765626564,0.86395263671875
15,0.0089521158593750538,0.855712890625
16,0.0095510502343749692,0.86029052734375
17,0.010149984609375107,0.88104248046875
18,0.010726784453125138,0.6842041015625
19,0.0107515230468751,0.9124755859375
20,0.011325718828125053,0.7232666015625
21,0.011350457421875015,0.95123291015625
22,0.011924653203124969,0.73455810546875
23,0.011949717304687635,0.96221923828125
24,0.012526191640624962,0.7293701171875
25,0.012551255742187628,0.953369140625
26,0.013125126015625099,0.72174072265625
27,0.013150190117187543,0.96649169921875
28,0.013721781835937641,0.74798583984375
29,0.013751728554687537,0.97412109375
30,0.01432592433593749,0.78857421875
31,0.014350662929687452,1.01898193359375
32,0.01492225464843755,0.84686279296875
33,0.014952526875000149,1.0455322265625
34,0.015477896484375142,0.85968017578125
35,0.015507843203125038,1.083984375
36,0.016107428593750139,0.867919921875
37,0.016152999687500058,1.07421875
38,0.016675765234374973,0.86883544921875
39,0.016703433398437495,1.09283447265625
40,0.017277303671874966,0.8966064453125
41,0.017304971835937488,1.11541748046875
42,0.017876563554687586,0.93292236328125
43,0.017903906210937626,1.15264892578125
44,0.018478101992187579,0.9796142578125
45,0.018502840585937541,1.18896484375
46,0.019077036367187494,1.01654052734375
47,0.019102100468750161,1.22467041015625
48,0.019678574804687488,1.00982666015625
49,0.019703638906250154,1.24481201171875
50,0.020277509179687625,1.033935546875
51,0.020302573281250069,1.24114990234375
52,0.0208793731250001,1.03912353515625
53,0.020904111718750062,1.26373291015625
54,0.021478307500000016,1.10443115234375
55,0.021503046093749978,1.3079833984375
56,0.022077241875000153,1.14959716796875
57,0.022102305976562597,1.3555908203125
58,0.022676176250000069,1.18988037109375
59,0.022703844414062591,1.3958740234375
60,0.023275436132812466,1.21337890625
61,0.023302778789062506,1.4263916015625
62,0.023861350195312658,1.20819091796875
63,0.023871115429687562,1.4312744140625
64,0.024460610078125056,1.22528076171875
65,0.024503251601562637,1.448974609375
66,0.025028946718750111,1.27166748046875
67,0.025056289375000151,1.490478515625
68,0.025627881093750027,1.3226318359375
69,0.025655223750000067,1.56707763671875
70,0.02622941953125002,1.3702392578125
71,0.026254483632812464,1.588134765625
72,0.026828353906250157,1.38671875
73,0.026853418007812602,1.634521484375
74,0.027429892343750151,1.407470703125
75,0.027454956445312595,1.624755859375
76,0.028029152226562548,1.42791748046875
77,0.02805389082031251,1.658935546875
78,0.028630690664062541,1.47308349609375
79,0.028655429257812504,1.6900634765625
80,0.029229625039062457,1.5423583984375
81,0.029254689140625123,1.73675537109375
82,0.02983116347656245,1.57684326171875
83,0.029856227578125116,1.8011474609375
84,0.030430097851562588,1.62506103515625
85,0.030455161953125032,1.82159423828125
86,0.031026753671875129,1.6302490234375
87,0.031054096328124947,1.8524169921875
88,0.031625688046875045,1.6680908203125
89,0.031655634765625162,1.859130859375
90,0.032214531679687575,1.6888427734375
91,0.032254569140625078,1.89239501953125
92,0.032780264257812552,1.771240234375
93,0.032858711640625149,1.95281982421875
94,0.033381802695312546,1.81427001953125
95,0.033455367460937468,2.0098876953125
96,0.033980737070312461,1.8756103515625
97,0.034005801171875127,2.06451416015625
98,0.034582275507812454,1.89849853515625
99,0.034609943671874976,2.0849609375
100,0.035181209882812592,1.91070556640625
101,0.035206273984375036,2.11029052734375
102,0.035726760976562577,1.9683837890625
103,0.035805208359374951,2.15850830078125
104,0.036382008203124983,2.03094482421875
105,0.036406746796874945,2.19879150390625
106,0.03698094257812512,2.12158203125
107,0.037006006679687564,2.294921875
108,0.037582481015625113,2.1728515625
109,0.037607545117187557,2.33001708984375
110,0.038181415390625029,2.2064208984375
111,0.038206479492187473,2.374267578125
112,0.038783279335937504,2.25067138671875
113,0.038808017929687466,2.41668701171875
114,0.039382213710937641,2.2833251953125
115,0.039406952304687604,2.454833984375
116,0.039981148085937557,2.3406982421875
117,0.040008816250000079,2.53326416015625
118,0.040574548828125057,2.58575439453125
119,0.04058268652343755,2.4560546875
120,0.041176738281250014,2.474365234375
121,0.041206685000000132,2.68524169921875
122,0.041732054609375124,2.5738525390625
123,0.041775021640624965,2.7069091796875
124,0.042333593046875118,2.5732421875
125,0.042366469335937573,2.75482177734375
126,0.042932852929687515,2.6556396484375
127,0.042960195585937555,2.80426025390625
128,0.043534391367187508,2.681884765625
129,0.043561734023437548,2.8643798828125
130,0.044133325742187646,2.7978515625
131,0.04415838984375009,2.9425048828125
132,0.044732260117187561,2.862548828125
133,0.044759928281250083,3.02276611328125
134,0.045333798554687554,2.9229736328125
135,0.045358862656249999,3.065185546875
136,0.045927850312500018,2.98309326171875
137,0.045957797031250136,3.11553955078125
138,0.046534596874999945,3.033447265625
139,0.046559335468750129,3.143310546875
140,0.047133531250000082,3.1121826171875
141,0.047158595351562527,3.2391357421875
142,0.047735069687500076,3.19061279296875
143,0.04776013378906252,3.28216552734375
144,0.048331400000000135,3.297119140625
145,0.048359068164062657,3.3868408203125
146,0.048933263945312611,3.36090087890625
147,0.048960606601562651,3.44879150390625
148,0.049534802382812604,3.41644287109375
149,0.049559540976562566,3.48876953125
150,0.050115833828125123,3.486328125
151,0.050117786875000014,3.5809326171875
152,0.050684170468749956,3.5809326171875
153,0.050729416054687615,3.63433837890625
154,0.051285708906249949,3.646240234375
155,0.051315655625000067,3.75457763671875
156,0.051884643281250087,3.80096435546875
157,0.051912311445312609,3.81683349609375
158,0.05248618171875008,3.8214111328125
159,0.052513849882812602,3.9202880859375
160,0.053085441601562477,3.9874267578125
161,0.053110180195312662,3.984375
162,0.053686980039062471,3.9678955078125
163,0.053711718632812655,4.0618896484375
164,0.054285914414062608,4.14306640625
165,0.05431065300781257,4.140625
166,0.054884848789062524,4.18182373046875
167,0.054909912890624968,4.26300048828125
168,0.055486387226562517,4.35028076171875
169,0.055511451328124961,4.365234375
170,0.056085647109375136,4.43603515625
171,0.056110385703125099,4.47052001953125
172,0.05668718554687513,4.5672607421875
173,0.056711924140625092,4.55810546875
174,0.057280911796875111,4.63958740234375
175,0.057863896289062522,4.652099609375
176,0.05788505429687496,4.744873046875
177,0.05797912605468758,4.73052978515625
178,0.058468689804687557,4.893798828125
179,0.05851165683593762,4.866943359375
180,0.059037026445312613,4.99237060546875
181,0.059113195273437613,4.97283935546875
182,0.059635960820312528,5.18890380859375
183,0.059712129648437529,5.08636474609375
184,0.060237499257812521,5.2484130859375
185,0.060270375546874977,5.1995849609375
186,0.060836759140625141,5.46112060546875
187,0.060864101796874959,5.2947998046875
188,0.061438297578125134,5.4559326171875
189,0.061465640234374952,5.40313720703125
190,0.062037231953125049,5.770263671875
191,0.062062296054687494,5.52276611328125
192,0.062638770390625043,5.7171630859375
193,0.062663834492187487,5.6683349609375
194,0.063237704765624958,6.14013671875
195,0.063262768867187624,5.79071044921875
196,0.063839568710937655,6.0406494140625
197,0.063864307304687618,5.91064453125
198,0.064438503085937571,6.44012451171875
199,0.064463241679687533,6.01959228515625
200,0.065037437460937708,6.35711669921875
201,0.06506250156249993,6.15386962890625
202,0.065638975898437701,6.700439453125
203,0.065664039999999924,6.3031005859375
204,0.066237910273437395,6.70684814453125
205,0.066262974375000061,6.44866943359375
206,0.066834566093749936,6.91162109375
207,0.067414946523437491,6.597900390625
208,0.067418201601562755,6.94122314453125
209,0.067530176289062771,6.71051025390625
210,0.067989142304687666,7.21649169921875
211,0.068064985625000185,6.81854248046875
212,0.06858807667968736,7.35076904296875
213,0.068664245507812582,6.87591552734375
214,0.069189615117187353,7.52197265625
215,0.069214679218750019,6.99462890625
216,0.06978854949218749,7.97821044921875
217,0.069816217656250013,7.14813232421875
218,0.070390087929687484,7.91229248046875
219,0.070417756093750006,7.33917236328125
220,0.070989347812499881,8.66943359375
221,0.071014086406249843,7.5408935546875
222,0.071590886249999874,8.20648193359375
223,0.071615624843749837,7.72796630859375
224,0.072189820625000012,8.90838623046875
225,0.072214884726562678,7.97637939453125
226,0.072791359062500005,8.36639404296875
227,0.072816423164062671,8.1341552734375
228,0.073344722343750002,8.95599365234375
229,0.073415357539062365,8.4124755859375
230,0.073802386328124969,8.348388671875
231,0.074014291914062502,8.7078857421875
232,0.074165653046874835,9.06097412109375
233,0.074431267421875225,8.370361328125
234,0.074597927421874877,9.0771484375
235,0.074615830351562495,8.914794921875
236,0.074673770742187395,8.33160400390625
237,0.074679955390625219,9.0673828125
curve_id,19
index,Z indent (µm),Force indent (µN)
0,0,0.654296875
1,0.00055043371093765892,0.694580078125
2,0.0011519721484376522,0.679931640625
3,0.0017509065234375676,0.6744384765625
4,0.0023498408984377051,0.682373046875
5,0.0029491007812501024,0.68359375
6,0.0035506392187500957,0.7354736328125
7,0.0041521776562500889,0.74951171875
8,0.0047511120312500044,0.76904296875
9,0.0053500464062501418,0.7574462890625
10,0.0059515848437501351,0.7525634765625
11,0.0065508447265625325,0.784912109375
12,0.0071497791015626699,0.79864501953125
13,0.0077513175390626632,0.8551025390625
14,0.0083502519140625786,0.870361328125
15,0.0089006856250000155,0.86578369140625
16,0.0095048281250000866,0.872802734375
17,0.0097818352734375669,0.6683349609375
18,0.010103762500000002,0.8734130859375
19,0.010378165585937627,0.70587158203125
20,0.010703022382812621,0.91522216796875
21,0.01097970402343762,0.73944091796875
22,0.011301956757812537,0.9429931640625
23,0.011578638398437535,0.72052001953125
24,0.011900891132812674,0.968017578125
25,0.012177898281250155,0.73486328125
26,0.012502429570312668,0.97900390625
27,0.012771624531250136,0.718994140625
28,0.013101689453125065,0.96832275390625
29,0.013332148984375181,0.77056884765625
30,0.013703227890625058,0.985107421875
31,0.013931408867187578,0.82977294921875
32,0.014302162265625196,1.00128173828125
33,0.014532947304687571,0.843505859375
34,0.014903700703125189,1.05224609375
35,0.015131881679687709,0.86334228515625
36,0.015502635078125104,1.07818603515625
37,0.015730816054687624,0.84442138671875
38,0.016060880976562553,1.09375
39,0.016332354492187617,0.8740234375
40,0.016703433398437717,1.08917236328125
41,0.016931614375000015,0.91156005859375
42,0.017258749726562606,1.11602783203125
43,0.017533152812500008,0.94879150390625
44,0.017855405546875147,1.14776611328125
45,0.018132087187500145,0.99456787109375
46,0.01845694398437514,1.185302734375
47,0.018733625625000139,0.99945068359375
48,0.0190532742968752,1.2396240234375
49,0.019332560000000054,1.01806640625
50,0.019654812734375193,1.253662109375
51,0.019929215820312596,1.02020263671875
52,0.020253747109375109,1.265869140625
53,0.020522942070312578,1.05804443359375
54,0.020855611054687584,1.27655029296875
55,0.021127084570312649,1.1163330078125
56,0.021454545429687499,1.30889892578125
57,0.021682726406250019,1.16912841796875
58,0.022053479804687637,1.3543701171875
59,0.022284264843750012,1.2030029296875
60,0.02265501824218763,1.40655517578125
61,0.02288319921875015,1.1956787109375
62,0.023253952617187545,1.441650390625
63,0.023484737656250143,1.21307373046875
64,0.023855816562500021,1.46026611328125
65,0.02408399753906254,1.226806640625
66,0.024416341015625065,1.4739990234375
67,0.024685535976562534,1.2872314453125
68,0.025056289375000151,1.51031494140625
69,0.025284470351562671,1.346435546875
70,0.025655223750000067,1.5496826171875
71,0.025883404726562587,1.37054443359375
72,0.026205657460937504,1.61041259765625
73,0.02648494316406258,1.395263671875
74,0.026807195898437719,1.63238525390625
75,0.027084203046875199,1.40625
76,0.027406130273437634,1.673583984375
77,0.027683137421875115,1.42974853515625
78,0.028005390156250032,1.6748046875
79,0.028284675859375108,1.49261474609375
80,0.028606928593750025,1.705322265625
81,0.02887840210937509,1.55303955078125
82,0.029205862968750163,1.74713134765625
83,0.029434043945312682,1.59637451171875
84,0.029807401406250156,1.793212890625
85,0.030076596367187625,1.62445068359375
86,0.030406335781250071,1.8524169921875
87,0.030580807968750179,1.6375732421875
88,0.031005595664062691,1.86187744140625
89,0.031236055195312584,1.6650390625
90,0.031607134101562684,1.88751220703125
91,0.031835315078125204,1.70501708984375
92,0.032206068476562599,1.90399169921875
93,0.032436853515625197,1.7755126953125
94,0.032807606914062593,1.95404052734375
95,0.033035787890625112,1.82708740234375
96,0.033365527304687559,2.0196533203125
97,0.033637326328125106,1.86492919921875
98,0.033967391250000034,2.07366943359375
99,0.034236260703125021,1.89117431640625
100,0.034566325625000172,2.1160888671875
101,0.03483552058593764,1.92169189453125
102,0.035157773320312558,2.1453857421875
103,0.035437059023437634,1.96441650390625
104,0.035756707695312695,2.1588134765625
105,0.036035993398437549,2.0501708984375
106,0.036358246132812688,2.22747802734375
107,0.036634927773437687,2.1270751953125
108,0.036957180507812604,2.264404296875
109,0.03723646621093768,2.17254638671875
110,0.037558718945312597,2.36846923828125
111,0.037830517968750144,2.20977783203125
112,0.038157653320312512,2.4041748046875
113,0.03838843835937511,2.2381591796875
114,0.03875951726562521,2.4407958984375
115,0.038987698242187507,2.30194091796875
116,0.039358451640625125,2.48626708984375
117,0.039586632617187645,2.35382080078125
118,0.039959990078125118,2.51983642578125
119,0.040188171054687638,2.4530029296875
120,0.040558924453125034,2.61138916015625
121,0.040784501367187698,2.50335693359375
122,0.041157858828125171,2.66265869140625
123,0.041388643867187547,2.55767822265625
124,0.041759722773437646,2.74261474609375
125,0.041987903750000166,2.59735107421875
126,0.042320247226562691,2.7838134765625
127,0.042589442187500159,2.62237548828125
128,0.042911694921875077,2.81951904296875
129,0.043188376562500075,2.71759033203125
130,0.04351323335937507,2.86956787109375
131,0.043789915000000068,2.78228759765625
132,0.044112167734375207,2.93670654296875
133,0.044388849375000206,2.8802490234375
134,0.044711102109375123,3.0169677734375
135,0.044988109257812603,2.9278564453125
136,0.045310036484375038,3.0810546875
137,0.045584439570312663,2.98126220703125
138,0.045909296367187657,3.12286376953125
139,0.046140081406250033,3.026123046875
140,0.046510834804687651,3.18267822265625
141,0.04678002976562512,3.12042236328125
142,0.047109769179687566,3.21044921875
143,0.047337950156250086,3.19671630859375
144,0.047711307617187559,3.30230712890625
145,0.047939488593750079,3.316650390625
146,0.048310241992187697,3.3673095703125
147,0.048541027031250072,3.3258056640625
148,0.04891178042968769,3.46588134765625
149,0.04913996140625021,3.47137451171875
150,0.049511040312500088,3.54400634765625
151,0.049739221289062607,3.44970703125
152,0.050109974687500003,3.57574462890625
153,0.050340759726562601,3.6090087890625
154,0.050673103203125125,3.6767578125
155,0.050939694101562516,3.65966796875
156,0.051269759023437667,3.72589111328125
157,0.051541232539062509,3.80340576171875
158,0.051866089335937504,3.84796142578125
159,0.052140166914062647,3.86627197265625
160,0.052465023710937642,3.91998291015625
161,0.052742030859375122,3.92852783203125
162,0.053061679531250183,4.033203125
163,0.053340965234375037,4.0594482421875
164,0.053663217968750176,4.10400390625
165,0.053939899609375175,4.0924072265625
166,0.054262152343750092,4.15985107421875
167,0.054490333320312612,4.25262451171875
168,0.054861086718750007,4.26025390625
169,0.055130281679687698,4.3206787109375
170,0.055462625156250001,4.38995361328125
171,0.05569080613281252,4.49432373046875
172,0.05606188503906262,4.47723388671875
173,0.056292344570312514,4.52392578125
174,0.056663423476562613,4.61212158203125
175,0.056891604453125133,4.70794677734375
176,0.057262357851562529,4.676513671875
177,0.057493142890625126,4.6917724609375
178,0.057863896289062522,4.786376953125
179,0.058092077265625042,4.99359130859375
180,0.058462830664062659,4.86602783203125
181,0.058691011640625179,4.92889404296875
182,0.059023680625000186,4.99725341796875
183,0.059292550078125172,5.29083251953125
184,0.059622615000000101,5.113525390625
185,0.05989180996093757,5.1995849609375
186,0.060213737187500005,5.24261474609375
187,0.060490744335937707,5.52978515625
188,0.060815601132812702,5.34698486328125
189,0.061092282773437701,5.4522705078125
190,0.061414535507812618,5.43792724609375
191,0.061691217148437616,5.760498046875
192,0.062013469882812533,5.56060791015625
193,0.062290477031250013,5.82183837890625
194,0.062615008320312526,5.67291259765625
195,0.062886807343750073,6.05377197265625
196,0.063213942695312664,5.8123779296875
197,0.063483137656250133,6.2054443359375
198,0.063815806640625139,5.95489501953125
199,0.064043987617187659,6.29547119140625
200,0.064414741015625276,6.0821533203125
201,0.064642921992187796,6.5753173828125
202,0.06501367539062497,6.20758056640625
203,0.065244460429687789,6.52374267578125
204,0.065615213828124963,6.31927490234375
205,0.065843394804687483,6.87530517578125
206,0.066214148203125101,6.4776611328125
207,0.066444933242187476,6.80877685546875
208,0.066816012148437798,6.62628173828125
209,0.067044193125000318,7.2442626953125
210,0.067373932539062542,6.76025390625
211,0.067645731562500311,6.97113037109375
212,0.06797286691406268,6.83502197265625
213,0.068244665937500004,7.7459716796875
214,0.068571801289062817,6.92718505859375
215,0.068843600312500142,7.2503662109375
216,0.069168457109374915,7.03582763671875
217,0.069445138750000135,8.37615966796875
218,0.069764787421875196,7.20428466796875
219,0.070044398632812532,7.74169921875
220,0.070366325859375189,7.386474609375
221,0.070645937070312526,8.96331787109375
222,0.070965585742187587,7.62969970703125
223,0.071239663320312507,8.3001708984375
224,0.07156712417968758,7.81646728515625
225,0.071838597695312645,9.068603515625
226,0.072166058554687718,8.0279541015625
227,0.072394239531250237,8.69781494140625
228,0.072767596992187711,8.2794189453125
229,0.072987965781250219,9.0045166015625
230,0.073366531367187404,8.4967041015625
231,0.073453767460937458,8.9971923828125
232,0.07353905050781262,8.79913330078125
233,0.073968069804687397,8.73748779296875
234,0.074567329687500239,8.9996337890625
235,0.074592068281250201,9.2498779296875
236,0.074626246601562807,8.22479248046875
curve_id,20
index,Z indent (µm),Force indent (µN)
0,0,0.6591796875
1,0.00059893437499991542,0.6817626953125
2,0.0011981942578125349,0.67901611328125
3,0.0017997326953125281,0.66070556640625
4,0.0023986670703124435,0.68267822265625
5,0.0029591915234374877,0.69793701171875
6,0.0035581258984374031,0.7391357421875
7,0.0041495735937500111,0.753173828125
8,0.0047511120312500044,0.75927734375
9,0.0053500464062499198,0.75164794921875
10,0.0059519103515626171,0.75408935546875
11,0.0065508447265625325,0.791015625
12,0.0071497791015624479,0.81451416015625
13,0.0077513175390624411,0.85784912109375
14,0.0083502519140625786,0.87005615234375
15,0.0089521158593750538,0.855712890625
16,0.0095510502343749692,0.8758544921875
17,0.0096913441015624713,0.6768798828125
18,0.010152588671874963,0.87982177734375
19,0.010331292460937558,0.69915771484375
20,0.0107515230468751,0.92742919921875
21,0.010891816914062602,0.692138671875
22,0.011350457421875015,0.94970703125
23,0.011490751289062517,0.69244384765625
24,0.011911307382812542,0.96099853515625
25,0.012092615234374993,0.69305419921875
26,0.012505033632812523,0.963134765625
27,0.012691549609374908,0.74249267578125
28,0.013103968007812439,0.95916748046875
29,0.013293088046874901,0.7757568359375
30,0.013703227890625058,0.986328125
31,0.013892022421875039,0.79498291015625
32,0.014302162265624974,1.01531982421875
33,0.014493560859375032,0.80657958984375
34,0.014903700703124967,1.05621337890625
35,0.015092820742187429,0.806884765625
36,0.015502635078125104,1.08367919921875
37,0.015694359179687423,0.8355712890625
38,0.016101894960937502,1.07269287109375
39,0.016290689492187482,0.87982177734375
40,0.016703433398437495,1.0888671875
41,0.016892227929687476,0.914306640625
42,0.01730236777343741,1.09344482421875
43,0.017491162304687613,0.9686279296875
44,0.017903906210937404,1.153564453125
45,0.018082609999999999,0.96466064453125
46,0.018502840585937541,1.1956787109375
47,0.018643134453125043,0.982666015625
48,0.019104379023437534,1.21978759765625
49,0.019244672890625036,0.9783935546875
50,0.019662624921874983,1.24267578125
51,0.019843932773437434,1.01531982421875
52,0.020264163359374976,1.24359130859375
53,0.020445471210937427,1.0675048828125
54,0.020860493671875036,1.2750244140625
55,0.021044405585937564,1.11297607421875
56,0.021454545429687499,1.30096435546875
57,0.02164333996093748,1.15447998046875
58,0.022053479804687415,1.3525390625
59,0.022244878398437473,1.14471435546875
60,0.022655018242187408,1.392822265625
61,0.022844138281250093,1.1700439453125
62,0.023254278125000027,1.4227294921875
63,0.023445676718750086,1.1822509765625
64,0.023855816562500021,1.42852783203125
65,0.024044611093750001,1.2481689453125
66,0.024454750937499936,1.45599365234375
67,0.024643545468749917,1.29180908203125
68,0.025056289374999929,1.4935302734375
69,0.02524508390624991,1.3348388671875
70,0.025655223750000067,1.55670166015625
71,0.025844343789062529,1.3433837890625
72,0.026254483632812464,1.59820556640625
73,0.026435465976562433,1.3555908203125
74,0.026856022070312457,1.6265869140625
75,0.027037004414062427,1.38885498046875
76,0.027454956445312595,1.63909912109375
77,0.02749531941406258,1.44134521484375
78,0.027646355039062431,1.50360107421875
79,0.028056494882812588,1.6558837890625
80,0.028655429257812504,1.695556640625
81,0.028795723125000006,1.552734375
82,0.02920586296874994,1.74224853515625
83,0.029397261562499999,1.56402587890625
84,0.029807401406249934,1.7974853515625
85,0.029996521445312618,1.59698486328125
86,0.030414147968750083,1.84173583984375
87,0.03053393484375011,1.61224365234375
88,0.031005595664062469,1.85455322265625
89,0.031196994257812527,1.67236328125
90,0.031607134101562462,1.87164306640625
91,0.031795928632812442,1.73828125
92,0.032206068476562599,1.91009521484375
93,0.03239486300781258,1.76788330078125
94,0.032807606914062593,1.94488525390625
95,0.032996726953125055,1.83441162109375
96,0.033406541289062508,2.03857421875
97,0.033595661328124971,1.8145751953125
98,0.034008405234374983,2.0574951171875
99,0.034197199765624964,1.8701171875
100,0.034607339609375121,2.10784912109375
101,0.034786043398437494,1.89361572265625
102,0.035206273984375036,2.1197509765625
103,0.035346567851562538,1.9891357421875
104,0.035807812421875029,2.1612548828125
105,0.035948106289062531,2.0526123046875
106,0.036406746796874945,2.21099853515625
107,0.036547040664062447,2.09625244140625
108,0.036964992695312615,2.27264404296875
109,0.037148904609374922,2.1337890625
110,0.037563927070312531,2.357177734375
111,0.037747838984375059,2.1636962890625
112,0.038157978828124994,2.3724365234375
113,0.038349377421875053,2.20672607421875
114,0.038759517265624988,2.42706298828125
115,0.038948311796874968,2.2930908203125
116,0.039358451640624903,2.459716796875
117,0.039547246171875106,2.3516845703125
118,0.03995738601562504,2.5091552734375
119,0.040148784609375099,2.440185546875
120,0.040558924453125034,2.61260986328125
121,0.040737628242187407,2.451171875
122,0.041158184335937431,2.6544189453125
123,0.041349582929687489,2.50732421875
124,0.041759722773437424,2.7215576171875
125,0.041948517304687405,2.55706787109375
126,0.042358657148437562,2.7667236328125
127,0.042547451679687542,2.615966796875
128,0.042960195585937555,2.7813720703125
129,0.043100489453125057,2.7301025390625
130,0.04355912996093747,2.87017822265625
131,0.043699423828124973,2.75970458984375
132,0.044160668398437464,2.9150390625
133,0.044300962265624966,2.85247802734375
134,0.044759928281250083,3.01025390625
135,0.044900222148437585,2.85064697265625
136,0.045315244609374972,3.065185546875
137,0.045499156523437501,2.94891357421875
138,0.045911900429687513,3.0999755859375
139,0.046100694960937494,3.00201416015625
140,0.046513438867187507,3.1573486328125
141,0.046699629335937409,3.118896484375
142,0.047109769179687566,3.19976806640625
143,0.047301167773437403,3.17230224609375
144,0.047711307617187559,3.277587890625
145,0.047900427656250022,3.27789306640625
146,0.048310241992187475,3.348388671875
147,0.048501966093750015,3.2781982421875
148,0.04891210593749995,3.44329833984375
149,0.049100900468749931,3.39324951171875
150,0.049511040312500088,3.49517822265625
151,0.049702438906249924,3.4222412109375
152,0.050109974687500003,3.56658935546875
153,0.050301373281250061,3.57879638671875
154,0.050711513124999996,3.62457275390625
155,0.050900633164062459,3.631591796875
156,0.051310447499999912,3.70758056640625
157,0.051502171601562452,3.7567138671875
158,0.051912311445312609,3.80706787109375
159,0.052052605312500111,3.81072998046875
160,0.052511245820312524,3.8922119140625
161,0.052651539687500026,3.86016845703125
162,0.053071770273437568,3.9898681640625
163,0.05325307812500002,3.992919921875
164,0.053711718632812433,4.06036376953125
165,0.053852012499999935,4.0533447265625
166,0.054267360468750026,4.13055419921875
167,0.054450946875000072,4.23919677734375
168,0.054866294843749941,4.24652099609375
169,0.055052810820312548,4.25811767578125
170,0.055462625156250001,4.31427001953125
171,0.055651745195312463,4.44427490234375
172,0.05606188503906262,4.47357177734375
173,0.056253283632812456,4.43023681640625
174,0.056663423476562613,4.55230712890625
175,0.056852218007812594,4.65423583984375
176,0.057262357851562529,4.61883544921875
177,0.057453756445312587,4.64569091796875
178,0.057863896289062522,4.761962890625
179,0.058053016328124984,4.9273681640625
180,0.058462830664062437,4.798583984375
181,0.058654554765624978,4.90081787109375
182,0.059064369101562431,4.970703125
183,0.059250885078125037,5.18463134765625
184,0.05966362898437505,5.0689697265625
185,0.059847215390625097,5.12420654296875
186,0.060262563359374965,5.1885986328125
187,0.060402857226562467,5.40802001953125
188,0.060864101796874959,5.3082275390625
189,0.061004395664062461,5.42022705078125
190,0.061463036171875096,5.384521484375
191,0.061603330039062598,5.6866455078125
192,0.062018678007812467,5.51483154296875
193,0.062204868476562591,5.75408935546875
194,0.062622820507812538,5.63018798828125
195,0.062804128359374989,5.953369140625
196,0.06321654675781252,5.75927734375
197,0.063405666796874982,6.10870361328125
198,0.063815806640624917,5.90972900390625
199,0.06400460117187512,6.18621826171875
200,0.064414741015625054,6.01776123046875
201,0.064603535546875035,6.49200439453125
202,0.06501367539062497,6.156005859375
203,0.065205073984375028,6.45263671875
204,0.065615213828124963,6.26007080078125
205,0.065804333867187426,6.83502197265625
206,0.06621447371093736,6.41571044921875
207,0.066405872304687419,6.73065185546875
208,0.066816012148437354,6.56402587890625
209,0.067004806679687556,7.1539306640625
210,0.067414946523437491,6.708984375
211,0.067603741054687694,6.8768310546875
212,0.068016484960937484,6.81396484375
213,0.068205279492187687,7.633056640625
214,0.068615419335937622,6.8707275390625
215,0.068755713203125124,7.14508056640625
216,0.069214679218750019,6.98455810546875
217,0.069354973085937521,8.2000732421875
218,0.069816217656250013,7.1087646484375
219,0.069956511523437515,7.65411376953125
220,0.070374138046875201,7.313232421875
221,0.070555445898437652,8.63250732421875
222,0.070975676484375194,7.5042724609375
223,0.071156984335937645,8.29010009765625
224,0.071569728242187436,7.70416259765625
225,0.071755918710937339,8.863525390625
226,0.072166058554687718,7.9058837890625
227,0.07235517859375018,8.54736328125
228,0.072764992929687411,8.12591552734375
229,0.072950857890625054,8.85528564453125
230,0.073366531367187404,8.35052490234375
231,0.073469066328125221,8.7969970703125
232,0.073893528515624807,8.6431884765625
233,0.073965791249999802,8.61419677734375
234,0.074220012851562656,9.10491943359375
235,0.074451774414062699,8.48480224609375
236,0.074567329687499795,8.848876953125
237,0.074586534648437341,9.2333984375
238,0.074626246601562363,8.18115234375
curve_id,21
index,Z indent (µm),Force indent (µN)
0,0,0.6573486328125
1,0.00059665582031254161,0.6866455078125
2,0.0011981942578125349,0.6884765625
3,0.0017971286328124503,0.679931640625
4,0.0023550490234374166,0.6817626953125
5,0.0029491007812498804,0.69305419921875
6,0.0035480351562500179,0.732421875
7,0.0041469695312499333,0.74981689453125
8,0.0047488334765624085,0.77117919921875
9,0.005347767851562546,0.75592041015625
10,0.0059493062890625392,0.74798583984375
11,0.0065482406640624546,0.780029296875
12,0.0071497791015624479,0.79864501953125
13,0.0077490389843750673,0.8551025390625
14,0.0083479733593749827,0.86822509765625
15,0.008949511796874976,0.869140625
16,0.0091373298046875107,0.66192626953125
17,0.0095484461718748914,0.869140625
18,0.0097388682421875039,0.67657470703125
19,0.010149984609374885,0.8819580078125
20,0.010294510078125096,0.69244384765625
21,0.010708230507812555,0.9112548828125
22,0.010893444453125012,0.67474365234375
23,0.011350782929687497,0.9442138671875
24,0.011494982890625005,0.68634033203125
25,0.01190349519531253,0.97015380859375
26,0.012093917265624921,0.71990966796875
27,0.012507637695312379,0.9710693359375
28,0.012692851640625058,0.75439453125
29,0.013101689453125065,0.96954345703125
30,0.013294715585937533,0.79437255859375
31,0.01370062382812498,0.98663330078125
32,0.013896254023437526,0.794677734375
33,0.014299558203124896,0.99090576171875
34,0.014495188398437442,0.8001708984375
35,0.014901422148437593,1.05499267578125
36,0.015094122773437579,0.78216552734375
37,0.015502960585937586,1.07635498046875
38,0.015695661210937573,0.83160400390625
39,0.016099290898437424,1.0980224609375
40,0.01629492109374997,0.8819580078125
41,0.016700829335937417,1.07940673828125
42,0.016893855468749885,0.9161376953125
43,0.017299763710937555,1.08978271484375
44,0.017492789843750023,0.93841552734375
45,0.017903906210937404,1.14471435546875
46,0.018094328281250016,0.94696044921875
47,0.018505444648437397,1.173095703125
48,0.018644761992187453,0.960693359375
49,0.019102100468749938,1.21917724609375
50,0.019287314414062395,0.97320556640625
51,0.019701034843750076,1.239013671875
52,0.019886248789062533,1.01470947265625
53,0.020302573281250069,1.2493896484375
54,0.020446773242187577,1.068115234375
55,0.020850402929687428,1.258544921875
56,0.020984512148437551,1.092529296875
57,0.021451941367187422,1.28448486328125
58,0.02164496749999989,1.121826171875
59,0.022051201250000041,1.33453369140625
60,0.022243901875000027,1.12548828125
61,0.022652739687500034,1.37481689453125
62,0.02284544031250002,1.146240234375
63,0.02325167406249995,1.41387939453125
64,0.023446978750000014,1.18743896484375
65,0.023850608437500087,1.429443359375
66,0.024046238632812411,1.2371826171875
67,0.02445214687500008,1.42974853515625
68,0.024645173007812549,1.295166015625
69,0.025051406757812478,1.48406982421875
70,0.025244107382812464,1.2945556640625
71,0.025652945195312471,1.51397705078125
72,0.025845645820312457,1.32843017578125
73,0.026251879570312386,1.58721923828125
74,0.026447184257812451,1.31988525390625
75,0.02685341800781238,1.61712646484375
76,0.027041236015624914,1.380615234375
77,0.027452352382812517,1.63604736328125
78,0.027599156406249881,1.42791748046875
79,0.028007994218749888,1.65496826171875
80,0.0281984162890625,1.49200439453125
81,0.028606928593750025,1.67327880859375
82,0.028799954726562493,1.52862548828125
83,0.029203258906250085,1.73004150390625
84,0.029398889101562409,1.53350830078125
85,0.02980512285156256,1.767578125
86,0.029997823476562546,1.5594482421875
87,0.030406661289062553,1.8316650390625
88,0.030599361914062539,1.5911865234375
89,0.031005595664062469,1.84814453125
90,0.031147191562499899,1.66656494140625
91,0.031604530039062384,1.873779296875
92,0.03180016023437493,1.71234130859375
93,0.032203464414062521,1.88873291015625
94,0.032399094609375068,1.76177978515625
95,0.032805328359374997,1.93267822265625
96,0.032998028984374983,1.77886962890625
97,0.03340686679687499,1.99462890625
98,0.033599567421874976,1.79351806640625
99,0.034005801171874905,2.056884765625
100,0.034198827304687596,1.8182373046875
101,0.034604735546875043,2.09197998046875
102,0.034800365742187589,1.9000244140625
103,0.035203669921874958,2.1240234375
104,0.035394091992187571,1.9427490234375
105,0.035805533867187433,2.132568359375
106,0.03599074781249989,2.04071044921875
107,0.036407072304687427,2.19390869140625
108,0.036548668203125079,2.03582763671875
109,0.037006006679687564,2.24334716796875
110,0.037147602578124994,2.10479736328125
111,0.037556440390625001,2.32086181640625
112,0.037749141015624987,2.11883544921875
113,0.038155374765624916,2.374267578125
114,0.038348400898437385,2.19818115234375
115,0.038754309140625054,2.3944091796875
116,0.0389499393359376,2.2564697265625
117,0.039355847578125047,2.4530029296875
118,0.039548873710937515,2.33154296875
119,0.039955107460937445,2.47894287109375
120,0.040147808085937431,2.37762451171875
121,0.040556645898437438,2.57293701171875
122,0.040749346523437424,2.420654296875
123,0.041155580273437575,2.6251220703125
124,0.041348606406250044,2.45452880859375
125,0.041757118710937569,2.70477294921875
126,0.041950144843750037,2.51373291015625
127,0.042356053085937484,2.73406982421875
128,0.04255168328125003,2.60711669921875
129,0.042955312968749881,2.78045654296875
130,0.04314801359375009,2.6654052734375
131,0.043556851406250097,2.83599853515625
132,0.043701051367187382,2.74139404296875
133,0.044114771796875063,2.89306640625
134,0.04429998574218752,2.7703857421875
135,0.044713706171874978,2.97088623046875
136,0.044942538164062462,2.8277587890625
137,0.045356258593749921,3.03924560546875
138,0.04550078406249991,2.87078857421875
139,0.045909296367187435,3.0810546875
140,0.046099718437500048,2.9803466796875
141,0.046508230742187573,3.1451416015625
142,0.046701256875000041,3.0340576171875
143,0.04710749062499997,3.16375732421875
144,0.047300191249999957,3.16650390625
145,0.047706424999999886,3.25286865234375
146,0.04790172968749995,3.1585693359375
147,0.048307963437499879,3.31268310546875
148,0.048500989570312569,3.2781982421875
149,0.048909501875000094,3.39813232421875
150,0.049102528007812563,3.26873779296875
151,0.04950843625000001,3.475341796875
152,0.049701462382812478,3.42254638671875
153,0.050107696132812407,3.5064697265625
154,0.050300396757812393,3.4832763671875
155,0.050706630507812545,3.58795166015625
156,0.050901935195312387,3.60198974609375
157,0.051308168945312538,3.64044189453125
158,0.051501195078125006,3.66729736328125
159,0.051909707382812531,3.76129150390625
160,0.052102733515624999,3.734130859375
161,0.052508641757812446,3.824462890625
162,0.052652841718749954,3.8043212890625
163,0.053066887656249895,3.94256591796875
164,0.053252101601562574,3.8873291015625
165,0.053665822031250032,3.98895263671875
166,0.053853640039062567,4.0325927734375
167,0.054259548281250014,4.072265625
168,0.05445517847656256,4.100341796875
169,0.054861412226562489,4.15802001953125
170,0.055054112851562476,4.26177978515625
171,0.055460346601562405,4.25537109375
172,0.055653047226562391,4.25994873046875
173,0.056059280976562542,4.36614990234375
174,0.05625230710937501,4.43328857421875
175,0.056658215351562458,4.483642578125
176,0.056853845546875004,4.4317626953125
177,0.057259753789062451,4.5458984375
178,0.057455383984374997,4.68902587890625
179,0.05785901367187507,4.66400146484375
180,0.058054318359374912,4.68292236328125
181,0.058460552109375064,4.732666015625
182,0.05865325273437505,4.9652099609375
183,0.059059486484374979,4.8748779296875
184,0.059252512617187447,4.9017333984375
185,0.059658420859374894,4.98077392578125
186,0.05985405105468744,5.1922607421875
187,0.060259959296874888,5.08758544921875
188,0.060455589492187434,5.12359619140625
189,0.060859219179687507,5.2337646484375
190,0.061047037187500042,5.44158935546875
191,0.061419743632812551,5.284423828125
192,0.061604957578125008,5.4766845703125
193,0.062059691992187416,5.42236328125
194,0.062244905937500095,5.7073974609375
195,0.06262021644531246,5.52947998046875
196,0.062805430390624917,5.80535888671875
197,0.06320906007812499,5.66802978515625
198,0.063404690273437536,5.93536376953125
199,0.063810598515624983,5.7904052734375
200,0.064003624648437452,6.12884521484375
201,0.064412136953124977,5.93170166015625
202,0.064605163085937445,6.21246337890625
203,0.06501367539062497,6.0198974609375
204,0.065204097460937582,6.5252685546875
205,0.065610331210937511,6.163330078125
206,0.065805635898437354,6.49078369140625
207,0.066211869648437505,6.27593994140625
208,0.066404895781250195,6.8450927734375
209,0.066813408085937498,6.4508056640625
210,0.067006434218750188,6.73126220703125
211,0.067412342460937635,6.5899658203125
212,0.067605368593749882,7.14874267578125
213,0.068013880898437629,6.71112060546875
214,0.068204302968750019,6.88568115234375
215,0.06861053671875017,6.81488037109375
216,0.068805841406250012,7.66510009765625
217,0.069212075156250163,6.87469482421875
218,0.069356275117187449,7.19970703125
219,0.069813613593750157,7.00286865234375
220,0.069955209492187587,8.19671630859375
221,0.070371533984374901,7.122802734375
222,0.07055707343749984,7.63946533203125
223,0.070968189804687443,7.31536865234375
224,0.071156007812499977,8.7103271484375
225,0.071561916054687424,7.53326416015625
226,0.071754942187500115,8.2421875
227,0.072163454492187418,7.7069091796875
228,0.072356480625000108,8.89068603515625
229,0.072955414999999801,8.5589599609375
230,0.073361648749999953,7.91839599609375
231,0.073461579648437469,8.140869140625
232,0.073551094296875119,8.84124755859375
233,0.073963187187499946,8.375244140625
234,0.074064420117187391,8.8604736328125
235,0.074489858828125088,8.65386962890625
236,0.074562121562500083,8.6492919921875
237,0.074816994179687457,9.1156005859375
238,0.075047453710937573,8.5186767578125
239,0.075161381445312481,8.85406494140625
240,0.075180911914062287,9.2327880859375
241,0.075219647343750085,8.2171630859375
242,0.075219972851562344,8.90625
curve_id,22
index,Z indent (µm),Force indent (µN)
0,0,0.69000244140625
1,0.00059925988281239739,0.70343017578125
2,0.0011981942578123128,0.697021484375
3,0.0017997326953123061,0.69091796875
4,0.0023986670703124435,0.6890869140625
5,0.0030028095703125146,0.7293701171875
6,0.0035994653906248342,0.74554443359375
7,0.0042010038281248274,0.77911376953125
8,0.0047999382031249649,0.77239990234375
9,0.0053988725781248803,0.77301025390625
10,0.0060030150781249514,0.780029296875
11,0.0065508447265623104,0.7904052734375
12,0.0071523831640623037,0.84320068359375
13,0.0077513175390624411,0.87158203125
14,0.0083505774218748385,0.885009765625
15,0.0089521158593748318,0.8843994140625
16,0.0095510502343749692,0.8831787109375
17,0.0097378917187498359,0.6756591796875
18,0.010152588671874963,0.908203125
19,0.010293533554687428,0.68389892578125
20,0.010751523046874878,0.9320068359375
21,0.010892467929687344,0.70159912109375
22,0.011350782929687497,0.97869873046875
23,0.011494006367187337,0.68359375
24,0.011952321367187491,0.99090576171875
25,0.012092940742187475,0.6982421875
26,0.012551255742187406,0.9814453125
27,0.012692200624999872,0.736083984375
28,0.013152794179687399,0.986328125
29,0.013293739062499865,0.7666015625
30,0.013751728554687315,0.99945068359375
31,0.013892673437500003,0.80413818359375
32,0.014353592500000012,1.0443115234375
33,0.014494211874999996,0.78948974609375
34,0.014903700703124967,1.065673828125
35,0.015093146249999911,0.7977294921875
36,0.01550523914062496,1.09283447265625
37,0.015689802070312453,0.81085205078125
38,0.016101894960937502,1.11968994140625
39,0.016293944570312302,0.85418701171875
40,0.016703433398437495,1.10321044921875
41,0.016892878945312439,0.9063720703125
42,0.01730236777343741,1.13525390625
43,0.017494417382812433,0.93414306640625
44,0.017903906210937404,1.14715576171875
45,0.01804485109374987,0.963134765625
46,0.018505444648437397,1.21246337890625
47,0.018643785468750007,0.946044921875
48,0.019104704531249794,1.224365234375
49,0.01924532390625,0.96160888671875
50,0.019703638906249932,1.26068115234375
51,0.01984197972656232,0.9814453125
52,0.020302573281249847,1.26373291015625
53,0.020443518164062313,1.041259765625
54,0.020906715781249918,1.26495361328125
55,0.021045056601562306,1.0760498046875
56,0.021505650156249834,1.3079833984375
57,0.021643990976562444,1.09619140625
58,0.022104910039062453,1.3494873046875
59,0.022245529414062437,1.13372802734375
60,0.022703844414062369,1.40472412109375
61,0.022842185234374979,1.09466552734375
62,0.023254278124999805,1.416015625
63,0.023446327734374828,1.1602783203125
64,0.023855816562499799,1.4300537109375
65,0.024045262109374965,1.20330810546875
66,0.024454750937499936,1.44622802734375
67,0.024646800546874958,1.240234375
68,0.025053685312499852,1.4898681640625
69,0.025245734921874874,1.29364013671875
70,0.025657827812499923,1.54327392578125
71,0.025844669296875011,1.2921142578125
72,0.026254483632812464,1.5875244140625
73,0.026397707070312304,1.32293701171875
74,0.026856022070312457,1.6259765625
75,0.027042863554687324,1.34368896484375
76,0.027454956445312373,1.64215087890625
77,0.027598505390624917,1.39068603515625
78,0.02805389082031251,1.6497802734375
79,0.028194835703124976,1.4697265625
80,0.028658033320312359,1.70318603515625
81,0.028798978203124825,1.505126953125
82,0.029254689140624901,1.7279052734375
83,0.029397912578124963,1.54083251953125
84,0.029856227578124894,1.80816650390625
85,0.029999451015624956,1.53778076171875
86,0.03045516195312481,1.8328857421875
87,0.030598710898437353,1.5789794921875
88,0.031056700390624803,1.85302734375
89,0.031197645273437491,1.62017822265625
90,0.031607134101562462,1.878662109375
91,0.03174547492187485,1.67938232421875
92,0.032206068476562377,1.89361572265625
93,0.0323981180859374,1.748046875
94,0.032807606914062371,1.96014404296875
95,0.032999656523437393,1.74957275390625
96,0.033409470859374846,2.00347900390625
97,0.033598916406250012,1.79107666015625
98,0.034008405234374983,2.07061767578125
99,0.034197850781249928,1.796875
100,0.034607339609374899,2.09686279296875
101,0.034799389218749921,1.84295654296875
102,0.035206273984374814,2.11334228515625
103,0.035347218867187502,1.93389892578125
104,0.035807812421874807,2.14080810546875
105,0.035948757304687495,1.973876953125
106,0.036409676367187505,2.18902587890625
107,0.036550295742187489,2.039794921875
108,0.037011214804687498,2.25372314453125
109,0.037149230117187404,2.06878662109375
110,0.037607545117187335,2.320556640625
111,0.037748489999999801,2.09564208984375
112,0.038209083554687329,2.3455810546875
113,0.038347424374999939,2.13226318359375
114,0.038808017929687466,2.38494873046875
115,0.038948962812499932,2.220458984375
116,0.039358451640624903,2.41455078125
117,0.039547897187499848,2.301025390625
118,0.039957386015624818,2.47039794921875
119,0.040149435624999841,2.35382080078125
120,0.040559249960937516,2.53997802734375
121,0.040743487382812305,2.39013671875
122,0.041160788398437509,2.618408203125
123,0.041347629882812376,2.43438720703125
124,0.041759722773437424,2.6666259765625
125,0.041949168320312369,2.47314453125
126,0.04235865714843734,2.698974609375
127,0.042548102695312506,2.554931640625
128,0.042960195585937333,2.76153564453125
129,0.0431496411328125,2.6220703125
130,0.043559455468749952,2.7996826171875
131,0.043697470781249859,2.694091796875
132,0.044163597968749801,2.8741455078125
133,0.044299009218749852,2.744140625
134,0.044759928281249861,2.950439453125
135,0.044900547656249845,2.78289794921875
136,0.045358862656249999,3.02520751953125
137,0.045499807539062465,2.8387451171875
138,0.045960401093749992,3.0474853515625
139,0.04609874191406238,2.90191650390625
140,0.046559660976562389,3.11309814453125
141,0.046700280351562373,3.0218505859375
142,0.047112373242187422,3.150634765625
143,0.047299214726562511,3.06304931640625
144,0.047760133789062298,3.2244873046875
145,0.047900753164062504,3.1634521484375
146,0.048310567499999957,3.2940673828125
147,0.048500013046874901,3.184814453125
148,0.048909501874999872,3.38470458984375
149,0.049101551484374895,3.28094482421875
150,0.049511040312499865,3.433837890625
151,0.049697881796874954,3.29498291015625
152,0.050109974687500003,3.47015380859375
153,0.050302024296874803,3.4686279296875
154,0.0507092345703124,3.53851318359375
155,0.050900958671874941,3.5040283203125
156,0.051310773007812394,3.6346435546875
157,0.051500218554687338,3.6273193359375
158,0.051909707382812309,3.690185546875
159,0.052101756992187331,3.68743896484375
160,0.05251384988281238,3.8055419921875
161,0.05265219070312499,3.7646484375
162,0.05311018019531244,3.89617919921875
163,0.053297021679687306,3.797607421875
164,0.053711718632812433,3.9263916015625
165,0.053852663515624899,3.94866943359375
166,0.05431097851562483,4.02252197265625
167,0.054451597890624814,4.063720703125
168,0.054912516953124824,4.11285400390625
169,0.055053136328124808,4.13665771484375
170,0.055465554726562338,4.20745849609375
171,0.055654674765624801,4.2596435546875
172,0.056110385703124876,4.29229736328125
173,0.05625393464843742,4.28924560546875
174,0.056663423476562391,4.4287109375
175,0.056852869023437336,4.45556640625
176,0.057262357851562307,4.47540283203125
177,0.057451803398437473,4.46685791015625
178,0.057861617734374926,4.5751953125
179,0.058053341835937466,4.7222900390625
180,0.058463156171874919,4.6875
181,0.05865488027343746,4.6966552734375
182,0.059062090546874835,4.78271484375
183,0.059254140156249857,4.99298095703125
184,0.059663628984374828,4.9139404296875
185,0.059853074531249995,4.90966796875
186,0.060262563359374965,5.02288818359375
187,0.060403508242187431,5.21636962890625
188,0.060861823242187363,5.12939453125
189,0.061048664726562452,5.15106201171875
190,0.061463361679687356,5.21820068359375
191,0.06160398105468734,5.509033203125
192,0.062062296054687494,5.31707763671875
193,0.062202915429687478,5.48065185546875
194,0.062663834492187487,5.4644775390625
195,0.062804779374999953,5.7452392578125
196,0.063262768867187402,5.57586669921875
197,0.063403713749999868,5.80413818359375
198,0.063864307304687395,5.71502685546875
199,0.064002648125000006,5.99029541015625
200,0.064414741015624832,5.860595703125
201,0.064604186562499999,6.11846923828125
202,0.065016279453124826,5.9063720703125
203,0.065203120937499914,6.279296875
204,0.065612935273437367,6.0748291015625
205,0.06580498488281239,6.54998779296875
206,0.06621447371093736,6.18408203125
207,0.066403919257812305,6.53594970703125
208,0.066813408085937276,6.34857177734375
209,0.067005457695312298,6.8475341796875
210,0.067414946523437269,6.47705078125
211,0.067604392070312436,6.71783447265625
212,0.068016484960937262,6.61712646484375
213,0.068203326445312573,7.24090576171875
214,0.068613140781249804,6.73492431640625
215,0.06875376015625001,6.8890380859375
216,0.069214679218749797,6.817626953125
217,0.069352694531249703,7.71392822265625
218,0.069813613593749935,6.88995361328125
219,0.070000455078124801,7.21771240234375
220,0.070415152031249928,7.0074462890625
221,0.070556096914062394,8.24859619140625
222,0.071016690468749921,7.15789794921875
223,0.071155031289062531,7.6470947265625
224,0.071615950351562319,7.35137939453125
225,0.071753965664062225,8.76220703125
226,0.072214884726562456,7.5299072265625
227,0.072355504101562218,8.27606201171875
228,0.072813819101562594,7.7264404296875
229,0.072954763984375059,8.9019775390625
230,0.07336425281250003,7.9400634765625
231,0.073556302421875053,8.60137939453125
232,0.073965791250000024,8.150634765625
233,0.074149377656250071,8.8494873046875
234,0.074564725624999717,8.4185791015625
235,0.07466660957031257,8.857421875
236,0.075090095234374932,8.68988037109375
237,0.07516626406249971,8.64288330078125
238,0.075415603046875113,9.15557861328125
239,0.075646388085937488,8.499755859375
240,0.075765523945312552,8.9154052734375
241,0.075773336132812563,9.24102783203125
242,0.07581890722656226,8.2696533203125
243,0.075819232734374964,8.0670166015625
curve_id,23
index,Z indent (µm),Force indent (µN)
0,0,0.6927490234375
1,0.00055043371093765892,0.67169189453125
2,0.0011008674218750958,0.71807861328125
3,0.0016513011328125327,0.731201171875
4,0.0022017348437501916,0.73333740234375
5,0.0027495644921875506,0.76812744140625
6,0.0031574257812501116,0.65826416015625
7,0.0032996726953125055,0.76629638671875
8,0.0038501064062501644,0.84136962890625
9,0.0042250914062500478,0.68023681640625
10,0.0044005401171876013,0.7965087890625
11,0.0047751996093750027,0.6719970703125
12,0.0049509738281250382,0.86395263671875
13,0.0053256333203126616,0.7196044921875
14,0.005501407539062475,0.8648681640625
15,0.0058760670312500984,0.74371337890625
16,0.006008223203125107,0.8734130859375
17,0.0064265007421875353,0.728759765625
18,0.0065586569140625439,0.9173583984375
19,0.0069743303906251164,0.80902099609375
20,0.0071090906249999808,0.92132568359375
21,0.0075247641015625533,0.7781982421875
22,0.0076517121484376283,0.9967041015625
23,0.0080751978124999901,0.85174560546875
24,0.0082021458593750651,0.95947265625
25,0.0086253060156251671,0.84564208984375
26,0.00875225406250002,1.02996826171875
27,0.0091757397265626039,0.91033935546875
28,0.0093026877734376789,1.03179931640625
29,0.0097261734375000408,0.9234619140625
30,0.0098531214843751158,1.06658935546875
31,0.010271399023437544,0.9259033203125
32,0.010403555195312553,1.097412109375
33,0.010827040859375137,1.00616455078125
34,0.010951384843750134,1.12060546875
35,0.011374870507812496,0.980224609375
36,0.011501818554687571,1.19873046875
37,0.011912283906249987,1.05224609375
38,0.012052252265625008,1.16607666015625
39,0.012426911757812631,1.043701171875
40,0.012602360468750184,1.25518798828125
41,0.01300794320312515,1.10382080078125
42,0.013152794179687621,1.23931884765625
43,0.013527779179687505,1.1334228515625
44,0.013703227890625058,1.302490234375
45,0.014077887382812682,1.153564453125
46,0.014253661601562495,1.312255859375
47,0.014628321093750118,1.219482421875
48,0.014770568007812512,1.34490966796875
49,0.015176150742187478,1.21337890625
50,0.015308306914062486,1.4129638671875
51,0.015726584453125136,1.28875732421875
52,0.015853532499999989,1.3909912109375
53,0.016277018164062573,1.2786865234375
54,0.016403966210937648,1.502685546875
55,0.01682745187500001,1.3555908203125
56,0.016954399921875085,1.48193359375
57,0.017377560078125187,1.36505126953125
58,0.017504833632812522,1.563720703125
59,0.017927993789062624,1.39434814453125
60,0.018054941835937477,1.5509033203125
61,0.018478427500000061,1.48345947265625
62,0.018602771484375058,1.6168212890625
63,0.019028861210937498,1.4837646484375
64,0.019153205195312495,1.66778564453125
65,0.019576690859375079,1.566162109375
66,0.019703638906250154,1.6668701171875
67,0.02012452050781266,1.556396484375
68,0.020254072617187591,1.75201416015625
69,0.020659655351562556,1.6461181640625
70,0.020804506328125028,1.7510986328125
71,0.021209763554687511,1.65802001953125
72,0.021354614531249982,1.8377685546875
73,0.02176019726562517,1.70257568359375
74,0.021905048242187641,1.82403564453125
75,0.022280033242187525,1.776123046875
76,0.022455481953125078,1.89361572265625
77,0.022827862890625106,1.77703857421875
78,0.022972713867187577,1.94366455078125
79,0.023377971093750061,1.87713623046875
80,0.023512731328125147,1.96685791015625
81,0.023928404804687498,1.85882568359375
82,0.024060560976562506,2.05780029296875
83,0.024478838515625156,1.97540283203125
84,0.024610994687500165,2.06756591796875
85,0.025029272226562593,1.98333740234375
86,0.025156220273437668,2.1630859375
87,0.02557970593750003,2.0660400390625
88,0.025706653984375105,2.1600341796875
89,0.026130139648437689,2.1270751953125
90,0.026257087695312542,2.2503662109375
91,0.026680247851562644,2.152099609375
92,0.026807195898437497,2.2967529296875
93,0.027230681562500081,2.25799560546875
94,0.027355025546875078,2.3333740234375
95,0.027781115273437518,2.2528076171875
96,0.027905459257812515,2.43316650390625
97,0.028328944921875099,2.374267578125
98,0.028455892968750174,2.442626953125
99,0.028879378632812536,2.3809814453125
100,0.029006326679687611,2.56988525390625
101,0.029414187968750172,2.4713134765625
102,0.029556760390625048,2.56439208984375
103,0.029962017617187531,2.52655029296875
104,0.030107194101562484,2.67425537109375
105,0.030481853593750108,2.58087158203125
106,0.030657302304687661,2.7142333984375
107,0.031062885039062627,2.66571044921875
108,0.031207736015625098,2.79083251953125
109,0.031580116953125126,2.67547607421875
110,0.031724967929687597,2.8607177734375
111,0.032130550664062563,2.81005859375
112,0.032264985390625167,2.89703369140625
113,0.032680658867187518,2.81524658203125
114,0.032823231289062615,3.017578125
115,0.033231092578125176,2.91473388671875
116,0.033358040625000029,3.0096435546875
117,0.033781526289062613,2.9791259765625
118,0.033908474335937688,3.1378173828125
119,0.03433196000000005,3.04229736328125
120,0.034458908046875125,3.1719970703125
121,0.034882393710937487,3.145751953125
122,0.035006737695312484,3.24981689453125
123,0.035432501914062664,3.1634521484375
124,0.035557171406250143,3.30902099609375
125,0.035980331562500023,3.2879638671875
126,0.03610760511718758,3.360595703125
127,0.036530765273437682,3.3154296875
128,0.036657713320312535,3.47442626953125
129,0.037081198984375119,3.4228515625
130,0.037208147031250194,3.4844970703125
131,0.037631632695312556,3.49822998046875
132,0.037758580742187631,3.616943359375
133,0.038182066406249993,3.56719970703125
134,0.038309014453125068,3.641357421875
135,0.038727291992187496,3.69964599609375
136,0.038859448164062504,3.7548828125
137,0.039264705390624988,3.71002197265625
138,0.039409881875000163,3.807373046875
139,0.039812535039062569,3.8751220703125
140,0.039959990078125118,3.88397216796875
141,0.040332371015625146,3.89739990234375
142,0.040477221992187618,4.01275634765625
143,0.040882804726562583,4.0301513671875
144,0.041058253437500136,4.04083251953125
145,0.041432912929687538,4.13360595703125
146,0.041565069101562546,4.1851806640625
147,0.041983346640624974,4.18304443359375
148,0.042112898750000127,4.23675537109375
149,0.042533780351562633,4.3804931640625
150,0.042660728398437486,4.37225341796875
151,0.04308421406250007,4.364013671875
152,0.043211162109375145,4.44000244140625
153,0.043634647773437507,4.5880126953125
154,0.043758991757812504,4.5489501953125
155,0.044185081484375166,4.60205078125
156,0.044309425468750163,4.68475341796875
157,0.044732911132812525,4.78118896484375
158,0.0448598591796876,4.75341796875
159,0.04528301933593748,4.88006591796875
160,0.045409967382812555,4.9029541015625
161,0.045833453046875139,4.9700927734375
162,0.045960401093749992,4.9749755859375
163,0.046383886757812576,5.20172119140625
164,0.046510834804687651,5.123291015625
165,0.046934320468750013,5.16693115234375
166,0.047061268515625088,5.21728515625
167,0.047479546054687516,5.50018310546875
168,0.047611702226562524,5.3570556640625
169,0.048016959453125008,5.465087890625
170,0.048162135937500183,5.48858642578125
171,0.048564789101562589,5.73638916015625
172,0.048681646406250056,5.579833984375
173,0.049084625078125166,5.86090087890625
174,0.049229476054687638,5.75775146484375
175,0.049635058789062603,5.97442626953125
176,0.049810507500000156,5.8477783203125
177,0.05018549250000004,6.29547119140625
178,0.050327739414062655,6.02630615234375
179,0.050735600703124994,6.22589111328125
180,0.050862548750000069,6.1456298828125
181,0.051286034414062653,6.67755126953125
182,0.051410378398437651,6.29302978515625
183,0.05183646812500009,6.5911865234375
184,0.051960812109375087,6.439208984375
185,0.052384297773437671,6.8621826171875
186,0.052511245820312524,6.572265625
187,0.052934731484375108,6.91192626953125
188,0.053061679531250183,6.7242431640625
189,0.053485165195312545,7.03643798828125
190,0.05361211324218762,6.815185546875
191,0.054035598906249982,7.45361328125
192,0.054162546953125057,6.91314697265625
193,0.054585707109375159,7.2802734375
194,0.054712655156250012,6.9830322265625
195,0.055136140820312596,8.0517578125
196,0.055263088867187449,7.139892578125
197,0.055681366406250099,7.7362060546875
198,0.055813522578124886,7.31536865234375
199,0.056231800117187536,8.52752685546875
200,0.056363956289062767,7.47955322265625
201,0.056736011718749868,8.41705322265625
202,0.056911785937499904,7.69287109375
203,0.057319647226562687,8.40667724609375
204,0.057462219648437785,7.8814697265625
205,0.057836879140625186,8.8336181640625
206,0.05797912605468758,8.11065673828125
207,0.058386987343749919,8.388671875
208,0.058529559765625017,8.319091796875
209,0.058891849960937659,8.97247314453125
210,0.05906729867187499,8.5430908203125
211,0.059315661132812725,8.37615966796875
212,0.059615128320312571,8.77532958984375
213,0.05965907187500008,8.92486572265625
214,0.059920454648437538,8.65020751953125
215,0.060102413515624953,8.66485595703125
216,0.060165236523437748,9.0216064453125
217,0.060203646445312398,8.9886474609375
218,0.060226757500000172,9.151611328125
curve_id,24
index,Z indent (µm),Force indent (µN)
0,0,0.66375732421875
1,0.00059893437499991542,0.67840576171875
2,0.0011978687499998308,0.66925048828125
3,0.0017994071874998241,0.6640625
4,0.0023986670703124435,0.6689453125
5,0.0030002055078124368,0.716552734375
6,0.0035581258984374031,0.7379150390625
7,0.0041570602734375406,0.7525634765625
8,0.0047511120312500044,0.74554443359375
9,0.0053526504687499976,0.738525390625
10,0.005951584843749913,0.760498046875
11,0.0065508447265625325,0.777587890625
12,0.0071497791015624479,0.83526611328125
13,0.007753921601562519,0.8465576171875
14,0.0083554600390625122,0.853271484375
15,0.0089517903515623498,0.84014892578125
16,0.0095510502343749692,0.85479736328125
17,0.010152588671874963,0.8856201171875
18,0.010754127109374956,0.92132568359375
19,0.011355665546874949,0.94696044921875
20,0.011547064140625007,0.66650390625
21,0.011951995859375009,0.95001220703125
22,0.012145998515624923,0.66162109375
23,0.012551255742187406,0.9478759765625
24,0.012745258398437542,0.6597900390625
25,0.013109176132812372,0.96435546875
26,0.013346796835937536,0.68145751953125
27,0.013702902382812354,0.986328125
28,0.013948335273437529,0.73089599609375
29,0.014302162265624974,1.036376953125
30,0.014547269648437444,0.7708740234375
31,0.014906304765624823,1.0638427734375
32,0.01514620402343736,0.79193115234375
33,0.015502635078124882,1.0693359375
34,0.015745463906249979,0.78826904296875
35,0.01610156945312502,1.0748291015625
36,0.016347002343749972,0.78704833984375
37,0.016703107890625013,1.08184814453125
38,0.016948540781249966,0.82977294921875
39,0.01730236777343741,1.13525390625
40,0.017547475156249881,0.8642578125
41,0.017903906210937404,1.168212890625
42,0.018146409531250018,0.9161376953125
43,0.018502840585937541,1.22406005859375
44,0.018743065351562338,0.93963623046875
45,0.019104379023437534,1.22772216796875
46,0.019298381679687449,0.94970703125
47,0.01970331339843745,1.24176025390625
48,0.019897316054687364,0.94818115234375
49,0.020302573281249847,1.25762939453125
50,0.020499179999999839,0.96405029296875
51,0.02090411171874984,1.28875732421875
52,0.021098114374999977,1.016845703125
53,0.021503046093749978,1.33453369140625
54,0.02169965281249997,1.06658935546875
55,0.022104584531249971,1.3848876953125
56,0.022298587187499885,1.09161376953125
57,0.02265241417968733,1.41876220703125
58,0.022897521562500023,1.13433837890625
59,0.023256556679687401,1.4215087890625
60,0.023499385507812498,1.12945556640625
61,0.023858095117187395,1.4337158203125
62,0.024098319882812413,1.162109375
63,0.024454750937499936,1.4886474609375
64,0.024699858320312407,1.207275390625
65,0.025053685312499852,1.5277099609375
66,0.025298792695312322,1.26312255859375
67,0.025655223749999845,1.59271240234375
68,0.025900331132812537,1.32354736328125
69,0.026254158124999982,1.60858154296875
70,0.026499591015624935,1.32476806640625
71,0.026858300624999831,1.6259765625
72,0.027093317265624917,1.36199951171875
73,0.027454956445312373,1.65679931640625
74,0.02763854285156242,1.36962890625
75,0.02805389082031251,1.6705322265625
76,0.028296394140624903,1.43096923828125
77,0.028655429257812504,1.75567626953125
78,0.028849431914062418,1.50634765625
79,0.029254363632812419,1.787109375
80,0.029450970351562411,1.5673828125
81,0.029861110195312346,1.8475341796875
82,0.030049904726562326,1.59423828125
83,0.030455161953125032,1.84783935546875
84,0.030651768671875024,1.61224365234375
85,0.031054096328124947,1.87652587890625
86,0.031248098984374861,1.6455078125
87,0.03165563476562494,1.932373046875
88,0.031849637421874855,1.68304443359375
89,0.032213555156249907,1.9744873046875
90,0.032451175859374848,1.76849365234375
91,0.032805002851562515,2.060546875
92,0.033050110234374985,1.82586669921875
93,0.033406541289062508,2.11395263671875
94,0.033651648671874979,1.859130859375
95,0.034005475664062423,2.137451171875
96,0.034245700429687442,1.8988037109375
97,0.034607339609374899,2.1734619140625
98,0.034849842929687513,1.9287109375
99,0.035206273984375036,2.21466064453125
100,0.035451381367187507,1.98272705078125
101,0.035807812421875029,2.28729248046875
102,0.036050315742187422,2.0843505859375
103,0.036406746796874945,2.37030029296875
104,0.036646971562499964,2.13653564453125
105,0.03700568117187486,2.4273681640625
106,0.037202287890624852,2.225341796875
107,0.037607545117187335,2.4786376953125
108,0.037803826328124845,2.230224609375
109,0.038206479492187473,2.50335693359375
110,0.038403086210937465,2.2967529296875
111,0.038808017929687466,2.57354736328125
112,0.03900202058593738,2.34375
113,0.039406952304687382,2.62054443359375
114,0.039603559023437374,2.42401123046875
115,0.040008490742187375,2.734375
116,0.040205097460937367,2.52410888671875
117,0.040566736640624823,2.7679443359375
118,0.040804031835937504,2.55859375
119,0.041160462890625027,2.84149169921875
120,0.041403291718749902,2.647705078125
121,0.041759397265624942,2.87200927734375
122,0.042002226093750039,2.6483154296875
123,0.042363539765625013,2.9315185546875
124,0.042603764531250032,2.74993896484375
125,0.042957591523437477,3.001708984375
126,0.043205302968750026,2.8076171875
127,0.04355912996093747,3.08502197265625
128,0.043804237343749941,2.93914794921875
129,0.044158064335937386,3.1585693359375
130,0.044403497226562338,2.98126220703125
131,0.044759602773437379,3.22265625
132,0.045005035664062332,3.07403564453125
133,0.04536374527343745,3.2525634765625
134,0.045603970039062469,3.092041015625
135,0.045957797031249914,3.321533203125
136,0.046195417734374855,3.20587158203125
137,0.046559335468749907,3.39508056640625
138,0.046750734062499966,3.253173828125
139,0.047158269843749823,3.489990234375
140,0.047352272499999959,3.41583251953125
141,0.047759808281250038,3.58795166015625
142,0.047953810937499952,3.4539794921875
143,0.048363950781249887,3.6480712890625
144,0.04855307082031235,3.56842041015625
145,0.048960606601562429,3.72283935546875
146,0.049154609257812343,3.6126708984375
147,0.049559540976562344,3.78387451171875
148,0.049750939570312402,3.70574951171875
149,0.050161079414062337,3.88153076171875
150,0.050355082070312474,3.812255859375
151,0.050711513124999996,3.985595703125
152,0.050954016445312389,3.8970947265625
153,0.051310447499999912,4.102783203125
154,0.051555880390624864,4.08111572265625
155,0.051911985937499905,4.18701171875
156,0.052152210703124924,4.0924072265625
157,0.052508641757812446,4.2694091796875
158,0.052751145078124839,4.2828369140625
159,0.05311018019531244,4.35455322265625
160,0.05335528757812491,4.24530029296875
161,0.053709114570312355,4.46044921875
162,0.053954221953124826,4.51812744140625
163,0.054310653007812348,4.5855712890625
164,0.054556085898437523,4.500732421875
165,0.054909587382812486,4.69696044921875
166,0.055106194101562478,4.8126220703125
167,0.055511451328124961,4.82177734375
168,0.05574874652343742,4.7625732421875
169,0.056110385703124876,4.90020751953125
170,0.056306992421874869,5.05645751953125
171,0.056709320078125014,5.00244140625
172,0.056905926796875006,4.998779296875
173,0.057310858515625007,5.1153564453125
174,0.057504861171874921,5.3082275390625
175,0.057909792890624923,5.27313232421875
176,0.058103795546874837,5.318603515625
177,0.058473246914062527,5.39703369140625
178,0.058705659492187534,5.6353759765625
179,0.059069577226562364,5.52001953125
180,0.059307197929687527,5.7135009765625
181,0.059668511601562502,5.6365966796875
182,0.059906132304687443,5.89141845703125
183,0.060270050039062495,5.7586669921875
184,0.060507670742187436,6.07025146484375
185,0.060866705859375037,5.88287353515625
186,0.061106605117187351,6.1419677734375
187,0.061463036171874874,6.06048583984375
188,0.061705864999999971,6.50299072265625
189,0.062061970546875012,6.21734619140625
190,0.062307403437499964,6.4617919921875
191,0.062661230429687409,6.36688232421875
192,0.06290633781249988,6.86614990234375
193,0.063265372929687258,6.47064208984375
194,0.063500064062499861,6.75567626953125
195,0.063866911367187251,6.6253662109375
196,0.064099323945312259,7.2650146484375
197,0.064463241679687533,6.77581787109375
198,0.064700862382812252,6.92962646484375
199,0.065062176054687226,6.834716796875
200,0.065253900156249989,7.811279296875
201,0.06566371449218722,6.968994140625
202,0.065857717148437578,7.33154296875
203,0.066265578437499917,7.09381103515625
204,0.066459581093749831,8.4466552734375
205,0.06686711687499991,7.29095458984375
206,0.067058515468749968,7.861328125
207,0.067468655312499903,7.46917724609375
208,0.067657449843750106,9.012451171875
209,0.068023971640624792,7.6849365234375
210,0.068256384218749799,8.52447509765625
211,0.068618023398437478,7.9693603515625
212,0.068857922656249793,9.13970947265625
213,0.069216957773437615,8.2012939453125
214,0.069357251640625117,8.86260986328125
215,0.06945978660156249,9.090576171875
216,0.069815892148437309,8.4661865234375
217,0.07041515203125015,8.7109375
218,0.071613020781249981,8.9404296875
219,0.071639386914062575,9.21875
220,0.071671937695312549,8.59375
curve_id,25
index,Z indent (µm),Force indent (µN)
0,0,0.67352294921875
1,0.00059925988281239739,0.65582275390625
2,0.0011981942578123128,0.65338134765625
3,0.0017971286328124503,0.66741943359375
4,0.0023960630078123657,0.67535400390625
5,0.0029953228906249851,0.72021484375
6,0.0035968613281249784,0.74188232421875
7,0.0041957957031248938,0.75225830078125
8,0.0047973341406248871,0.73944091796875
9,0.0053962685156248025,0.72601318359375
10,0.0059955283984374219,0.76751708984375
11,0.0065970668359374152,0.79010009765625
12,0.0071960012109373306,0.84381103515625
13,0.0077975396484373238,0.838623046875
14,0.0083964740234374613,0.83526611328125
15,0.0089980124609374545,0.84991455078125
16,0.0095972723437498519,0.84320068359375
17,0.010152588671874963,0.90850830078125
18,0.01075184855468736,0.9259033203125
19,0.011350782929687497,0.93231201171875
20,0.011541204999999888,0.68511962890625
21,0.011947113242187335,0.95733642578125
22,0.012140139374999803,0.7135009765625
23,0.012548651679687328,0.95001220703125
24,0.012739073749999941,0.7342529296875
25,0.013147911562499948,0.970458984375
26,0.013340612187499934,0.72845458984375
27,0.013752054062499797,1.01043701171875
28,0.013939872070312331,0.716552734375
29,0.014350988437499934,1.0614013671875
30,0.014541410507812325,0.75836181640625
31,0.01494992281249985,1.07177734375
32,0.015140344882812462,0.79681396484375
33,0.015548857187499987,1.077880859375
34,0.015741883320312455,0.8642578125
35,0.016148117070312384,1.08062744140625
36,0.016340817695312371,0.863037109375
37,0.016751934062499974,1.1114501953125
38,0.01694007757812499,0.88592529296875
39,0.017351193945312371,1.1798095703125
40,0.017487907226562349,0.88134765625
41,0.017950128320312508,1.20361328125
42,0.018135342265624965,0.8978271484375
43,0.018549062695312424,1.24176025390625
44,0.018690984101562336,0.94757080078125
45,0.019102100468749938,1.2451171875
46,0.019292522539062329,0.98419189453125
47,0.01970624296875001,1.2506103515625
48,0.019891456914062466,1.0321044921875
49,0.020299969218749991,1.2841796875
50,0.020488112734375008,1.02203369140625
51,0.020899229101562389,1.3116455078125
52,0.021092255234374857,1.05224609375
53,0.021500767539062382,1.38153076171875
54,0.021691189609374995,1.06292724609375
55,0.022099701914062297,1.402587890625
56,0.022292728046874988,1.13555908203125
57,0.022701240351562291,1.41693115234375
58,0.022891662421874903,1.18133544921875
59,0.023300174726562428,1.4373779296875
60,0.023490596796874819,1.21978759765625
61,0.023899434609374826,1.44287109375
62,0.024092460742187294,1.2451171875
63,0.024500973046874819,1.52130126953125
64,0.024693999179687509,1.25244140625
65,0.025099907421874956,1.5582275390625
66,0.025292933554687425,1.2713623046875
67,0.02570144585937495,1.602783203125
68,0.02589186792968734,1.3470458984375
69,0.026300380234374865,1.6375732421875
70,0.026490802304687477,1.38763427734375
71,0.02690224417968734,1.619873046875
72,0.027043840078124992,1.4520263671875
73,0.027454956445312373,1.6748046875
74,0.027645378515624985,1.4569091796875
75,0.028102716992187471,1.7071533203125
76,0.028287930937499928,1.5069580078125
77,0.028653150703124908,1.7926025390625
78,0.028846176835937376,1.53167724609375
79,0.029254689140624901,1.8310546875
80,0.029445111210937291,1.5728759765625
81,0.029853623515624816,1.84539794921875
82,0.030044045585937429,1.67083740234375
83,0.030452557890624954,1.8890380859375
84,0.030645584023437422,1.689453125
85,0.031051817773437351,1.90155029296875
86,0.031244518398437338,1.7413330078125
87,0.031650752148437489,1.97296142578125
88,0.031843778281249957,1.7645263671875
89,0.032254894648437338,2.03369140625
90,0.03244531671874995,1.8115234375
91,0.032853829023437475,2.108154296875
92,0.033046855156249944,1.8414306640625
93,0.033457971523437324,2.135009765625
94,0.033645789531249859,1.9549560546875
95,0.03405202328125001,2.1795654296875
96,0.034244723906249996,2.000732421875
97,0.034653561718750003,2.19940185546875
98,0.034846587851562472,2.06512451171875
99,0.035255100156249997,2.28790283203125
100,0.035445522226562387,2.0697021484375
101,0.035854034531249912,2.35504150390625
102,0.03604706066406238,2.15606689453125
103,0.036452968906249827,2.4072265625
104,0.036594890312499961,2.1942138671875
105,0.037052228789062447,2.4761962890625
106,0.037196428749999955,2.27935791015625
107,0.03765376722656244,2.53692626953125
108,0.037838981171874897,2.3614501953125
109,0.038206479492187473,2.52349853515625
110,0.038394297500000008,2.42034912109375
111,0.038803135312499792,2.646484375
112,0.038993557382812405,2.4468994140625
113,0.039404673750000008,2.7154541015625
114,0.039595095820312398,2.49847412109375
115,0.040003608124999923,2.757568359375
116,0.040196634257812391,2.59063720703125
117,0.040605146562499916,2.85919189453125
118,0.040795568632812307,2.6385498046875
119,0.041204080937499832,2.8564453125
120,0.041394503007812444,2.76458740234375
121,0.041803340820312451,2.92755126953125
122,0.041993762890624842,2.781982421875
123,0.042404879257812444,2.9840087890625
124,0.042595301328124835,2.9058837890625
125,0.04300381363281236,3.06976318359375
126,0.043196839765624828,2.8778076171875
127,0.043605352070312353,3.1756591796875
128,0.043795774140624966,3.0303955078125
129,0.044204286445312491,3.20556640625
130,0.044394708515624881,3.06427001953125
131,0.044806150390624966,3.24920654296875
132,0.044993968398437501,3.22418212890625
133,0.045405084765624881,3.333740234375
134,0.04559811089843735,3.24951171875
135,0.046004019140624797,3.3538818359375
136,0.046194441210937409,3.34259033203125
137,0.046559660976562389,3.49365234375
138,0.046790771523437469,3.3795166015625
139,0.047158595351562305,3.56658935546875
140,0.047392635468749944,3.49578857421875
141,0.047757529726562442,3.67156982421875
142,0.047947951796874833,3.58917236328125
143,0.048359068164062435,3.70391845703125
144,0.04854688617187497,3.71337890625
145,0.048955723984374977,3.7896728515625
146,0.049148750117187445,3.8006591796875
147,0.049554658359374892,3.9080810546875
148,0.049747684492187361,3.85284423828125
149,0.050156196796874886,3.94927978515625
150,0.050346618867187498,3.97857666015625
151,0.050757735234374879,4.1070556640625
152,0.050948157304687491,4.0380859375
153,0.051359273671874872,4.22210693359375
154,0.051547091679687407,4.23980712890625
155,0.051955929492187414,4.25689697265625
156,0.0521486301171874,4.2364501953125
157,0.052557467929687407,4.3902587890625
158,0.052747889999999797,4.51995849609375
159,0.053156402304687322,4.48211669921875
160,0.053349428437499791,4.44366455078125
161,0.053757940742187316,4.59564208984375
162,0.053948362812499928,4.73419189453125
163,0.054359479179687309,4.7454833984375
164,0.054547297187499844,4.659423828125
165,0.054956134999999851,4.81903076171875
166,0.055100334960937358,5.0018310546875
167,0.055557673437499844,4.9835205078125
168,0.055701873398437352,4.9700927734375
169,0.056112989765624954,5.009765625
170,0.056300807773437489,5.27740478515625
171,0.056709645585937496,5.167236328125
172,0.056897463593749809,5.3045654296875
173,0.057311184023437489,5.30975341796875
174,0.057499002031249802,5.5194091796875
175,0.057907514335937327,5.41290283203125
176,0.058100540468749795,5.6072998046875
177,0.05850905277343732,5.5889892578125
178,0.05870207890625001,5.8538818359375
179,0.059108312656249939,5.704345703125
180,0.059301013281249926,6.004638671875
181,0.059707247031249855,5.8074951171875
182,0.059900273164062323,6.14776611328125
183,0.060308785468749848,5.95550537109375
184,0.060499207539062461,6.46728515625
185,0.060907719843749986,6.10687255859375
186,0.061100745976562454,6.3812255859375
187,0.061506654218749901,6.31622314453125
188,0.061702284414062447,6.8243408203125
189,0.062108518164062598,6.39495849609375
190,0.062301218789062585,6.65985107421875
191,0.062707452539062292,6.5533447265625
192,0.062900478671874982,7.225341796875
193,0.063308990976562285,6.7236328125
194,0.063499413046875119,6.88385009765625
195,0.063907925351562422,6.79901123046875
196,0.064098347421874813,7.789306640625
197,0.064509463789062416,6.893310546875
198,0.064695003242187354,7.19818115234375
199,0.065108398164062553,7.0263671875
200,0.065250319570312243,8.36090087890625
201,0.065710262109374806,7.244873046875
202,0.065851858007812236,7.77435302734375
203,0.066265578437499695,7.35931396484375
204,0.066450792382812374,8.92547607421875
205,0.066862234257812236,7.60498046875
206,0.067052656328125071,8.428955078125
207,0.067458564570312518,7.8692626953125
208,0.067651590703124764,9.08172607421875
209,0.068060103007812511,8.05877685546875
210,0.068150594179687385,8.76800537109375
211,0.068301629804687458,9.06829833984375
212,0.068659037382812205,8.3673095703125
213,0.069263179882812498,8.64715576171875
214,0.069862439765624895,8.78936767578125
215,0.070461374140625033,9.13970947265625
216,0.070476673007812352,9.21875
217,0.070515082929687445,8.59375
curve_id,26
index,Z indent (µm),Force indent (µN)
0,0,0.6512451171875
1,0.00060153843749999325,0.68389892578125
2,0.0012004728125001307,0.6915283203125
3,0.0018023367578126059,0.66986083984375
4,0.0024012711328125214,0.6878662109375
5,0.0030028095703125146,0.6915283203125
6,0.00360174394531243,0.743408203125
7,0.0041674765234376299,0.7647705078125
8,0.0047690149609376231,0.7763671875
9,0.0053526504687499976,0.7611083984375
10,0.0059545144140624728,0.76416015625
11,0.0065534487890626103,0.797119140625
12,0.0071523831640625257,0.80169677734375
13,0.0077513175390624411,0.87890625
14,0.0083528559765624344,0.872802734375
15,0.0089521158593750538,0.86639404296875
16,0.0095536542968750471,0.8892822265625
17,0.01015519273437504,0.8843994140625
18,0.010374585000000103,0.67657470703125
19,0.010754127109374956,0.94329833984375
20,0.0109738448828125,0.72906494140625
21,0.011353061484375093,0.985107421875
22,0.011575383320312493,0.75653076171875
23,0.011952321367187491,0.9881591796875
24,0.012174317695312631,0.77301025390625
25,0.012553859804687484,0.99517822265625
26,0.012775856132812624,0.7666015625
27,0.013122196445312539,1.00677490234375
28,0.013364699765624932,0.77056884765625
29,0.013754332617187615,1.0308837890625
30,0.01396363414062507,0.8197021484375
31,0.014322669257812448,1.07269287109375
32,0.01457558882812493,0.86334228515625
33,0.014906304765625045,1.124267578125
34,0.015126022539062589,0.906982421875
35,0.01550523914062496,1.15875244140625
36,0.015758158710937442,0.90576171875
37,0.016106777578124953,1.153564453125
38,0.016326495351562498,0.93902587890625
39,0.016703433398437495,1.16302490234375
40,0.016925429726562635,0.91583251953125
41,0.017304971835937488,1.2042236328125
42,0.017526968164062628,0.96771240234375
43,0.017903906210937626,1.24176025390625
44,0.018126228046875026,1.0162353515625
45,0.018505444648437619,1.28326416015625
46,0.018725162421874941,1.05743408203125
47,0.019104704531250016,1.33270263671875
48,0.019326700859374935,1.0858154296875
49,0.01970624296875001,1.32659912109375
50,0.019925635234375072,1.0772705078125
51,0.020305177343749925,1.33880615234375
52,0.020527173671875065,1.104736328125
53,0.02090671578125014,1.3763427734375
54,0.021126433554687463,1.1505126953125
55,0.021505650156250056,1.40838623046875
56,0.021727971992187456,1.202392578125
57,0.022104910039062453,1.485595703125
58,0.022326906367187593,1.25640869140625
59,0.022706448476562446,1.50726318359375
60,0.022925840742187509,1.28265380859375
61,0.023305382851562584,1.52984619140625
62,0.023517288437500117,1.31103515625
63,0.023906921289062577,1.5399169921875
64,0.02406251402343762,1.324462890625
65,0.024457355000000014,1.57684326171875
66,0.024676747265625076,1.357421875
67,0.025058893437500007,1.6302490234375
68,0.025309208945312633,1.4410400390625
69,0.025657827812499923,1.68975830078125
70,0.025877545585937467,1.48834228515625
71,0.02625676218750006,1.71630859375
72,0.02647908402343746,1.54541015625
73,0.026856022070312457,1.75384521484375
74,0.027078018398437598,1.551513671875
75,0.027457560507812451,1.75872802734375
76,0.027676952773437513,1.580810546875
77,0.028056494882812588,1.80328369140625
78,0.028268400468750121,1.6058349609375
79,0.028658033320312581,1.87255859375
80,0.028877751093750126,1.68792724609375
81,0.029256967695312497,1.91162109375
82,0.029479289531250119,1.741943359375
83,0.029858831640624972,1.9732666015625
84,0.030078223906250035,1.79962158203125
85,0.03045776601562511,2.02850341796875
86,0.030679762343750028,1.8218994140625
87,0.031056700390625025,2.03765869140625
88,0.031278696718749943,1.86492919921875
89,0.031658238828125018,2.088623046875
90,0.031877956601562563,1.89971923828125
91,0.032257173203124934,2.149658203125
92,0.032479495039062556,1.981201171875
93,0.032822905781250133,2.2125244140625
94,0.033078429414062471,2.0721435546875
95,0.033422165664062531,2.3065185546875
96,0.033669877109375079,2.1197509765625
97,0.034010683789062579,2.291259765625
98,0.034260999296874983,2.14630126953125
99,0.034609943671874976,2.3822021484375
100,0.034862537734374976,2.2119140625
101,0.03521148210937497,2.41485595703125
102,0.035430874375000032,2.2442626953125
103,0.035807812421875029,2.4761962890625
104,0.03603013425781243,2.32513427734375
105,0.036409350859375023,2.5732421875
106,0.036629068632812567,2.4237060546875
107,0.03700861074218742,2.62359619140625
108,0.03723060707031256,2.45758056640625
109,0.037610149179687635,2.6910400390625
110,0.037829541445312476,2.55645751953125
111,0.038209083554687551,2.70355224609375
112,0.038431079882812469,2.5445556640625
113,0.038810621992187544,2.7667236328125
114,0.039030339765625088,2.64801025390625
115,0.039409556367187459,2.87322998046875
116,0.039631878203125082,2.7056884765625
117,0.040008816250000079,2.901611328125
118,0.040230812578124997,2.8173828125
119,0.040610354687500072,3.00140380859375
120,0.040829746953125134,2.872314453125
121,0.041209289062499987,3.05877685546875
122,0.041431285390625128,2.9803466796875
123,0.041810827499999981,3.0804443359375
124,0.042030545273437525,2.98004150390625
125,0.042409761875000118,3.16314697265625
126,0.042621667460937429,3.0731201171875
127,0.043011300312500111,3.2159423828125
128,0.043231018085937434,3.15399169921875
129,0.043561734023437548,3.3270263671875
130,0.043817257656250108,3.294677734375
131,0.044163272460937542,3.39508056640625
132,0.044382990234375086,3.319091796875
133,0.044762532343749939,3.46466064453125
134,0.045012522343750083,3.436279296875
135,0.045361466718750076,3.53485107421875
136,0.045580858984375139,3.5076904296875
137,0.045960401093749992,3.60076904296875
138,0.046182397421875132,3.57147216796875
139,0.046561939531249985,3.67919921875
140,0.046781657304687529,3.68682861328125
141,0.047160873906250123,3.8031005859375
142,0.047383195742187523,3.7847900390625
143,0.047762737851562598,3.9166259765625
144,0.047982130117187438,3.91998291015625
145,0.048364276289062591,3.9471435546875
146,0.048583668554687431,3.9605712890625
147,0.048960606601562429,4.0838623046875
148,0.049182602929687569,4.13543701171875
149,0.049562145039062422,4.13787841796875
150,0.049784466875000044,4.10186767578125
151,0.050161079414062559,4.224853515625
152,0.05038340124999996,4.39727783203125
153,0.050982335625000097,4.32220458984375
154,0.051313051562499989,4.4171142578125
155,0.051428281328125047,4.45953369140625
156,0.05158387406250009,4.66766357421875
157,0.051927610312499928,4.59136962890625
158,0.052182808437500006,4.62554931640625
159,0.052562350546875081,4.68170166015625
160,0.052733242148437443,4.8431396484375
161,0.053112784257812518,4.7552490234375
162,0.053334780585937436,4.86114501953125
163,0.053714322695312511,4.9285888671875
164,0.053934040468750055,5.09552001953125
165,0.054323673320312516,5.03387451171875
166,0.054532974843749971,5.15655517578125
167,0.054915121015625123,5.16510009765625
168,0.055134513281249964,5.44403076171875
169,0.055514055390625039,5.28961181640625
170,0.055733447656250101,5.47576904296875
171,0.056112989765624954,5.39276123046875
172,0.056334986093750095,5.71441650390625
173,0.056714528203124948,5.52886962890625
174,0.056934245976562492,5.8538818359375
175,0.057313462578125085,5.64178466796875
176,0.057535784414062485,5.9466552734375
177,0.057912722460937482,5.8258056640625
178,0.058134718789062623,6.31072998046875
179,0.058514260898437476,5.94329833984375
180,0.058736257226562616,6.2066650390625
181,0.059113195273437613,6.097412109375
182,0.059335191601562531,6.77001953125
183,0.059714733710937606,6.2615966796875
184,0.059934451484375151,6.56219482421875
185,0.060313668085937744,6.3458251953125
186,0.060535989921875144,6.978759765625
187,0.060915206523437737,6.52923583984375
188,0.061134924296874837,6.81060791015625
189,0.061514466406250135,6.67724609375
190,0.061733858671874975,7.53387451171875
191,0.06208280304687519,6.8121337890625
192,0.062286896445312712,7.05413818359375
193,0.062676529296875172,6.8792724609375
194,0.062885830820312405,8.0987548828125
195,0.063265372929687702,7.00042724609375
196,0.063484765195312542,7.5811767578125
197,0.063866911367187695,7.14813232421875
198,0.06408662914062524,8.62701416015625
199,0.064465845742187389,7.322998046875
200,0.064685563515624933,8.1829833984375
201,0.06506510562500023,7.63336181640625
202,0.065287101953124926,8.8018798828125
203,0.065666644062500223,7.81494140625
204,0.065886036328125064,8.53302001953125
205,0.066265578437499917,8.01483154296875
206,0.06648041359375001,8.74847412109375
207,0.066864512812500054,8.39691162109375
208,0.066994715937499949,8.74908447265625
209,0.067414946523437491,8.63250732421875
210,0.067466051250000048,8.48907470703125
211,0.067736222734375184,9.02252197265625
212,0.067964078203125,8.49456787109375
213,0.068065311132812445,8.8238525390625
214,0.068095583359374823,9.19097900390625
215,0.06813138921875006,8.10455322265625
216,0.06813171472656232,8.90625
curve_id,27
index,Z indent (µm),Force indent (µN)
0,0,0.6689453125
1,0.00060153843749999325,0.6719970703125
2,0.001195590195312457,0.67138671875
3,0.0017945245703125945,0.675048828125
4,0.0023908548828124321,0.67169189453125
5,0.0029923933203124253,0.703125
6,0.0035916532031250448,0.73822021484375
7,0.004193191640625038,0.76751708984375
8,0.0047921260156249534,0.7647705078125
9,0.0053936644531249467,0.7574462890625
10,0.0059925988281250842,0.7708740234375
11,0.0065918587109374815,0.7806396484375
12,0.0071933971484374748,0.84259033203125
13,0.0077923315234373902,0.8544921875
14,0.0083938699609376055,0.8709716796875
15,0.0089622066015624391,0.863037109375
16,0.0095943427734375142,0.8575439453125
17,0.0097642578515624301,0.66741943359375
18,0.010147380546875029,0.90179443359375
19,0.010365796289062423,0.6561279296875
20,0.010743710859375089,0.93353271484375
21,0.010964730664062561,0.67901611328125
22,0.011347853359374938,0.9722900390625
23,0.011563990546874958,0.7037353515625
24,0.011944509179687479,0.9710693359375
25,0.012162924921875096,0.75164794921875
26,0.012543443554687395,0.985107421875
27,0.012761859296875011,0.79132080078125
28,0.01314498199218761,0.99884033203125
29,0.013345494804687608,0.80596923828125
30,0.013743916367187525,1.02386474609375
31,0.013916435507812519,0.80810546875
32,0.014345780312500001,1.0693359375
33,0.014461661093750022,0.8056640625
34,0.014944714687499916,1.11968994140625
35,0.015116908320312428,0.84686279296875
36,0.015543649062500053,1.1419677734375
37,0.015715842695312565,0.90606689453125
38,0.016145187500000047,1.14166259765625
39,0.016315102578124963,0.93475341796875
40,0.016744121874999962,1.15447998046875
41,0.016916641015624956,0.96923828125
42,0.017345985820312437,1.19903564453125
43,0.017515575390625093,0.95916748046875
44,0.017944920195312575,1.22772216796875
45,0.018117113828125087,0.98052978515625
46,0.018502840585937541,1.28875732421875
47,0.018716048203125002,1.00128173828125
48,0.019114795273437402,1.3031005859375
49,0.019317912148437477,1.04949951171875
50,0.019698430781249998,1.3165283203125
51,0.019916846523437393,1.11785888671875
52,0.020297365156249914,1.3348388671875
53,0.02051578089843753,1.1383056640625
54,0.020896299531250051,1.35284423828125
55,0.02111211121093759,1.1627197265625
56,0.021495559414062448,1.4190673828125
57,0.021716253710937439,1.1614990234375
58,0.022097097851562442,1.44775390625
59,0.02231290953124998,1.202392578125
60,0.022696032226562579,1.505126953125
61,0.022868225859375091,1.2554931640625
62,0.023297570664062572,1.5032958984375
63,0.02349808347656257,1.309814453125
64,0.023896505039062488,1.52923583984375
65,0.024069024179687482,1.35345458984375
66,0.024495764921875107,1.56402587890625
67,0.024662750429687463,1.36810302734375
68,0.0250973033593751,1.61346435546875
69,0.025266892929687534,1.3818359375
70,0.025696237734375016,1.67510986328125
71,0.025868431367187528,1.4208984375
72,0.026297776171875009,1.70074462890625
73,0.026467691249999925,1.4892578125
74,0.026896710546874925,1.7218017578125
75,0.027069229687499918,1.56341552734375
76,0.027498248984374918,1.75537109375
77,0.027668164062500056,1.59149169921875
78,0.028056494882812588,1.78741455078125
79,0.028269702500000049,1.65008544921875
80,0.028665845507812593,1.85699462890625
81,0.028868636874999964,1.63421630859375
82,0.02924687695312489,1.90643310546875
83,0.029470175312499958,1.69769287109375
84,0.029851019453124961,1.9561767578125
85,0.030066831132812499,1.73095703125
86,0.03044734976562502,1.97906494140625
87,0.030665765507812415,1.81365966796875
88,0.031048888203125014,2.00897216796875
89,0.031264699882812552,1.86737060546875
90,0.031648148085937411,2.069091796875
91,0.031850939453125005,1.90185546875
92,0.032249686523437404,2.11761474609375
93,0.032450199335937402,1.9384765625
94,0.032848620898437542,2.21832275390625
95,0.033051737773437395,1.97296142578125
96,0.033447555273437457,2.2454833984375
97,0.033620074414062451,2.0550537109375
98,0.03404909371093745,2.29400634765625
99,0.034219008789062588,2.139892578125
100,0.034648028085937588,2.32086181640625
101,0.034820547226562581,2.2021484375
102,0.035249892031250063,2.38250732421875
103,0.035419481601562497,2.25799560546875
104,0.035848826406249978,2.4603271484375
105,0.03602102003906249,2.29248046875
106,0.036450364843749972,2.53021240234375
107,0.03662027992187511,2.3480224609375
108,0.037016097421874949,2.603759765625
109,0.037221818359375103,2.42095947265625
110,0.037610149179687413,2.635498046875
111,0.037820752734375018,2.49298095703125
112,0.038203875429687395,2.6788330078125
113,0.038419687109374934,2.5921630859375
114,0.03880541386718761,2.7496337890625
115,0.039021225546874927,2.62054443359375
116,0.03940206968749993,2.8118896484375
117,0.039620159921875064,2.71759033203125
118,0.040001004062500067,2.9058837890625
119,0.040216815742187606,2.7105712890625
120,0.040599938437499983,2.9693603515625
121,0.040815750117187521,2.83111572265625
122,0.041201476874999976,3.0084228515625
123,0.041401989687499974,2.88909912109375
124,0.041800411249999891,3.06793212890625
125,0.042000924062500111,3.0194091796875
126,0.042402275195312589,3.1121826171875
127,0.042571864765625023,3.070068359375
128,0.043001209570312504,3.212890625
129,0.043170799140624938,3.15521240234375
130,0.04360014394531242,3.28033447265625
131,0.043772337578124931,3.1884765625
132,0.044201682382812413,3.36578369140625
133,0.044371597460937551,3.2806396484375
134,0.04480061675781255,3.419189453125
135,0.044973135898437544,3.36334228515625
136,0.045402155195312544,3.4783935546875
137,0.045572070273437459,3.49517822265625
138,0.046001415078124941,3.5601806640625
139,0.046171004648437597,3.55621337890625
140,0.046602953515624934,3.646240234375
141,0.04677254308593759,3.65478515625
142,0.047160873906249901,3.74969482421875
143,0.047374407031250065,3.7396240234375
144,0.047772828593749983,3.83819580078125
145,0.047973341406249981,3.79364013671875
146,0.048353860039062502,3.9166259765625
147,0.04856967171875004,3.973388671875
148,0.048955398476562495,3.99871826171875
149,0.049168606093749956,3.985595703125
150,0.049552054296875037,4.07623291015625
151,0.049767865976562575,4.234619140625
152,0.05015359273437503,4.1937255859375
153,0.050354105546875028,4.17236328125
154,0.050752527109374945,4.31365966796875
155,0.050955643984375021,4.42352294921875
156,0.051354065546874939,4.43267822265625
157,0.051523980625000076,4.39178466796875
158,0.051952999921875076,4.52423095703125
159,0.052122914999999992,4.64599609375
160,0.052552259804687473,4.61639404296875
161,0.052724453437499985,4.67742919921875
162,0.053153798242187467,4.71771240234375
163,0.053323387812499901,4.94781494140625
164,0.053752732617187604,4.84771728515625
165,0.053924926249999894,4.91485595703125
166,0.054354271054687597,4.9761962890625
167,0.054524186132812513,5.203857421875
168,0.054953205429687513,5.1019287109375
169,0.055125724570312507,5.16571044921875
170,0.055554743867187506,5.21881103515625
171,0.055724658945312422,5.46630859375
172,0.056154003749999903,5.3302001953125
173,0.056326197382812415,5.58624267578125
174,0.056711924140625092,5.43060302734375
175,0.056925131757812553,5.73333740234375
176,0.057354476562500034,5.58349609375
177,0.05752439164062495,6.01318359375
178,0.057907514335937549,5.74005126953125
179,0.058125930078124943,6.00677490234375
180,0.058506448710937464,5.860595703125
181,0.058724864453125081,6.3677978515625
182,0.059105383085937602,6.0260009765625
183,0.059323798828124996,6.28326416015625
184,0.059704317460937517,6.126708984375
185,0.05991785058593746,6.8109130859375
186,0.060306181406249992,6.3018798828125
187,0.060506368710937286,6.597900390625
188,0.06090511578125013,6.434326171875
189,0.061108232656249983,7.1063232421875
190,0.061504050156249823,6.57562255859375
191,0.061676243789062335,6.8408203125
192,0.062105588593749816,6.74163818359375
193,0.062275503671875176,7.56683349609375
194,0.062704522968749954,6.8408203125
195,0.06287704210937517,7.13531494140625
196,0.063306386914062651,6.88873291015625
197,0.063475976484374863,8.19000244140625
198,0.063905321289062345,7.0635986328125
199,0.064077514921874856,7.6763916015625
200,0.064506859726562338,7.210693359375
201,0.064676449296874994,8.748779296875
202,0.065105794101562475,7.4578857421875
203,0.065278313242187691,8.304443359375
204,0.065671526679687675,7.666015625
205,0.065877247617187384,8.9068603515625
206,0.066306592421874866,7.92327880859375
207,0.066476181992187522,8.65753173828125
208,0.066856700625000043,8.16131591796875
209,0.067070233750000208,8.839111328125
210,0.06745596050781244,8.3843994140625
211,0.067579327968749991,8.93218994140625
212,0.068000860585937462,8.6224365234375
213,0.068060103007812289,8.6578369140625
214,0.068301304296874976,9.2120361328125
215,0.068544458632812555,8.4527587890625
216,0.068656433320312571,8.9764404296875
217,0.068715350234375139,8.20831298828125
curve_id,28
index,Z indent (µm),Force indent (µN)
0,0,0.66253662109375
1,0.00059925988281261944,0.6719970703125
2,0.0012007983203126127,0.6671142578125
3,0.0017997326953125281,0.65704345703125
4,0.0024012711328125214,0.6829833984375
5,0.0029595170312499697,0.692138671875
6,0.0035584514062501071,0.7470703125
7,0.0041521776562500889,0.748291015625
8,0.0047540416015625642,0.755615234375
9,0.0053555800390625574,0.75775146484375
10,0.0059519103515626171,0.7586669921875
11,0.0065508447265625325,0.79681396484375
12,0.0071523831640625257,0.8172607421875
13,0.0077516430468749231,0.85906982421875
14,0.0083505774218750606,0.85540771484375
15,0.0089521158593750538,0.85235595703125
16,0.0091272390625001254,0.6689453125
17,0.0095510502343749692,0.8673095703125
18,0.0097264989453125228,0.66009521484375
19,0.010152588671874963,0.8837890625
20,0.010328037382812516,0.6597900390625
21,0.010751848554687582,0.93536376953125
22,0.010926971757812431,0.682373046875
23,0.011353386992187575,0.958251953125
24,0.011528510195312425,0.72479248046875
25,0.011911307382812542,0.97686767578125
26,0.012127444570312562,0.77362060546875
27,0.012512845820312535,0.980224609375
28,0.012728983007812555,0.7830810546875
29,0.013106897578124999,0.9765625
30,0.013328242890624953,0.79833984375
31,0.013708436015624992,1.02569580078125
32,0.01392717726562509,0.79986572265625
33,0.014302162265624974,1.05010986328125
34,0.014528715703125084,0.8331298828125
35,0.014904026210937449,1.11907958984375
36,0.015127650078124999,0.858154296875
37,0.015502960585937586,1.1322021484375
38,0.015724305898437541,0.916748046875
39,0.01610449902343758,1.13677978515625
40,0.016325844335937534,0.93780517578125
41,0.016703433398437495,1.16363525390625
42,0.016919570585937516,0.95855712890625
43,0.017302367773437632,1.16912841796875
44,0.017518830468750135,0.96038818359375
45,0.017904231718750108,1.2371826171875
46,0.018120368906250128,0.9649658203125
47,0.018503166093750023,1.26007080078125
48,0.018678289296875095,1.0302734375
49,0.019104704531250016,1.31256103515625
50,0.019279827734375088,1.0711669921875
51,0.019703638906249932,1.3128662109375
52,0.019878762109375003,1.11480712890625
53,0.020264163359374976,1.32415771484375
54,0.020480626054687479,1.1492919921875
55,0.020866027304687451,1.3531494140625
56,0.021079560429687616,1.13250732421875
57,0.021459753554687433,1.39129638671875
58,0.021681098867187609,1.17889404296875
59,0.02205868792968757,1.4508056640625
60,0.022280033242187525,1.1993408203125
61,0.022657947812499968,1.492919921875
62,0.022881571679687518,1.27227783203125
63,0.023254278125000027,1.507568359375
64,0.023480831562500137,1.32049560546875
65,0.023855816562500021,1.52435302734375
66,0.024079765937500053,1.33514404296875
67,0.024454750937499936,1.5435791015625
68,0.024624991523437556,1.3677978515625
69,0.025056289374999929,1.60369873046875
70,0.025280238749999961,1.3812255859375
71,0.025655549257812549,1.6497802734375
72,0.025871686445312569,1.42181396484375
73,0.026254483632812464,1.71142578125
74,0.026473224882812563,1.50421142578125
75,0.026856022070312457,1.72271728515625
76,0.027031145273437529,1.56707763671875
77,0.027454956445312595,1.73828125
78,0.027630405156249926,1.583251953125
79,0.028056494882812588,1.78253173828125
80,0.028231943593750142,1.6290283203125
81,0.028655754765624986,1.817626953125
82,0.028830877968750057,1.63604736328125
83,0.029257293203124979,1.89697265625
84,0.029429812343749973,1.688232421875
85,0.029815213593749945,1.93878173828125
86,0.030031350781249966,1.76116943359375
87,0.030416752031249938,1.97967529296875
88,0.030632889218749959,1.82281494140625
89,0.031010803789062624,2.02178955078125
90,0.031232149101562579,1.85821533203125
91,0.031607134101562462,2.04803466796875
92,0.031831083476562494,1.9244384765625
93,0.032206068476562599,2.1075439453125
94,0.032432621914062487,1.9061279296875
95,0.032807932421875075,2.16888427734375
96,0.033031556289062625,1.9866943359375
97,0.03340686679687499,2.2412109375
98,0.033628212109374944,2.06512451171875
99,0.034008405234374983,2.28515625
100,0.034227146484375082,2.14385986328125
101,0.034607339609375121,2.3297119140625
102,0.034820872734375063,2.205810546875
103,0.035208878046875114,2.3626708984375
104,0.035384326757812445,2.24609375
105,0.035808137929687511,2.42401123046875
106,0.036024275117187532,2.2967529296875
107,0.036407072304687427,2.5006103515625
108,0.036582195507812498,2.3193359375
109,0.037008610742187642,2.58453369140625
110,0.037183733945312492,2.41729736328125
111,0.037607545117187557,2.63702392578125
112,0.037782668320312629,2.4920654296875
113,0.038165791015625006,2.68951416015625
114,0.038384532265625104,2.5714111328125
115,0.038767329453124999,2.72491455078125
116,0.03898346664062502,2.6116943359375
117,0.039363659765625059,2.7886962890625
118,0.039585005078125013,2.679443359375
119,0.039962594140624974,2.862548828125
120,0.040183939453124928,2.706298828125
121,0.040559249960937516,2.940673828125
122,0.040785477890625144,2.8424072265625
123,0.041158184335937431,3.0181884765625
124,0.041384737773437541,2.85797119140625
125,0.041759722773437424,3.0609130859375
126,0.041983672148437456,3.03070068359375
127,0.042358657148437562,3.10516357421875
128,0.042580002460937516,3.0169677734375
129,0.042960195585937555,3.175048828125
130,0.043181540898437509,3.150634765625
131,0.043559455468749952,3.24554443359375
132,0.043734578671875024,3.1591796875
133,0.044160993906249946,3.3477783203125
134,0.044374527031250111,3.2708740234375
135,0.044759928281250083,3.4149169921875
136,0.044935051484374933,3.365478515625
137,0.045358862656249999,3.47625732421875
138,0.045536589921874926,3.47198486328125
139,0.045960401093749992,3.55194091796875
140,0.046135849804687545,3.5626220703125
141,0.046521251054687518,3.61572265625
142,0.046734784179687461,3.6163330078125
143,0.047161199414062605,3.71429443359375
144,0.047336322617187454,3.72283935546875
145,0.047719119804687571,3.814697265625
146,0.047935256992187592,3.78448486328125
147,0.048313171562500035,3.91143798828125
148,0.048536795429687585,3.94378662109375
149,0.048909501875000094,4.014892578125
150,0.049136055312499982,3.983154296875
151,0.049511040312500088,4.06524658203125
152,0.049737593749999975,4.1998291015625
153,0.050110300195312485,4.1748046875
154,0.050336528125000113,4.1510009765625
155,0.050711838632812478,4.2645263671875
156,0.050935462500000028,4.4146728515625
157,0.051310773007812616,4.39971923828125
158,0.05153211832031257,4.33990478515625
159,0.051912311445312609,4.52056884765625
160,0.052133656757812563,4.66766357421875
161,0.052511245820312524,4.61395263671875
162,0.052727383007812545,4.6197509765625
163,0.053112784257812518,4.7174072265625
164,0.053328921445312538,4.930419921875
165,0.053712044140625137,4.8089599609375
166,0.053887167343749987,4.8895263671875
167,0.054310978515625052,4.9407958984375
168,0.05448870578124998,5.167236328125
169,0.054912516953125046,5.0750732421875
170,0.055087640156250117,5.15594482421875
171,0.055511451328124961,5.22216796875
172,0.055686900039062515,5.4345703125
173,0.056112989765624954,5.316162109375
174,0.056288438476562508,5.5389404296875
175,0.056668631601562547,5.45257568359375
176,0.056887372851562423,5.72967529296875
177,0.057262357851562529,5.53436279296875
178,0.057488911289062639,5.95062255859375
179,0.057864221796875004,5.70465087890625
180,0.058087845664062554,5.986328125
181,0.058463156171875141,5.81878662109375
182,0.058689384101562547,6.3458251953125
183,0.059062090546875057,6.02325439453125
184,0.059288643984374945,6.27410888671875
185,0.05966362898437505,6.121826171875
186,0.059887578359375082,6.79107666015625
187,0.060262563359374965,6.29425048828125
188,0.060483908671875142,6.58660888671875
189,0.060864427304687441,6.39617919921875
190,0.061085447109374913,7.06268310546875
191,0.061463361679687578,6.5704345703125
192,0.061679498867187599,6.82403564453125
193,0.062064900117187571,6.70684814453125
194,0.062281037304687592,7.56134033203125
195,0.062663834492187709,6.82342529296875
196,0.062838957695312336,7.0855712890625
197,0.063262768867187402,6.92535400390625
198,0.063440821640625034,8.16314697265625
199,0.063864632812500099,7.0281982421875
200,0.064039756015625171,7.60833740234375
201,0.064425157265625144,7.19390869140625
202,0.064638690390624864,8.7152099609375
203,0.065024091640624837,7.39349365234375
204,0.065240228828124858,8.22418212890625
205,0.065618143398437523,7.6177978515625
206,0.065839163203124995,8.87847900390625
207,0.066219681835937516,7.8643798828125
208,0.066441027148437692,8.60137939453125
209,0.066816012148437354,8.11370849609375
210,0.067032149335937374,8.78021240234375
211,0.067414946523437491,8.33831787109375
212,0.067546777187500018,8.87908935546875
213,0.067963427187500036,8.62152099609375
214,0.068014206406249889,8.62762451171875
215,0.068284377890625025,9.16900634765625
216,0.068509954804687689,8.43719482421875
217,0.068615744843749882,8.817138671875
218,0.06863983242187488,9.25140380859375
219,0.06867466175781245,8.170166015625
curve_id,29
index,Z indent (µm),Force indent (µN)
0,0,0.665283203125
1,0.00060153843749999325,0.6634521484375
2,0.0012004728125001307,0.65521240234375
3,0.0018023367578126059,0.6683349609375
4,0.0024012711328125214,0.6658935546875
5,0.0029617955859375655,0.7098388671875
6,0.0035584514062501071,0.73577880859375
7,0.0047511120312500044,0.76141357421875
8,0.0048510429296875213,0.751953125
9,0.0053526504687499976,0.7489013671875
10,0.0059519103515626171,0.76202392578125
11,0.0065534487890626103,0.78643798828125
12,0.0071523831640625257,0.83892822265625
13,0.007753921601562519,0.8465576171875
14,0.0083528559765626564,0.85479736328125
15,0.0089521158593750538,0.85357666015625
16,0.0091256115234374935,0.6622314453125
17,0.0095536542968750471,0.86212158203125
18,0.0097271499609377088,0.6707763671875
19,0.010152588671875185,0.89996337890625
20,0.010326084335937624,0.65673828125
21,0.010754127109375178,0.93017578125
22,0.01092501871093754,0.67169189453125
23,0.011353061484375093,0.95703125
24,0.011526557148437533,0.7171630859375
25,0.011913911445312619,0.966796875
26,0.012128095585937526,0.75469970703125
27,0.012553859804687706,0.96527099609375
28,0.012727355468750146,0.7958984375
29,0.013104293515625143,0.99578857421875
30,0.013328893906250139,0.7928466796875
31,0.013705831953125136,1.0125732421875
32,0.013927828281250054,0.8050537109375
33,0.014304766328125051,1.06964111328125
34,0.014526762656250192,0.82672119140625
35,0.014903700703125189,1.103515625
36,0.015126022539062589,0.8660888671875
37,0.015505239140625182,1.13006591796875
38,0.015727560976562582,0.91217041015625
39,0.01610449902343758,1.13861083984375
40,0.016277669179687537,0.9466552734375
41,0.016706037460937573,1.1419677734375
42,0.016879533125000012,0.977783203125
43,0.01730497183593771,1.1920166015625
44,0.01747846750000015,0.96038818359375
45,0.017903906210937626,1.22955322265625
46,0.018077401875000065,0.99151611328125
47,0.018505444648437619,1.28265380859375
48,0.018678940312500059,1.0113525390625
49,0.019106983085937612,1.30584716796875
50,0.019277874687500196,1.07147216796875
51,0.01970624296875001,1.29913330078125
52,0.019879738632812671,1.11785888671875
53,0.020305177343750147,1.33026123046875
54,0.020478673007812587,1.13739013671875
55,0.02090671578125014,1.35711669921875
56,0.02108021144531258,1.1572265625
57,0.021462357617187511,1.40869140625
58,0.021679145820312495,1.16546630859375
59,0.022056083867187715,1.4520263671875
60,0.022280684257812711,1.204833984375
61,0.02265501824218763,1.49169921875
62,0.022879944140625108,1.26617431640625
63,0.023256556679687623,1.51763916015625
64,0.023478878515625023,1.31256103515625
65,0.023855816562500021,1.52191162109375
66,0.024080416953125017,1.3531494140625
67,0.024457355000000014,1.5667724609375
68,0.02462564253906252,1.3592529296875
69,0.025056289375000151,1.6070556640625
70,0.025229785039062591,1.3983154296875
71,0.025657827812500145,1.6693115234375
72,0.025831323476562584,1.4251708984375
73,0.02625676218750006,1.708984375
74,0.0264302578515625,1.49993896484375
75,0.02685602207031268,1.7156982421875
76,0.027029517734375119,1.5625
77,0.027457560507812673,1.7547607421875
78,0.027631056171875112,1.6033935546875
79,0.028056494882812588,1.77764892578125
80,0.028229990546875028,1.64306640625
81,0.028658033320312581,1.84173583984375
82,0.028831528984375021,1.6534423828125
83,0.029256967695312497,1.89605712890625
84,0.029430463359375159,1.6912841796875
85,0.029815213593750167,1.95556640625
86,0.030032001796875152,1.73553466796875
87,0.030414147968750083,1.98516845703125
88,0.030631261679687549,1.8353271484375
89,0.031013082343749998,2.020263671875
90,0.031232800117187542,1.86553955078125
91,0.03160973816406254,2.05535888671875
92,0.03183173449218768,1.904296875
93,0.032208672539062677,2.11761474609375
94,0.032430668867187595,1.9464111328125
95,0.032807606914062593,2.18597412109375
96,0.033032207304687589,1.96563720703125
97,0.033409145351562586,2.252197265625
98,0.033631467187500208,2.05963134765625
99,0.034008405234375205,2.27996826171875
100,0.034181900898437645,2.14263916015625
101,0.034609943671875198,2.33123779296875
102,0.034821849257812509,2.1942138671875
103,0.035208878046875114,2.357177734375
104,0.035382373710937554,2.26043701171875
105,0.035807812421875029,2.4383544921875
106,0.035983912148437547,2.29400634765625
107,0.036409350859375023,2.51251220703125
108,0.036582846523437684,2.340087890625
109,0.037008610742187642,2.59185791015625
110,0.0371817808984376,2.423095703125
111,0.037610149179687635,2.64129638671875
112,0.037783644843750075,2.48443603515625
113,0.038209083554687551,2.68951416015625
114,0.038382579218750212,2.5994873046875
115,0.038769608007812595,2.73681640625
116,0.038984117656250206,2.61932373046875
117,0.039409556367187681,2.80792236328125
118,0.039583052031250121,2.71331787109375
119,0.039959990078125118,2.886962890625
120,0.040184590468750114,2.705078125
121,0.040561528515625112,2.96051025390625
122,0.040783850351562512,2.8289794921875
123,0.041160462890625027,3.02734375
124,0.041382784726562649,2.879638671875
125,0.041759722773437646,3.06060791015625
126,0.041981719101562565,3.0126953125
127,0.04236126121093764,3.1256103515625
128,0.042578049414062624,3.060302734375
129,0.042960195585937555,3.1866455078125
130,0.043133691249999995,3.14605712890625
131,0.043561734023437548,3.2745361328125
132,0.04373522968750021,3.18328857421875
133,0.044160668398437686,3.35662841796875
134,0.044334164062500125,3.2733154296875
135,0.044759928281250083,3.42864990234375
136,0.044936028007812601,3.3551025390625
137,0.045361466718750076,3.49395751953125
138,0.04553235832031266,3.48358154296875
139,0.045960401093750214,3.54156494140625
140,0.046133896757812654,3.5595703125
141,0.046561939531250207,3.62548828125
142,0.046735435195312647,3.646240234375
143,0.047122463984375029,3.7310791015625
144,0.047334369570312562,3.743896484375
145,0.047762737851562598,3.8214111328125
146,0.047936233515625037,3.78570556640625
147,0.048361672226562513,3.9239501953125
148,0.048535167890625175,3.96575927734375
149,0.048912105937500172,3.997802734375
150,0.049136706328125168,3.98406982421875
151,0.049513644375000165,4.09271240234375
152,0.049735640703125084,4.2144775390625
153,0.050112578750000081,4.17694091796875
154,0.050334575078124999,4.18121337890625
155,0.050711513124999996,4.2926025390625
156,0.050931230898437541,4.4171142578125
157,0.051313051562500211,4.42291259765625
158,0.051486547226562651,4.38323974609375
159,0.051912311445312609,4.5159912109375
160,0.052085807109375049,4.637451171875
161,0.052513849882812602,4.63226318359375
162,0.052725755468750135,4.66064453125
163,0.053112784257812518,4.705810546875
164,0.053286279921875179,4.93408203125
165,0.053714322695312511,4.82879638671875
166,0.053887818359375173,4.9151611328125
167,0.054313257070312648,4.96002197265625
168,0.054486752734375088,5.189208984375
169,0.054912516953125046,5.08392333984375
170,0.055086012617187707,5.17730712890625
171,0.055514055390625039,5.23162841796875
172,0.055687551054687701,5.439453125
173,0.056112989765625176,5.341796875
174,0.056286485429687616,5.56396484375
175,0.05671452820312517,5.450439453125
176,0.056888023867187609,5.72662353515625
177,0.057275052656250214,5.587158203125
178,0.057486958242187525,5.9747314453125
179,0.057863896289062522,5.69915771484375
180,0.058088496679687518,6.00555419921875
181,0.058465434726562515,5.88653564453125
182,0.058687756562500137,6.36627197265625
183,0.059066973164062508,6.00860595703125
184,0.059286690937500053,6.28753662109375
185,0.05966362898437505,6.16668701171875
186,0.059883021250000112,6.788330078125
187,0.060265167421875043,6.287841796875
188,0.060479677070312654,6.6015625
189,0.060864101796875181,6.4453125
190,0.061037597460937398,7.103271484375
191,0.061465640234374952,6.57379150390625
192,0.061680149882812785,6.83990478515625
193,0.062064900117187793,6.74652099609375
194,0.062238070273437529,7.5933837890625
195,0.062666438554687787,6.83319091796875
196,0.062839934218750226,7.10906982421875
197,0.06326537292968748,6.93756103515625
198,0.06343886859374992,8.177490234375
199,0.063864307304687618,7.02545166015625
200,0.064037802968750057,7.6470947265625
201,0.064465845742187611,7.235107421875
202,0.06463934140625005,8.7408447265625
203,0.065065105625000008,7.418212890625
204,0.065238275781250188,8.27667236328125
205,0.065666644062500001,7.64923095703125
206,0.065840139726562441,8.88916015625
207,0.066265578437500139,7.891845703125
208,0.066439074101562579,8.6065673828125
209,0.066816012148437576,8.13720703125
210,0.06703280035156256,8.82537841796875
211,0.067417550585937569,8.3636474609375
212,0.067545475156250312,8.89312744140625
213,0.06796245066406259,8.60198974609375
214,0.068016484960937706,8.63250732421875
215,0.068283401367187579,9.19952392578125
216,0.068507676250000316,8.41064453125
217,0.0686154193359374,8.924560546875
218,0.06863820488281247,9.2645263671875
219,0.068674336249999968,8.15948486328125
curve_id,30
index,Z indent (µm),Force indent (µN)
0,0,0.650634765625
1,0.00059925988281239739,0.6781005859375
2,0.0011981942578125349,0.6646728515625
3,0.0017997326953125281,0.655517578125
4,0.0023986670703124435,0.68359375
5,0.0030002055078124368,0.706787109375
6,0.0035994653906250562,0.7354736328125
7,0.0042010038281250495,0.7470703125
8,0.0047999382031249649,0.74798583984375
9,0.0054014766406249581,0.74493408203125
10,0.0059672092187499359,0.74188232421875
11,0.0065534487890623883,0.78765869140625
12,0.0071523831640625257,0.8123779296875
13,0.0077513175390624411,0.853271484375
14,0.0083505774218750606,0.84014892578125
15,0.0089521158593750538,0.83831787109375
16,0.0095510502343749692,0.85601806640625
17,0.010152588671874963,0.86883544921875
18,0.010320225195312505,0.66680908203125
19,0.010751523046874878,0.93109130859375
20,0.011350782929687497,0.9375
21,0.011520698007812413,0.6671142578125
22,0.011952321367187491,0.95550537109375
23,0.012122236445312407,0.71807861328125
24,0.012551255742187406,0.9405517578125
25,0.012721496328125026,0.7562255859375
26,0.013152794179687399,0.94635009765625
27,0.013320430703124941,0.7916259765625
28,0.01371104007812507,0.99822998046875
29,0.013921969140624935,0.7867431640625
30,0.014353592500000012,1.0198974609375
31,0.014520903515625072,0.80474853515625
32,0.014952526874999927,1.07696533203125
33,0.015122441953125065,0.8135986328125
34,0.015502960585937586,1.07879638671875
35,0.015721701835937463,0.853271484375
36,0.01610449902343758,1.08978271484375
37,0.016318032148437522,0.9130859375
38,0.016703433398437495,1.1114501953125
39,0.016873673984374893,0.93994140625
40,0.01730236777343741,1.1431884765625
41,0.01750320609374989,0.96282958984375
42,0.017903906210937404,1.202392578125
43,0.018074146796875024,0.96405029296875
44,0.018503166093750023,1.2359619140625
45,0.018673081171874939,0.9808349609375
46,0.019104704531250016,1.2628173828125
47,0.019272015546875076,1.015625
48,0.019703638906249932,1.278076171875
49,0.019873879492187552,1.05712890625
50,0.020302573281250069,1.28204345703125
51,0.020472813867187467,1.13067626953125
52,0.020904111718750062,1.33575439453125
53,0.02107435230468746,1.1358642578125
54,0.02150337160156246,1.36260986328125
55,0.021673286679687376,1.1578369140625
56,0.022104910039062453,1.43707275390625
57,0.022274825117187369,1.16119384765625
58,0.022673246679687509,1.46453857421875
59,0.022874084999999988,1.19873046875
60,0.023305382851562584,1.47247314453125
61,0.023473019374999904,1.2542724609375
62,0.023858420624999876,1.49871826171875
63,0.024074557812499897,1.31011962890625
64,0.024457355000000014,1.5106201171875
65,0.024673492187500035,1.3494873046875
66,0.025056289374999929,1.580810546875
67,0.025254523632812553,1.36932373046875
68,0.025655549257812549,1.61285400390625
69,0.025769151484374975,1.38671875
70,0.026254483632812464,1.67083740234375
71,0.02642439871093738,1.41326904296875
72,0.026856022070312457,1.67510986328125
73,0.027026262656250077,1.480712890625
74,0.027454956445312373,1.689453125
75,0.027625197031249993,1.5484619140625
76,0.028056494882812588,1.7376708984375
77,0.028224131406249908,1.60003662109375
78,0.028655754765624986,1.78070068359375
79,0.028825669843749901,1.61834716796875
80,0.029254689140624901,1.84234619140625
81,0.029424604218750039,1.65008544921875
82,0.029856227578124894,1.89178466796875
83,0.030026142656250032,1.6680908203125
84,0.030455161953125032,1.91314697265625
85,0.03062540253906243,1.74041748046875
86,0.031056700390625025,1.9476318359375
87,0.031226940976562423,1.79473876953125
88,0.031655960273437422,1.97601318359375
89,0.03182587535156256,1.87469482421875
90,0.032223971406249996,2.049560546875
91,0.032424809726562476,1.8817138671875
92,0.032812815039062526,2.1173095703125
93,0.033026348164062469,1.9268798828125
94,0.033411749414062442,2.171630859375
95,0.033625608046875088,1.94915771484375
96,0.034008405234374983,2.22137451171875
97,0.034209243554687463,2.0440673828125
98,0.034607339609374899,2.237548828125
99,0.034777580195312519,2.09869384765625
100,0.035206273984375036,2.29888916015625
101,0.035409716367187372,2.1881103515625
102,0.035807812421875029,2.32940673828125
103,0.035972844882812494,2.23175048828125
104,0.036407072304687427,2.43743896484375
105,0.036576987382812565,2.28515625
106,0.03700861074218742,2.49359130859375
107,0.037176247265624962,2.31903076171875
108,0.037607545117187557,2.559814453125
109,0.037777785703124955,2.38525390625
110,0.038206479492187473,2.596435546875
111,0.038376720078124871,2.4859619140625
112,0.038808017929687466,2.64312744140625
113,0.038978258515625086,2.54913330078125
114,0.039407277812500086,2.71514892578125
115,0.039577192890625001,2.628173828125
116,0.040008816250000079,2.7984619140625
117,0.040178731328124995,2.65899658203125
118,0.040577152890624912,2.87200927734375
119,0.040777991210937392,2.72064208984375
120,0.041160788398437509,2.94342041015625
121,0.04137692558593753,2.75970458984375
122,0.041759722773437424,2.99652099609375
123,0.041978464023437523,2.88330078125
124,0.042358657148437562,3.0426025390625
125,0.042572515781249987,2.9449462890625
126,0.042957591523437477,3.09326171875
127,0.043127832109374875,3.076171875
128,0.043559455468749952,3.18939208984375
129,0.043760293789062432,3.07647705078125
130,0.04415838984375009,3.27392578125
131,0.044328304921875006,3.19427490234375
132,0.044759928281250083,3.3355712890625
133,0.044930168867187481,3.20220947265625
134,0.045358862656249999,3.3892822265625
135,0.045529103242187396,3.35723876953125
136,0.045960401093749992,3.44879150390625
137,0.046128037617187534,3.41705322265625
138,0.046559660976562389,3.53790283203125
139,0.046729576054687527,3.53515625
140,0.047158595351562527,3.607177734375
141,0.047328510429687443,3.6181640625
142,0.04776013378906252,3.71368408203125
143,0.047930374374999918,3.6749267578125
144,0.048359068164062435,3.81103515625
145,0.048529308750000055,3.78997802734375
146,0.048960606601562429,3.873291015625
147,0.049130847187500049,3.85009765625
148,0.049518852499999877,3.95477294921875
149,0.049729781562499964,4.029541015625
150,0.050117786875000014,4.03076171875
151,0.050328715937499879,4.0728759765625
152,0.050714117187500074,4.13970947265625
153,0.050925371757812421,4.239501953125
154,0.051310773007812394,4.25689697265625
155,0.051529514257812492,4.24835205078125
156,0.051912311445312387,4.38507080078125
157,0.052110545703125011,4.46197509765625
158,0.052511245820312524,4.47052001953125
159,0.052712084140625004,4.4281005859375
160,0.05311018019531244,4.55902099609375
161,0.05328042078125006,4.75921630859375
162,0.053711718632812433,4.66766357421875
163,0.053881959218750053,4.69329833984375
164,0.054310978515625052,4.78363037109375
165,0.054480893593749968,5.0445556640625
166,0.054912516953125046,4.9200439453125
167,0.055080153476562588,4.93133544921875
168,0.055511451328124961,5.04638671875
169,0.055681691914062581,5.26214599609375
170,0.056110385703124876,5.17425537109375
171,0.056280626289062496,5.24993896484375
172,0.05671192414062487,5.26580810546875
173,0.05688216472656249,5.51727294921875
174,0.057311184023437489,5.406494140625
175,0.057481099101562405,5.65185546875
176,0.057912722460937482,5.51513671875
177,0.058082637539062398,5.8050537109375
178,0.058511656835937398,5.68695068359375
179,0.058681897421875018,6.03118896484375
180,0.059113195273437391,5.82305908203125
181,0.059283435859375011,6.05743408203125
182,0.059681531914062447,5.9588623046875
183,0.059877162109374993,6.44775390625
184,0.060262563359374965,6.09283447265625
185,0.060478700546874986,6.378173828125
186,0.060864101796874959,6.22222900390625
187,0.061031738320312501,6.8194580078125
188,0.061463361679687578,6.3763427734375
189,0.061633276757812494,6.69403076171875
190,0.062062296054687494,6.5325927734375
191,0.062265738437500051,7.21405029296875
192,0.062663834492187487,6.68182373046875
193,0.062834075078125107,6.865234375
194,0.063262768867187624,6.81396484375
195,0.0634330094531248,7.74658203125
196,0.063864307304687618,6.87652587890625
197,0.064031943828124938,7.17010498046875
198,0.064463567187500015,6.9744873046875
199,0.064633482265624931,8.35723876953125
200,0.065065105625000008,7.12738037109375
201,0.065232416640625068,7.69500732421875
202,0.065664040000000146,7.30743408203125
203,0.065834280585937321,8.8739013671875
204,0.066262974374999839,7.574462890625
205,0.066433214960937459,8.389892578125
206,0.066831311015624895,7.7325439453125
207,0.067034753398437452,8.929443359375
208,0.067422758710937281,8.02001953125
209,0.06763368777343759,8.78753662109375
210,0.068034387890624881,8.19000244140625
211,0.06822546097656268,8.85711669921875
212,0.068615744843750104,8.47442626953125
213,0.068740739843749843,9.04815673828125
214,0.069158366367187529,8.70635986328125
215,0.069219887343749953,8.76312255859375
216,0.069471830390624767,9.22760009765625
217,0.069692199179687275,8.546142578125
218,0.069813613593749935,9.02069091796875
219,0.069834771601562373,9.21875
220,0.069872530507812503,8.26568603515625
curve_id,31
index,Z indent (µm),Force indent (µN)
0,0,0.67230224609375
1,0.00059893437500013746,0.6573486328125
2,0.0012004728125001307,0.6524658203125
3,0.0017994071875000461,0.6585693359375
4,0.0024012711328125214,0.66986083984375
5,0.0030102962500000441,0.7275390625
6,0.0035991398828125742,0.73944091796875
7,0.0041674765234376299,0.74127197265625
8,0.0047996126953124829,0.7354736328125
9,0.0054011511328126982,0.7269287109375
10,0.0059515848437501351,0.7696533203125
11,0.0065508447265625325,0.78460693359375
12,0.0071523831640625257,0.82916259765625
13,0.0077513175390626632,0.84014892578125
14,0.0083502519140625786,0.8245849609375
15,0.0089517903515625719,0.8392333984375
16,0.0095510502343751913,0.84228515625
17,0.010152588671875185,0.8868408203125
18,0.0107515230468751,0.90606689453125
19,0.010962452109375187,0.6878662109375
20,0.011353061484375093,0.93536376953125
21,0.01156399054687518,0.718994140625
22,0.011951995859375009,0.92529296875
23,0.0121606463671875,0.71044921875
24,0.012551255742187628,0.92926025390625
25,0.012756976679687559,0.7318115234375
26,0.013152794179687621,0.94879150390625
27,0.013314897070312526,0.73699951171875
28,0.013718526757812599,0.98052978515625
29,0.013914156953125145,0.77728271484375
30,0.014304766328125051,1.03515625
31,0.014513091328125061,0.83251953125
32,0.014903700703125189,1.04888916015625
33,0.015114629765625054,0.86700439453125
34,0.015502635078125104,1.0638427734375
35,0.015713564140625191,0.89080810546875
36,0.016104173515625098,1.0650634765625
37,0.016325518828125052,0.88470458984375
38,0.016703107890625013,1.0833740234375
39,0.016914362460937582,0.894775390625
40,0.017302367773437632,1.13372802734375
41,0.017515900898437575,0.9210205078125
42,0.017903906210937626,1.18438720703125
43,0.018114835273437491,0.97625732421875
44,0.018502840585937541,1.22222900390625
45,0.018713769648437628,1.01959228515625
46,0.019104379023437534,1.240234375
47,0.019315308085937621,1.0382080078125
48,0.019703313398437672,1.24664306640625
49,0.019914567968750019,1.05499267578125
50,0.020305177343750147,1.280517578125
51,0.020513502343750156,1.0443115234375
52,0.020904111718750062,1.30615234375
53,0.021109832656249994,1.08123779296875
54,0.0215030460937502,1.357421875
55,0.021668078554687664,1.151123046875
56,0.022071382734375034,1.407470703125
57,0.022310630976562607,1.19415283203125
58,0.022667713046875093,1.42364501953125
59,0.022868551367187573,1.24298095703125
60,0.023264368867187635,1.4483642578125
61,0.023467485742187488,1.23504638671875
62,0.023855491054687539,1.47247314453125
63,0.024069024179687704,1.273193359375
64,0.024454750937500158,1.512451171875
65,0.024665680000000023,1.28875732421875
66,0.025056289375000151,1.5496826171875
67,0.025277309179687624,1.3446044921875
68,0.025655223750000067,1.614990234375
69,0.02581244402343752,1.40655517578125
70,0.026254158125000204,1.6357421875
71,0.026467691250000147,1.44622802734375
72,0.026855696562500198,1.6650390625
73,0.02706922968750014,1.50482177734375
74,0.027454956445312595,1.6717529296875
75,0.027668489570312538,1.4886474609375
76,0.028056494882812588,1.7132568359375
77,0.028270028007812531,1.5399169921875
78,0.028655429257812504,1.767578125
79,0.028868962382812668,1.5875244140625
80,0.029256967695312497,1.820068359375
81,0.029465292695312506,1.65924072265625
82,0.029855902070312634,1.87286376953125
83,0.030018330468750021,1.722412109375
84,0.03042423871093769,1.88262939453125
85,0.030617264843750158,1.7340087890625
86,0.031023173085937605,1.9085693359375
87,0.031218803281250151,1.773681640625
88,0.031622432968750003,1.95587158203125
89,0.031818063164062549,1.79473876953125
90,0.032216159218749985,2.00164794921875
91,0.032419601601562542,1.8450927734375
92,0.032807606914062593,2.08465576171875
93,0.03301853597656268,1.9384765625
94,0.033406541289062508,2.14874267578125
95,0.033617470351562595,1.9757080078125
96,0.034008079726562501,2.17987060546875
97,0.034229425039062678,2.064208984375
98,0.034607339609375121,2.21343994140625
99,0.034818268671874986,2.0611572265625
100,0.035206273984375036,2.24609375
101,0.035419807109375201,2.13226318359375
102,0.035807812421875029,2.32452392578125
103,0.036013533359375183,2.171630859375
104,0.036406746796875167,2.3773193359375
105,0.036617675859375032,2.24822998046875
106,0.03700828523437516,2.4639892578125
107,0.037216935742187651,2.344970703125
108,0.037607545117187557,2.5067138671875
109,0.037818474179687644,2.39227294921875
110,0.038209083554687551,2.56072998046875
111,0.038368582382812599,2.46124267578125
112,0.038774816132812528,2.5970458984375
113,0.038970446328125075,2.46978759765625
114,0.039376354570312522,2.664794921875
115,0.039612998750000017,2.56866455078125
116,0.039967476757812648,2.75482177734375
117,0.040170919140625205,2.6165771484375
118,0.040566736640625045,2.8240966796875
119,0.040769853515625121,2.735595703125
120,0.041157858828125171,2.89642333984375
121,0.041371391953125114,2.77587890625
122,0.041759397265625164,2.9376220703125
123,0.041980742578125119,2.8692626953125
124,0.042358657148437562,2.99835205078125
125,0.042569586210937649,2.87628173828125
126,0.042960195585937555,3.065185546875
127,0.043181215390625027,2.9998779296875
128,0.043559129960937693,3.13018798828125
129,0.043770059023437557,3.02398681640625
130,0.044158064335937608,3.24310302734375
131,0.044371597460937551,3.20220947265625
132,0.044759602773437601,3.27484130859375
133,0.04497085734375017,3.21746826171875
134,0.045358862656249999,3.34136962890625
135,0.045572395781250163,3.3380126953125
136,0.045960401093749992,3.4051513671875
137,0.046181420898437686,3.35723876953125
138,0.046559335468750129,3.4521484375
139,0.046770264531249994,3.45733642578125
140,0.047125068046875107,3.57666015625
141,0.04736431628906268,3.551025390625
142,0.047759808281250038,3.64959716796875
143,0.047932652929687514,3.65753173828125
144,0.048310241992187697,3.7554931640625
145,0.04852377511718764,3.7939453125
146,0.048919592617187702,3.81500244140625
147,0.049122709492187555,3.839111328125
148,0.049511040312500088,3.88092041015625
149,0.049721969375000175,3.9801025390625
150,0.050109974687500003,3.988037109375
151,0.050323507812500168,3.98681640625
152,0.050711513124999996,4.06829833984375
153,0.050932858437500172,4.18853759765625
154,0.051310447500000134,4.19586181640625
155,0.051523980625000076,4.1815185546875
156,0.051911985937500127,4.3048095703125
157,0.052133331250000081,4.4610595703125
158,0.052511245820312524,4.4140625
159,0.052722174882812611,4.43145751953125
160,0.053110180195312662,4.49188232421875
161,0.053323713320312605,4.68841552734375
162,0.053711718632812655,4.58343505859375
163,0.053925251757812598,4.617919921875
164,0.05431065300781257,4.7247314453125
165,0.054524186132812513,4.9151611328125
166,0.054912191445312564,4.8248291015625
167,0.055120841953125055,4.89227294921875
168,0.055477924023437541,4.9835205078125
169,0.055722380390625048,5.22491455078125
170,0.056077183906250161,5.08209228515625
171,0.056318710703125108,5.205078125
172,0.056711924140625092,5.19561767578125
173,0.056917645078125023,5.4803466796875
174,0.057262357851562529,5.30364990234375
175,0.057473286914062616,5.5267333984375
176,0.057873987031250129,5.4290771484375
177,0.058074825351562609,5.7171630859375
178,0.058462830664062659,5.59326171875
179,0.058684175976562614,5.9088134765625
180,0.059061765039062575,5.7232666015625
181,0.059275298164062518,6.0321044921875
182,0.059663303476562568,5.86273193359375
183,0.059884648789062522,6.36505126953125
184,0.060262563359375187,6.0186767578125
185,0.06047609648437513,6.3287353515625
186,0.060864101796875181,6.09130859375
187,0.061085121601562653,6.77490234375
188,0.061463036171875096,6.30462646484375
189,0.061673965234375183,6.59881591796875
190,0.062069782734375023,6.4141845703125
191,0.062275503671875176,7.0556640625
192,0.062663508984375005,6.60400390625
193,0.062884854296875181,6.8389892578125
194,0.063262768867187624,6.7401123046875
195,0.063473697929687489,7.62969970703125
196,0.063874398046875225,6.8206787109375
197,0.06408532710937509,7.110595703125
198,0.064463241679687755,6.91619873046875
199,0.064668962617187464,8.1585693359375
200,0.065028974257812511,7.00286865234375
201,0.065268222500000306,7.574462890625
202,0.065623026015625197,7.20062255859375
203,0.065836559140624917,8.76190185546875
204,0.066214148203124878,7.3980712890625
205,0.066435493515625055,8.1817626953125
206,0.06681340808593772,7.62237548828125
207,0.067026941210937441,8.875732421875
208,0.067422433203125021,7.81219482421875
209,0.067623271523437722,8.48876953125
210,0.068021367578125158,8.04443359375
211,0.068218625312499892,8.8116455078125
212,0.068623231523437411,8.284912109375
213,0.068744971445312775,8.7969970703125
214,0.069157389843750305,8.61602783203125
215,0.069214353710937537,8.5479736328125
216,0.069487780273437494,9.0997314453125
217,0.069714659218750086,8.45428466796875
218,0.069821100273437686,8.8079833984375
219,0.069846489882812612,9.228515625
220,0.069882295742187406,8.17230224609375
221,0.06988262125000011,7.994384765625
curve_id,32
index,Z indent (µm),Force indent (µN)
0,0,0.65643310546875
1,0.00060153843749999325,0.673828125
2,0.0011597843359374416,0.6732177734375
3,0.001802011250000124,0.66802978515625
4,0.0023576530859374945,0.66497802734375
5,0.0029517048437499582,0.7025146484375
6,0.0035506392187500957,0.72540283203125
7,0.0041495735937500111,0.76019287109375
8,0.0047511120312500044,0.7501220703125
9,0.0053526504687499976,0.74371337890625
10,0.0059519103515626171,0.76202392578125
11,0.0065508447265625325,0.76812744140625
12,0.0071523831640625257,0.83465576171875
13,0.0077513175390624411,0.8477783203125
14,0.0083528559765626564,0.863037109375
15,0.0089521158593750538,0.86639404296875
16,0.0095510502343749692,0.85662841796875
17,0.010152588671874963,0.872802734375
18,0.010705626445312477,0.8941650390625
19,0.011304560820312615,0.9423828125
20,0.011549668203125085,0.69061279296875
21,0.01190349519531253,0.94940185546875
22,0.012148602578125001,0.71380615234375
23,0.012502429570312446,0.94390869140625
24,0.012747536953125138,0.7220458984375
25,0.013103968007812439,0.94879150390625
26,0.013344192773437458,0.7318115234375
27,0.013705831953125136,0.96282958984375
28,0.013899509101562568,0.74554443359375
29,0.014302162265624974,1.0076904296875
30,0.014539457460937655,0.76873779296875
31,0.014903700703124967,1.033935546875
32,0.015100307421874959,0.8392333984375
33,0.015502635078125104,1.05926513671875
34,0.015699241796875096,0.8795166015625
35,0.016104173515625098,1.0748291015625
36,0.016295572109375156,0.88165283203125
37,0.016706037460937573,1.0687255859375
38,0.016899714609375005,0.88653564453125
39,0.017304971835937488,1.12213134765625
40,0.017498648984375142,0.89385986328125
41,0.017903906210937626,1.1395263671875
42,0.018100512929687618,0.9344482421875
43,0.018461826601562592,1.2054443359375
44,0.018699447304687533,0.982666015625
45,0.019063690546875067,1.24053955078125
46,0.019298381679687449,1.02508544921875
47,0.019657416796875049,1.2518310546875
48,0.019899920117187442,1.04766845703125
49,0.020253747109375109,1.27197265625
50,0.020501458554687657,1.04736328125
51,0.020855611054687584,1.28173828125
52,0.021100718437500054,1.06781005859375
53,0.021454545429687499,1.32843017578125
54,0.02169965281249997,1.1041259765625
55,0.022053479804687637,1.3751220703125
56,0.02229598312500003,1.17034912109375
57,0.02265501824218763,1.42425537109375
58,0.022894917499999945,1.21002197265625
59,0.023253952617187545,1.45263671875
60,0.023450559335937537,1.236572265625
61,0.023858095117187617,1.475830078125
62,0.024052097773437531,1.26617431640625
63,0.024454750937500158,1.48681640625
64,0.024651032148437446,1.26678466796875
65,0.025056289375000151,1.52557373046875
66,0.025252896093750143,1.29913330078125
67,0.025655223750000067,1.57073974609375
68,0.025851830468750059,1.3580322265625
69,0.026218352265624967,1.63055419921875
70,0.026450764843749974,1.41510009765625
71,0.026860904687500131,1.654052734375
72,0.027052303281249968,1.47979736328125
73,0.027454956445312595,1.68243408203125
74,0.027651237656250105,1.4788818359375
75,0.02800799421875011,1.68914794921875
76,0.02825310160156258,1.51275634765625
77,0.028606928593750025,1.74041748046875
78,0.028852035976562496,1.54998779296875
79,0.029208467031250018,1.7828369140625
80,0.029450970351562633,1.6107177734375
81,0.029807401406250156,1.84783935546875
82,0.030052508789062626,1.67816162109375
83,0.030406335781250071,1.89117431640625
84,0.030651443164062542,1.70684814453125
85,0.031005595664062469,1.91314697265625
86,0.031252981601562535,1.7535400390625
87,0.031607134101562462,1.93572998046875
88,0.031841825234375065,1.7584228515625
89,0.032208672539062455,1.97479248046875
90,0.032443363671875058,1.8182373046875
91,0.032807606914062593,2.04925537109375
92,0.032952783398437546,1.8719482421875
93,0.03304750617187513,1.942138671875
94,0.033406541289062508,2.105712890625
95,0.034008079726562501,2.1820068359375
96,0.034607339609375121,2.1990966796875
97,0.035208878046875114,2.2467041015625
98,0.035764194375000002,2.2650146484375
99,0.036366058320312478,2.34619140625
100,0.036549644726562525,2.18719482421875
101,0.036959784570312459,2.4151611328125
102,0.037204891953125152,2.301025390625
103,0.037561323007812453,2.481689453125
104,0.037803826328125067,2.354736328125
105,0.038157978828124994,2.5372314453125
106,0.038405364765625061,2.41668701171875
107,0.038759517265624988,2.5750732421875
108,0.039004624648437458,2.45452880859375
109,0.039361055703124981,2.61474609375
110,0.039603559023437596,2.49542236328125
111,0.039959990078125118,2.7001953125
112,0.040202493398437511,2.59002685546875
113,0.040558924453125034,2.767333984375
114,0.040755531171875026,2.64617919921875
115,0.041158184335937653,2.86834716796875
116,0.041351861484375085,2.7734375
117,0.041759722773437646,2.91473388671875
118,0.041994413906250028,2.78045654296875
119,0.04236126121093764,2.962646484375
120,0.042554938359375072,2.884521484375
121,0.042960195585937555,3.03070068359375
122,0.043156802304687547,2.88482666015625
123,0.04355912996093747,3.07952880859375
124,0.043755736679687462,3.02642822265625
125,0.044160668398437464,3.18817138671875
126,0.0443546710546876,3.06488037109375
127,0.044759928281250083,3.24462890625
128,0.044953605429687515,3.223876953125
129,0.045315244609374972,3.3233642578125
130,0.045555143867187509,3.23577880859375
131,0.045911900429687513,3.35113525390625
132,0.046157007812499984,3.35113525390625
133,0.046510834804687651,3.4295654296875
134,0.046750734062499966,3.36883544921875
135,0.047112373242187644,3.49884033203125
136,0.047352272499999959,3.499755859375
137,0.047711307617187559,3.59039306640625
138,0.04795641500000003,3.57421875
139,0.048310241992187475,3.70697021484375
140,0.048555349374999945,3.7127685546875
141,0.04891210593749995,3.768310546875
142,0.049157213320312643,3.80584716796875
143,0.049511040312500088,3.84918212890625
144,0.049756147695312558,3.8555908203125
145,0.050112578750000081,3.91082763671875
146,0.050306581406249995,3.997802734375
147,0.050711513124999996,3.99261474609375
148,0.050908119843749988,4.00543212890625
149,0.051310447500000134,4.1278076171875
150,0.051507054218750126,4.2352294921875
151,0.051912311445312609,4.20074462890625
152,0.052105988593750041,4.22637939453125
153,0.052511245820312524,4.33837890625
154,0.052707527031250034,4.49951171875
155,0.053112784257812518,4.43206787109375
156,0.053306786914062654,4.44732666015625
157,0.053714322695312511,4.490966796875
158,0.053908325351562647,4.69879150390625
159,0.054262152343750092,4.642333984375
160,0.054507259726562562,4.64111328125
161,0.054863690781250085,4.71405029296875
162,0.055108798164062556,4.990234375
163,0.055462625156250001,4.89288330078125
164,0.055707732539062471,4.90325927734375
165,0.05606188503906262,5.003662109375
166,0.056304388359375013,5.296630859375
167,0.056663423476562613,5.08392333984375
168,0.056908530859375084,5.21575927734375
169,0.057262357851562529,5.247802734375
170,0.057507465234374999,5.518798828125
171,0.057863896289062522,5.32745361328125
172,0.058103795546875059,5.5401611328125
173,0.058462830664062659,5.45562744140625
174,0.05870793804687513,5.77789306640625
175,0.059062090546875057,5.634765625
176,0.059258371757812567,5.933837890625
177,0.05966362898437505,5.7513427734375
178,0.059898320117187653,6.11968994140625
179,0.060262563359374965,5.87890625
180,0.060459170078124957,6.37847900390625
181,0.060864101796874959,6.063232421875
182,0.061058104453125095,6.3690185546875
183,0.061463036171875096,6.1370849609375
184,0.061659642890625088,6.81060791015625
185,0.062064574609375089,6.30157470703125
186,0.062261181328125081,6.62689208984375
187,0.062663834492187487,6.483154296875
188,0.062860115703124997,7.13043212890625
189,0.063214268203125146,6.61102294921875
190,0.063459375585937616,6.86859130859375
191,0.063815806640625139,6.78680419921875
192,0.064060914023437387,7.7130126953125
193,0.06441734507812491,6.8194580078125
194,0.064659848398437525,7.103271484375
195,0.065013675390625192,6.93389892578125
196,0.065261386835937518,8.270263671875
197,0.065615213828125185,7.056884765625
198,0.065860321210937656,7.578125
199,0.066216752265625178,7.2125244140625
200,0.066459255585937349,8.91693115234375
201,0.066816012148437576,7.46978759765625
202,0.067061119531250046,8.131103515625
203,0.067414946523437713,7.646484375
204,0.067660053906250184,8.9837646484375
205,0.068013880898437407,7.8375244140625
206,0.06825150160156257,8.4783935546875
207,0.0686154193359374,8.140869140625
208,0.068800958789062339,8.9447021484375
209,0.069216957773437393,8.2635498046875
210,0.069354973085937743,8.75762939453125
211,0.0697442804296875,8.71551513671875
212,0.069816217656250235,8.65020751953125
213,0.070071415781249868,9.1241455078125
214,0.07030122429687502,8.516845703125
215,0.070415152031249928,8.8385009765625
216,0.070435008007812439,9.2425537109375
217,0.070474068945312496,9.21875
curve_id,33
index,Z indent (µm),Force indent (µN)
0,0,0.67413330078125
1,0.00060153843749999325,0.68115234375
2,0.0012004728124999087,0.69091796875
3,0.0017994071875000461,0.6817626953125
4,0.0024009456250000394,0.6781005859375
5,0.0030002055078124368,0.7196044921875
6,0.00360174394531243,0.74554443359375
7,0.0042006783203123454,0.7720947265625
8,0.0047690149609374011,0.77606201171875
9,0.0053679493359375385,0.77117919921875
10,0.005951584843749913,0.78033447265625
11,0.0065531232812499063,0.7965087890625
12,0.0071520576562500437,0.84442138671875
13,0.0077513175390624411,0.8782958984375
14,0.0083528559765624344,0.88958740234375
15,0.0089517903515623498,0.880126953125
16,0.0095533287890623431,0.8746337890625
17,0.0097251969140623729,0.66558837890625
18,0.010152263164062481,0.909423828125
19,0.010326735351562366,0.66162109375
20,0.010751523046874878,0.92010498046875
21,0.010925995234374986,0.67779541015625
22,0.011353061484374871,0.975341796875
23,0.011527533671874979,0.66314697265625
24,0.011951995859375009,0.97503662109375
25,0.012126468046874894,0.68450927734375
26,0.012553534296875002,0.98663330078125
27,0.012728006484374887,0.72723388671875
28,0.013152468671874917,0.9820556640625
29,0.013326940859375025,0.77301025390625
30,0.013754332617187393,0.99151611328125
31,0.013926200742187422,0.7958984375
32,0.01435326699218753,1.04949951171875
33,0.014527739179687416,0.804443359375
34,0.014952201367187445,1.0723876953125
35,0.015078172890624852,0.81817626953125
36,0.01550523914062496,1.1151123046875
37,0.015710309062499928,0.841064453125
38,0.016104173515624876,1.1187744140625
39,0.016278645703124983,0.87982177734375
40,0.016703107890625013,1.12335205078125
41,0.016877580078124899,0.92926025390625
42,0.017304646328125006,1.14776611328125
43,0.017476839960937518,0.9698486328125
44,0.017903906210937404,1.1822509765625
45,0.018078378398437511,0.98297119140625
46,0.018505444648437397,1.24176025390625
47,0.018679916835937505,0.98480224609375
48,0.019104379023437534,1.26861572265625
49,0.01927885121093742,1.00189208984375
50,0.01970331339843745,1.278076171875
51,0.019877785585937335,1.048583984375
52,0.020304851835937443,1.2969970703125
53,0.020479324023437329,1.0906982421875
54,0.02090411171874984,1.3104248046875
55,0.021078583906249948,1.15447998046875
56,0.021505650156249834,1.373291015625
57,0.021680122343749941,1.162109375
58,0.022104584531249971,1.402587890625
59,0.022279056718749857,1.1749267578125
60,0.022672921171875027,1.473388671875
61,0.022877991093749994,1.18804931640625
62,0.023271855546874942,1.485595703125
63,0.023479529531249987,1.231689453125
64,0.023906595781249873,1.49383544921875
65,0.024029963242187424,1.2896728515625
66,0.024457029492187532,1.53228759765625
67,0.02462889761718734,1.3397216796875
68,0.025056289374999929,1.5484619140625
69,0.025261359296874897,1.37176513671875
70,0.025655223749999845,1.624755859375
71,0.025829695937499952,1.37664794921875
72,0.026256762187499838,1.65252685546875
73,0.026364505273437366,1.40716552734375
74,0.026855696562499975,1.6912841796875
75,0.027030168749999861,1.44378662109375
76,0.027457234999999969,1.6986083984375
77,0.027631707187499854,1.52099609375
78,0.028056494882812366,1.72210693359375
79,0.028230967070312474,1.58111572265625
80,0.028655429257812504,1.7767333984375
81,0.028829901445312389,1.62078857421875
82,0.029256967695312497,1.8341064453125
83,0.029431439882812382,1.63421630859375
84,0.029855902070312412,1.8829345703125
85,0.03003037425781252,1.67022705078125
86,0.030457440507812406,1.92047119140625
87,0.030631912695312513,1.7047119140625
88,0.031056700390625025,1.93206787109375
89,0.031231172578124911,1.78985595703125
90,0.031658238828125018,1.98150634765625
91,0.031830106953125048,1.83013916015625
92,0.032223971406249996,2.02301025390625
93,0.032418950585937356,1.90887451171875
94,0.032858711640624927,2.108154296875
95,0.033017884960937494,1.90185546875
96,0.033419236093749971,2.1588134765625
97,0.033616819335937409,1.95648193359375
98,0.034008079726562501,2.200927734375
99,0.034182551914062387,1.98944091796875
100,0.034609618164062494,2.24090576171875
101,0.034781486289062524,2.0849609375
102,0.03520855253906241,2.2601318359375
103,0.035383024726562518,2.1612548828125
104,0.035807812421875029,2.3443603515625
105,0.035982284609374915,2.21588134765625
106,0.036409350859375023,2.3785400390625
107,0.036568524179687367,2.264404296875
108,0.037008285234374938,2.49359130859375
109,0.037182757421875046,2.29583740234375
110,0.037607219609374853,2.5250244140625
111,0.037784295859375039,2.35626220703125
112,0.038208758046874847,2.57476806640625
113,0.038383230234374954,2.43011474609375
114,0.038808017929687466,2.62054443359375
115,0.038982490117187352,2.5238037109375
116,0.039409556367187459,2.674560546875
117,0.039584028554687345,2.58148193359375
118,0.040008490742187375,2.76214599609375
119,0.040182962929687482,2.64801025390625
120,0.040610029179687368,2.838134765625
121,0.040781897304687398,2.67791748046875
122,0.041175761757812346,2.8985595703125
123,0.041373345000000006,2.7587890625
124,0.041777300195312339,2.9541015625
125,0.041967071249999988,2.8125
126,0.042373956015624881,2.998046875
127,0.042571213749999837,2.945556640625
128,0.042960195585937333,3.06610107421875
129,0.043134667773437441,2.98126220703125
130,0.043561734023437548,3.14727783203125
131,0.043733602148437356,3.10943603515625
132,0.044160668398437464,3.23516845703125
133,0.044335140585937349,3.09722900390625
134,0.044759602773437379,3.292236328125
135,0.044934074960937487,3.22540283203125
136,0.045361141210937372,3.338623046875
137,0.04553561339843748,3.25531005859375
138,0.045960401093749992,3.4112548828125
139,0.046134873281249877,3.4039306640625
140,0.046561939531249985,3.46405029296875
141,0.046733807656250015,3.48297119140625
142,0.047160873906249901,3.575439453125
143,0.047335346093750008,3.5687255859375
144,0.047759808281250038,3.6602783203125
145,0.047934280468749924,3.65264892578125
146,0.048535818906249917,3.702392578125
147,0.048911780429687468,3.756103515625
148,0.049027010195312526,3.8214111328125
149,0.049135078789062536,3.82232666015625
150,0.049562145039062422,3.8848876953125
151,0.049734013164062452,3.90167236328125
152,0.050161079414062337,3.98223876953125
153,0.050320252734374904,4.07684326171875
154,0.050762617851562331,4.08294677734375
155,0.050916583046874964,4.1131591796875
156,0.051323142304687375,4.18792724609375
157,0.051484919687500019,4.28802490234375
158,0.051911985937499905,4.310302734375
159,0.052086458125000012,4.2718505859375
160,0.052513524374999898,4.40338134765625
161,0.052685392499999928,4.51873779296875
162,0.053112458750000036,4.49249267578125
163,0.053286930937499921,4.47540283203125
164,0.053711718632812433,4.59197998046875
165,0.053886190820312541,4.8095703125
166,0.054313257070312426,4.71038818359375
167,0.054487729257812534,4.75311279296875
168,0.054912191445312342,4.85504150390625
169,0.055086663632812449,5.072021484375
170,0.055513729882812335,4.96551513671875
171,0.055685598007812365,4.98504638671875
172,0.056112664257812472,5.081787109375
173,0.056287136445312358,5.28228759765625
174,0.05671192414062487,5.18646240234375
175,0.056886396328124977,5.30609130859375
176,0.057313462578124863,5.29815673828125
177,0.057487934765624971,5.58319091796875
178,0.057912396953125,5.45379638671875
179,0.058086869140624886,5.67779541015625
180,0.058513935390624994,5.589599609375
181,0.058685803515625024,5.865478515625
182,0.059112869765624909,5.731201171875
183,0.059274647148437332,6.0614013671875
184,0.059681206406249965,5.858154296875
185,0.059837775664062454,6.10595703125
186,0.060280466289062362,5.98663330078125
187,0.060470237343750011,6.49200439453125
188,0.060884608789062433,6.119384765625
189,0.061038573984374844,6.41876220703125
190,0.061465640234374952,6.26800537109375
191,0.061637508359374982,6.85638427734375
192,0.062064574609374867,6.44439697265625
193,0.062239046796874975,6.70989990234375
194,0.062663508984375005,6.583251953125
195,0.06283798117187489,7.24639892578125
196,0.063265047421874776,6.71600341796875
197,0.063439519609374884,6.90093994140625
198,0.063864307304687618,6.8243408203125
199,0.064038779492187281,7.75115966796875
200,0.064465845742187611,6.8939208984375
201,0.064640317929687274,7.237548828125
202,0.065064780117187304,7.02362060546875
203,0.065239252304687412,8.363037109375
204,0.065663714492187442,7.1746826171875
205,0.065838186679687549,7.77587890625
206,0.066265252929687435,7.39654541015625
207,0.066439725117187542,8.87939453125
208,0.066864512812499832,7.6214599609375
209,0.06703898499999994,8.43170166015625
210,0.067466051249999826,7.75360107421875
211,0.067637919375000077,9.01123046875
212,0.068064985624999963,8.04443359375
213,0.068239457812500071,8.7774658203125
214,0.068666524062499956,8.232421875
215,0.06881463011718747,8.96209716796875
216,0.069232256640625156,8.5296630859375
217,0.069266760468750022,9.06829833984375
218,0.069347811914062252,8.7738037109375
219,0.069831191015624849,8.79058837890625
220,0.070430450898437247,9.066162109375
221,0.070440867148437558,9.21875
222,0.070483834179687399,8.2781982421875
223,0.070484159687500103,8.13201904296875
curve_id,34
index,Z indent (µm),Force indent (µN)
0,0,0.654296875
1,0.00055043371093765892,0.68267822265625
2,0.0011008674218750958,0.66925048828125
3,0.0016509756250000507,0.7183837890625
4,0.0021988052734376318,0.7073974609375
5,0.0027492389843750686,0.75927734375
6,0.0032996726953125055,0.73272705078125
7,0.0038501064062501644,0.7855224609375
8,0.0044005401171876013,0.792236328125
9,0.0045818479687500524,0.66070556640625
10,0.0049509738281250382,0.78765869140625
11,0.0051322816796877113,0.69671630859375
12,0.005460393554687526,0.85205078125
13,0.0056827153906251482,0.67962646484375
14,0.006051515742187652,0.84259033203125
15,0.0062227328515627178,0.75225830078125
16,0.0065557273437502062,0.9075927734375
17,0.0067321525781252056,0.7281494140625
18,0.0071012784375001914,0.880126953125
19,0.0072825862890626425,0.777587890625
20,0.0076513866406251463,0.93658447265625
21,0.0078330200000000794,0.77545166015625
22,0.0082018203515625832,0.95062255859375
23,0.0083834537109375162,0.8563232421875
24,0.00875225406250002,0.96527099609375
25,0.0089338874218751751,0.855712890625
26,0.0093026877734376789,1.01470947265625
27,0.00948399562500013,0.87432861328125
28,0.009850517421875038,1.01226806640625
29,0.010034429335937567,0.928955078125
30,0.010400951132812697,1.07940673828125
31,0.010584863046875004,0.92071533203125
32,0.010951384843750134,1.053466796875
33,0.011132692695312585,0.9820556640625
34,0.011501493046875089,1.13006591796875
35,0.011683126406250022,0.96832275390625
36,0.012051926757812526,1.1431884765625
37,0.012233560117187681,1.044921875
38,0.012602360468750184,1.18255615234375
39,0.012783993828125118,1.04248046875
40,0.013152794179687621,1.21551513671875
41,0.013334102031250072,1.07513427734375
42,0.013703227890625058,1.23931884765625
43,0.013881931679687654,1.13433837890625
44,0.014212647617187546,1.2982177734375
45,0.01443236539062509,1.14471435546875
46,0.014803769804687672,1.28997802734375
47,0.014977590976562594,1.20391845703125
48,0.01531318953125016,1.357421875
49,0.015528024687500031,1.18865966796875
50,0.015853532500000211,1.3653564453125
51,0.016073250273437534,1.28936767578125
52,0.016406244765625022,1.4154052734375
53,0.016623683984375193,1.26983642578125
54,0.016954074414062603,1.435546875
55,0.017135707773437536,1.328125
56,0.01750450812500004,1.49139404296875
57,0.017686141484375195,1.35772705078125
58,0.018052337773437621,1.5423583984375
59,0.018236575195312632,1.4031982421875
60,0.018602771484375058,1.54296875
61,0.018784404843750213,1.44805908203125
62,0.019153205195312717,1.61407470703125
63,0.019334513046875168,1.46728515625
64,0.019703638906250154,1.62322998046875
65,0.019884946757812605,1.56402587890625
66,0.020253747109375109,1.683349609375
67,0.020435380468750042,1.54937744140625
68,0.020804180820312546,1.69891357421875
69,0.020985814179687701,1.6229248046875
70,0.021354614531250204,1.7486572265625
71,0.021536247890625138,1.64947509765625
72,0.021905048242187641,1.8109130859375
73,0.022086681601562574,1.7144775390625
74,0.022455481953125078,1.8157958984375
75,0.022636789804687529,1.728515625
76,0.022964901679687566,1.89453125
77,0.02318461945312511,1.781005859375
78,0.023512731328125147,1.904296875
79,0.023732449101562691,1.84967041015625
80,0.024103853515625051,1.98089599609375
81,0.024236986210937506,1.87469482421875
82,0.024605786562500009,1.99371337890625
83,0.024787094414062683,1.94732666015625
84,0.025156220273437668,2.0721435546875
85,0.025337528125000119,1.96441650390625
86,0.025706328476562623,2.127685546875
87,0.02592637175781265,2.0703125
88,0.026254158125000204,2.1502685546875
89,0.026438395546875215,2.08831787109375
90,0.026804591835937641,2.230224609375
91,0.026986225195312574,2.16156005859375
92,0.027355025546875078,2.252197265625
93,0.027536658906250011,2.2149658203125
94,0.027905459257812515,2.35687255859375
95,0.02808709261718767,2.266845703125
96,0.028455892968750174,2.362060546875
97,0.028637200820312625,2.34527587890625
98,0.029006326679687611,2.4591064453125
99,0.029187634531250062,2.3651123046875
100,0.029556434882812566,2.5079345703125
101,0.029738068242187721,2.48504638671875
102,0.030106868593750002,2.572021484375
103,0.030288501953125158,2.49481201171875
104,0.030657302304687661,2.63763427734375
105,0.030838935664062594,2.59002685546875
106,0.031207736015625098,2.696533203125
107,0.031389043867187549,2.63641357421875
108,0.031717155742187586,2.78167724609375
109,0.03193687351562513,2.69805908203125
110,0.032305999375000116,2.803955078125
111,0.032482424609375116,2.78778076171875
112,0.032818023164062682,2.91412353515625
113,0.033027650195312619,2.81097412109375
114,0.033360644687500107,2.95013427734375
115,0.033539673984375185,2.933349609375
116,0.033908474335937688,3.0267333984375
117,0.034128192109375011,2.9400634765625
118,0.034456303984375047,3.087158203125
119,0.034640215898437576,3.065185546875
120,0.035006737695312706,3.145751953125
121,0.035188045546875157,3.10882568359375
122,0.035556845898437661,3.24493408203125
123,0.035738479257812594,3.19854736328125
124,0.036107279609375098,3.27484130859375
125,0.036288912968750031,3.280029296875
126,0.036657713320312535,3.369140625
127,0.03683934667968769,3.306884765625
128,0.037208147031250194,3.424072265625
129,0.037389454882812645,3.4588623046875
130,0.037758580742187631,3.50616455078125
131,0.037939888593750082,3.44451904296875
132,0.038308688945312586,3.5552978515625
133,0.038490322304687519,3.6279296875
134,0.038859122656250022,3.6517333984375
135,0.039040756015625178,3.6248779296875
136,0.039406952304687604,3.7432861328125
137,0.039591189726562614,3.78509521484375
138,0.03995738601562504,3.782958984375
139,0.040139019375000196,3.85498046875
140,0.040469409804687606,3.89984130859375
141,0.040684244960937699,3.8916015625
142,0.041058253437500136,3.93798828125
143,0.041237282734375214,4.12109375
144,0.041570277226562702,4.0655517578125
145,0.041779904257812639,4.0338134765625
146,0.042110294687500049,4.12750244140625
147,0.042291928046875205,4.3280029296875
148,0.042665936523437642,4.22821044921875
149,0.042839757695312564,4.24560546875
150,0.043211162109375145,4.32647705078125
151,0.043389865898437519,4.5135498046875
152,0.0437612703125001,4.4122314453125
153,0.043940299609375177,4.52606201171875
154,0.044309099960937681,4.559326171875
155,0.044490733320312614,4.62646484375
156,0.044859533671875118,4.60296630859375
157,0.045041167031250051,4.869384765625
158,0.045409967382812555,4.77813720703125
159,0.04559160074218771,4.7918701171875
160,0.045960401093750214,4.83642578125
161,0.046142034453125147,5.15045166015625
162,0.046510834804687651,4.97314453125
163,0.046692142656250102,5.029296875
164,0.047061268515625088,5.09857177734375
165,0.047242576367187539,5.38665771484375
166,0.047609098164062669,5.1873779296875
167,0.047793010078125198,5.39337158203125
168,0.048159206367187624,5.35400390625
169,0.048340839726562557,5.5438232421875
170,0.04870964007812506,5.4583740234375
171,0.04888606531250006,5.8404541015625
172,0.049260073789062719,5.601806640625
173,0.049439103085937575,5.7098388671875
174,0.049772097578125063,5.6884765625
175,0.049986932734375156,6.280517578125
176,0.050319927226562644,5.87158203125
177,0.050532158320312659,6.01104736328125
178,0.050862548750000069,5.9881591796875
179,0.051082592031250096,6.575927734375
180,0.051410378398437651,6.12518310546875
181,0.051633025742187533,6.48956298828125
182,0.051963416171875165,6.2982177734375
183,0.052142445468750021,6.73736572265625
184,0.052511245820312524,6.3946533203125
185,0.052692553671875197,6.93634033203125
186,0.053061679531250183,6.6046142578125
187,0.053242987382812634,6.84173583984375
188,0.053611787734375138,6.6607666015625
189,0.053793421093750071,7.442626953125
190,0.054162221445312575,6.8182373046875
191,0.054343854804687508,7.08465576171875
192,0.054712655156250012,6.8707275390625
193,0.054891684453125089,7.8997802734375
194,0.055263088867187671,7.00531005859375
195,0.055444396718750122,7.72308349609375
196,0.05581091851562503,7.1331787109375
197,0.055994830429687559,8.1732177734375
198,0.056361352226562689,7.2882080078125
199,0.05654266007812514,8.636474609375
200,0.056911785937500126,7.54150390625
201,0.057093093789062577,8.11553955078125
202,0.057461894140625303,7.6226806640625
203,0.057643527500000014,8.9935302734375
204,0.058012327851562739,7.96356201171875
205,0.05819396121093745,8.12530517578125
206,0.058524351640625083,8.03497314453125
207,0.058723236914062449,9.0557861328125
208,0.059072181289062664,8.38287353515625
209,0.059168857109374917,8.38348388671875
210,0.059514546406250313,8.7005615234375
211,0.05966362898437505,8.49456787109375
212,0.059812060546875268,8.98468017578125
213,0.060028848750000252,8.2708740234375
214,0.060164911015625266,9.244384765625
215,0.060167840585937826,8.81805419921875
216,0.060219921835937607,8.0078125
217,0.060221549375000238,8.35418701171875
curve_id,35
index,Z indent (µm),Force indent (µN)
0,0,0.69122314453125
1,0.0011005419140623918,0.706787109375
2,0.0016509756250000507,0.6951904296875
3,0.0022014093359374876,0.71044921875
4,0.0027518430468749244,0.73638916015625
5,0.0033022767578125833,0.73486328125
6,0.0038501064062499424,0.7867431640625
7,0.0044002146093748973,0.74798583984375
8,0.0049506483203125562,0.81329345703125
9,0.0055010820312499931,0.79498291015625
10,0.0060515157421874299,0.8447265625
11,0.0066019494531250889,0.84991455078125
12,0.0071523831640625257,0.86395263671875
13,0.0077024913671874806,0.91583251953125
14,0.0082096325390625946,0.87677001953125
15,0.00875225406250002,0.93841552734375
16,0.0093052918359375347,0.926513671875
17,0.0098531214843748938,0.9686279296875
18,0.010403229687500071,0.9625244140625
19,0.010953663398437508,0.9906005859375
20,0.011504097109374944,1.021728515625
21,0.012051926757812526,1.005859375
22,0.012602360468749962,1.07177734375
23,0.012847142343749951,0.68267822265625
24,0.013152794179687399,1.06231689453125
25,0.013397250546874906,0.66741943359375
26,0.013702902382812576,1.12762451171875
27,0.013945080195312487,0.6976318359375
28,0.014253336093750013,1.1260986328125
29,0.014495513906249924,0.7403564453125
30,0.01480376980468745,1.1572265625
31,0.015045947617187583,0.73516845703125
32,0.015354203515624887,1.1968994140625
33,0.01559638132812502,0.78826904296875
34,0.015904637226562546,1.19781494140625
35,0.016141606914062523,0.77056884765625
36,0.016455070937499983,1.25335693359375
37,0.016689436562500104,0.867919921875
38,0.017002900585937564,1.26373291015625
39,0.017237266210937463,0.84259033203125
40,0.017553008789062519,1.322021484375
41,0.017746685937499951,0.88836669921875
42,0.018054941835937477,1.30828857421875
43,0.018338133632812559,0.92315673828125
44,0.018605375546874914,1.36688232421875
45,0.018847553359375047,0.9332275390625
46,0.019155483750000091,1.3946533203125
47,0.019397661562500002,0.98175048828125
48,0.01970331339843745,1.41021728515625
49,0.019948095273437438,0.97198486328125
50,0.020253747109374887,1.4764404296875
51,0.020498528984375097,1.053466796875
52,0.020804180820312546,1.48773193359375
53,0.021048962695312534,1.04034423828125
54,0.021354614531249982,1.558837890625
55,0.021599396406249971,1.09405517578125
56,0.021905048242187419,1.54754638671875
57,0.022147226054687552,1.1395263671875
58,0.022455481953125078,1.607666015625
59,0.022697659765624989,1.16485595703125
60,0.023005590156250033,1.63543701171875
61,0.023247767968749944,1.2237548828125
62,0.02355602386718747,1.66900634765625
63,0.023798201679687603,1.2115478515625
64,0.024106457578124907,1.71295166015625
65,0.02434863539062504,1.31011962890625
66,0.024656891289062566,1.7291259765625
67,0.024899069101562477,1.29730224609375
68,0.025204720937499925,1.80633544921875
69,0.025446898750000058,1.36749267578125
70,0.02571674472656249,1.7919921875
71,0.025994728398437417,1.39068603515625
72,0.026261970312499994,1.875
73,0.026498939999999971,1.43890380859375
74,0.026814682578125026,1.89178466796875
75,0.027090387695312579,1.505126953125
76,0.027360233671875012,1.94366455078125
77,0.027599807421875067,1.50726318359375
78,0.027905459257812515,1.98333740234375
79,0.028150241132812504,1.611328125
80,0.028455892968749952,2.03155517578125
81,0.028700349335937458,1.59881591796875
82,0.029006001171874907,2.10693359375
83,0.029250783046874895,1.69219970703125
84,0.029556434882812566,2.1136474609375
85,0.029801216757812554,1.6973876953125
86,0.030106868593750002,2.1990966796875
87,0.030349046406249913,1.7852783203125
88,0.030657302304687439,2.21343994140625
89,0.030899480117187572,1.81793212890625
90,0.031207736015625098,2.2943115234375
91,0.031449913828125009,1.85760498046875
92,0.031757844218750053,2.31475830078125
93,0.032000022031249964,1.9390869140625
94,0.03230827792968749,2.3846435546875
95,0.032550455742187401,1.953125
96,0.032858711640624927,2.4560546875
97,0.03310088945312506,2.06024169921875
98,0.033406541289062508,2.4798583984375
99,0.033651323164062497,2.0654296875
100,0.033918565078125074,2.568359375
101,0.034199152812500078,2.1771240234375
102,0.034466394726562433,2.59979248046875
103,0.034746982460937437,2.18780517578125
104,0.035060120976562414,2.684326171875
105,0.035251194062499991,2.2662353515625
106,0.035564658085937451,2.70904541015625
107,0.035840037695312521,2.32879638671875
108,0.036115091796874887,2.80426025390625
109,0.036352061484375087,2.37640380859375
110,0.036660317382812391,2.8656005859375
111,0.036902495195312524,2.45697021484375
112,0.037208147031249972,2.90771484375
113,0.037452603398437478,2.4798583984375
114,0.037758255234374927,2.99713134765625
115,0.03800043304687506,2.58880615234375
116,0.038308688945312586,3.02337646484375
117,0.038550866757812496,2.60498046875
118,0.038859122656250022,3.1268310546875
119,0.039101300468749933,2.71484375
120,0.039409556367187459,3.14544677734375
121,0.039651734179687592,2.74688720703125
122,0.039959990078124896,3.24005126953125
123,0.040202167890625029,2.85308837890625
124,0.040510423789062555,3.29071044921875
125,0.040752601601562466,2.90313720703125
126,0.041058253437499914,3.35601806640625
127,0.041302709804687421,2.9669189453125
128,0.041608361640625091,3.41949462890625
129,0.04185314351562508,3.074951171875
130,0.042158795351562528,3.4765625
131,0.042400973164062439,3.10272216796875
132,0.042670819140625094,3.57330322265625
133,0.042951406875000098,3.22967529296875
134,0.04322125285156253,3.5955810546875
135,0.043499236523437457,3.26568603515625
136,0.04376908249999989,3.71337890625
137,0.044003448125000011,3.39630126953125
138,0.044319516210937548,3.7457275390625
139,0.044592291757812541,3.4332275390625
140,0.044864741796875052,3.831787109375
141,0.045104315546875107,3.54400634765625
142,0.045409967382812555,3.90472412109375
143,0.045654749257812544,3.646240234375
144,0.045960401093749992,3.9691162109375
145,0.046202578906249903,3.70086669921875
146,0.046510834804687429,4.0814208984375
147,0.046753012617187562,3.83697509765625
148,0.047060943007812606,4.12689208984375
149,0.047303120820312516,3.856201171875
150,0.047611376718750043,4.24102783203125
151,0.047853554531249953,4.06005859375
152,0.048161810429687479,4.3109130859375
153,0.04840398824218739,4.0716552734375
154,0.048712244140624916,4.42291259765625
155,0.048954421953125049,4.21600341796875
156,0.049260073789062497,4.4921875
157,0.049504855664062486,4.2962646484375
158,0.049810507499999934,4.59991455078125
159,0.050055289374999923,4.425048828125
160,0.050360941210937593,4.72412109375
161,0.0506053975781251,4.54925537109375
162,0.050911049414062548,4.78363037109375
163,0.051153227226562459,4.59136962890625
164,0.051461483124999985,4.93499755859375
165,0.051703660937499896,4.84039306640625
166,0.052011916835937422,4.99481201171875
167,0.052251490585937477,4.8040771484375
168,0.052518732500000054,5.1336669921875
169,0.052755702187500031,5.09033203125
170,0.053063958085937557,5.223388671875
171,0.053344545820312561,5.0994873046875
172,0.053616995859375072,5.352783203125
173,0.053856569609374905,5.30670166015625
174,0.054167429570312509,5.47119140625
175,0.054404399257812486,5.455322265625
176,0.054712655156250012,5.55267333984375
177,0.054954832968749923,5.50506591796875
178,0.055263088867187449,5.73150634765625
179,0.055505266679687582,5.86669921875
180,0.055813522578125108,5.76812744140625
181,0.056055374882812536,5.748291015625
182,0.056363630781250063,5.96923828125
183,0.056605808593749973,6.23291015625
184,0.056914064492187499,6.0369873046875
185,0.05715624230468741,6.11419677734375
186,0.05746189414062508,6.17340087890625
187,0.057706676015625069,6.5155029296875
188,0.058012327851562517,6.3250732421875
189,0.058257109726562506,6.5771484375
190,0.058562761562499954,6.4227294921875
191,0.058807543437499943,6.70196533203125
192,0.059113195273437391,6.5936279296875
193,0.059357651640624898,6.98455810546875
194,0.059663303476562568,6.69586181640625
195,0.059905481289062479,6.8353271484375
196,0.060213737187500005,6.81396484375
197,0.06045331093750006,7.49267578125
198,0.060725760976562571,6.8609619140625
199,0.061006348710937575,7.108154296875
200,0.061273590625000152,6.98699951171875
201,0.061551574296874856,7.92449951171875
202,0.061865038320312538,7.0941162109375
203,0.062058389960937488,7.7740478515625
204,0.062364041796875158,7.235107421875
205,0.062647233593750018,8.16986083984375
206,0.062917079570312451,7.4395751953125
207,0.063156653320312506,8.73291015625
208,0.063464909218750032,7.60223388671875
209,0.063707087031249943,8.0975341796875
210,0.064015342929687469,7.8271484375
211,0.06425752074218738,9.12811279296875
212,0.064565776640624906,7.99407958984375
213,0.064807954453124816,8.14849853515625
214,0.065115884843750083,8.2257080078125
215,0.065335928124999887,9.11651611328125
216,0.065663714492187664,8.453369140625
217,0.065785454414062583,8.43231201171875
218,0.066154580273437569,8.76068115234375
219,0.066214148203125101,8.64166259765625
220,0.066442980195312584,9.0582275390625
221,0.066650328671874925,8.3306884765625
222,0.066767185976562393,8.90777587890625
223,0.066776625703125037,9.26055908203125
224,0.066823173320312401,8.02215576171875
225,0.066823498828125105,8.3197021484375
curve_id,36
index,Z indent (µm),Force indent (µN)
0,0,0.6719970703125
1,0.0011008674218748737,0.69427490234375
2,0.0016513011328125327,0.6756591796875
3,0.0021607208593750205,0.70770263671875
4,0.0027085505078123795,0.73883056640625
5,0.0032563801562499606,0.71319580078125
6,0.0038042098046875417,0.7666015625
7,0.0043520394531249007,0.74462890625
8,0.0049021476562498556,0.78826904296875
9,0.0054525813671875145,0.7684326171875
10,0.0060030150781249514,0.8074951171875
11,0.0065508447265625325,0.8441162109375
12,0.0071012784374999693,0.830078125
13,0.0076517121484374062,0.8746337890625
14,0.0082018203515623611,0.86090087890625
15,0.00875225406250002,0.9161376953125
16,0.0093026877734374569,0.88592529296875
17,0.0098531214843748938,0.93597412109375
18,0.010403555195312553,0.94696044921875
19,0.01091297492187504,0.95306396484375
20,0.011463408632812477,0.98785400390625
21,0.012003426093750047,0.98602294921875
22,0.012235187656249868,0.699462890625
23,0.012553859804687484,1.0498046875
24,0.012744607382812356,0.662841796875
25,0.013104293515624921,1.0137939453125
26,0.013336055078124964,0.716552734375
27,0.013654401718749876,1.0791015625
28,0.013845474804687452,0.736083984375
29,0.014204835429687535,1.08856201171875
30,0.014395583007812407,0.750732421875
31,0.014752665078124894,1.1273193359375
32,0.014946016718749844,0.80047607421875
33,0.015303098789062552,1.158447265625
34,0.015496450429687503,0.77667236328125
35,0.015853532499999989,1.160888671875
36,0.01604688414062494,0.88409423828125
37,0.016406570273437504,1.2353515625
38,0.016597317851562376,0.84259033203125
39,0.016954399921874863,1.20819091796875
40,0.017147426054687553,0.9088134765625
41,0.01750450812500004,1.28326416015625
42,0.01769785976562499,0.92010498046875
43,0.018054941835937477,1.280517578125
44,0.018245689414062349,0.9588623046875
45,0.018605375546874914,1.3226318359375
46,0.018796123125000008,0.99365234375
47,0.019155809257812351,1.35345458984375
48,0.019346556835937445,0.98052978515625
49,0.01970624296875001,1.36138916015625
50,0.019891782421874948,1.07269287109375
51,0.020210454570312342,1.44256591796875
52,0.020447424257812541,1.0491943359375
53,0.020766096406249934,1.40899658203125
54,0.020946427734374939,1.13037109375
55,0.021306113867187504,1.500244140625
56,0.021537875429687547,1.1309814453125
57,0.021856547578124941,1.4984130859375
58,0.022088309140624984,1.18682861328125
59,0.022404377226562522,1.54998779296875
60,0.022597728867187472,1.2158203125
61,0.022954810937499959,1.5753173828125
62,0.023147837070312427,1.22833251953125
63,0.023504919140624914,1.6021728515625
64,0.023698270781249864,1.30523681640625
65,0.02405535285156235,1.66656494140625
66,0.024248704492187523,1.30035400390625
67,0.024605786562500009,1.6510009765625
68,0.02479913820312496,1.387939453125
69,0.025156220273437446,1.739501953125
70,0.025349571914062397,1.3702392578125
71,0.025706653984374883,1.73309326171875
72,0.025897401562499978,1.48681640625
73,0.026257087695312542,1.80694580078125
74,0.026447835273437414,1.49139404296875
75,0.026807195898437497,1.82373046875
76,0.026997943476562369,1.52984619140625
77,0.027357629609374934,1.86981201171875
78,0.027548377187500028,1.60400390625
79,0.027905459257812515,1.93511962890625
80,0.028098810898437465,1.61651611328125
81,0.028455892968749952,1.925048828125
82,0.028644036484374968,1.697998046875
83,0.02896531269531244,2.03460693359375
84,0.029199678320312339,1.69769287109375
85,0.029515746406249876,2.03277587890625
86,0.029739695781249909,1.80389404296875
87,0.03006097199218738,2.127685546875
88,0.030249115507812396,1.7987060546875
89,0.030611405703125039,2.13714599609375
90,0.030840563203125004,1.8817138671875
91,0.031159235351562398,2.19879150390625
92,0.031349982929687492,1.920166015625
93,0.031707064999999979,2.26226806640625
94,0.031900416640624929,1.961669921875
95,0.032257173203124934,2.2802734375
96,0.03244824628906251,2.054443359375
97,0.032807606914062371,2.37640380859375
98,0.033000958554687543,2.0654296875
99,0.033358040625000029,2.39288330078125
100,0.03355139226562498,2.18048095703125
101,0.033908474335937466,2.498779296875
102,0.034099221914062339,2.18597412109375
103,0.034458908046874903,2.49908447265625
104,0.034649655624999998,2.27691650390625
105,0.03500934175781234,2.59521484375
106,0.035200089335937434,2.318115234375
107,0.035559449960937517,2.64617919921875
108,0.035750523046874871,2.38983154296875
109,0.036107279609374876,2.6788330078125
110,0.036300631250000048,2.4456787109375
111,0.036657713320312535,2.783203125
112,0.036851064960937485,2.4798583984375
113,0.037169737109374879,2.8021240234375
114,0.037401498671874922,2.59307861328125
115,0.037758580742187409,2.9144287109375
116,0.037946724257812425,2.59521484375
117,0.038309014453124846,2.93365478515625
118,0.038494553906250006,2.71453857421875
119,0.0388132260546874,3.0126953125
120,0.039047591679687521,2.734375
121,0.039363659765624837,3.0718994140625
122,0.039590213203124947,2.85888671875
123,0.03990888535156234,3.1195068359375
124,0.040102236992187512,2.89337158203125
125,0.040459319062499999,3.20953369140625
126,0.040652670703124949,2.9705810546875
127,0.041009752773437436,3.23944091796875
128,0.041203104414062386,3.07220458984375
129,0.041559860976562391,3.34869384765625
130,0.041753212617187341,3.095703125
131,0.042110294687500049,3.35693359375
132,0.042301042265624922,3.23516845703125
133,0.042660728398437486,3.46343994140625
134,0.042851475976562359,3.2440185546875
135,0.043211162109374923,3.5308837890625
136,0.043401909687500018,3.40240478515625
137,0.04376159582031236,3.5784912109375
138,0.043952343398437455,3.416748046875
139,0.044309425468749941,3.6859130859375
140,0.044502777109374891,3.52874755859375
141,0.044859859179687378,3.71673583984375
142,0.045052885312499846,3.634033203125
143,0.045409967382812555,3.8275146484375
144,0.045603319023437505,3.68499755859375
145,0.045960401093749992,3.8739013671875
146,0.046153752734374942,3.8238525390625
147,0.046467216757812402,3.97918701171875
148,0.046701582382812523,3.834228515625
149,0.047020254531249916,4.05181884765625
150,0.04725201609374996,4.0582275390625
151,0.047562876054687342,4.14642333984375
152,0.047797241679687463,4.031982421875
153,0.048115913828124857,4.23126220703125
154,0.048342467265624967,4.224853515625
155,0.048663743476562438,4.312744140625
156,0.048854491054687532,4.2724609375
157,0.049211573125000019,4.45465087890625
158,0.049404924765624969,4.40338134765625
159,0.049762006835937456,4.486083984375
160,0.049955358476562406,4.5648193359375
161,0.050312440546874893,4.65057373046875
162,0.050503188124999987,4.541015625
163,0.050862548749999847,4.72503662109375
164,0.051053296328124942,4.86053466796875
165,0.051412982460937506,4.84527587890625
166,0.051603730039062379,4.76043701171875
167,0.051960812109374865,4.9468994140625
168,0.052154163750000038,5.0946044921875
169,0.052511245820312524,5.0506591796875
170,0.052704597460937475,5.07415771484375
171,0.053061679531249961,5.1849365234375
172,0.053252427109375056,5.30426025390625
173,0.053612113242187398,5.26611328125
174,0.053805464882812348,5.419921875
175,0.054162221445312353,5.41717529296875
176,0.054355573085937525,5.4730224609375
177,0.054712655156250012,5.511474609375
178,0.054906006796874962,5.8489990234375
179,0.055263088867187449,5.6683349609375
180,0.055453836445312543,5.68878173828125
181,0.055767300468750003,5.74920654296875
182,0.05600427015624998,6.24267578125
183,0.056322942304687373,5.9033203125
184,0.056549495742187483,6.0540771484375
185,0.056862959765624943,6.0443115234375
186,0.057097325390624842,6.49444580078125
187,0.057415997539062458,6.1529541015625
188,0.057606745117187552,6.56463623046875
189,0.057963827187500039,6.31378173828125
190,0.058154574765624911,6.6351318359375
191,0.058514260898437476,6.446533203125
192,0.058705008476562348,6.95770263671875
193,0.059064694609374913,6.59576416015625
194,0.059252838124999929,6.80816650390625
195,0.059614802812499867,6.70745849609375
196,0.059805875898437444,7.4420166015625
197,0.060162632460937449,6.81549072265625
198,0.060355984101562621,7.0562744140625
199,0.060713066171875107,6.8780517578125
200,0.060906417812500058,7.84881591796875
201,0.061263499882812544,6.9927978515625
202,0.061456851523437495,7.74505615234375
203,0.061813933593749981,7.12158203125
204,0.062007285234374931,8.03497314453125
205,0.062364367304687418,7.303466796875
206,0.062557718945312368,8.72283935546875
207,0.062914801015624855,7.493896484375
208,0.063107827148437545,7.9730224609375
209,0.063464909218750032,7.67669677734375
210,0.063655656796875126,9.085693359375
211,0.06397432894531252,7.8985595703125
212,0.064206090507812563,8.1048583984375
213,0.064524762656249957,8.10516357421875
214,0.064732111132812298,9.00146484375
215,0.065069988242187238,8.34259033203125
216,0.065184566992187554,8.4661865234375
217,0.06554783371093742,8.58734130859375
218,0.065620421953125119,8.529052734375
219,0.065819307226562485,9.072265625
220,0.066034793398437541,8.199462890625
221,0.0661656475390624,8.80126953125
222,0.066169228124999924,9.2510986328125
223,0.06622326242187504,7.9473876953125
224,0.066224564453124968,8.34075927734375
curve_id,37
index,Z indent (µm),Force indent (µN)
0,0,0.69976806640625
1,0.00054522558593750325,0.6622314453125
2,0.0010956592968749401,0.71868896484375
3,0.001646093007812599,0.7147216796875
4,0.0021965267187500359,0.72906494140625
5,0.0027469604296874728,0.74493408203125
6,0.0032973941406249097,0.75103759765625
7,0.0038475023437500866,0.79742431640625
8,0.0043979360546875235,0.75592041015625
9,0.0049483697656249603,0.82916259765625
10,0.0054988034765623972,0.80322265625
11,0.006008223203124885,0.850830078125
12,0.0065560528515624661,0.85113525390625
13,0.007106486562499903,0.86578369140625
14,0.0076517121484374062,0.91888427734375
15,0.0082044244140624389,0.885009765625
16,0.00875225406250002,0.95001220703125
17,0.0092978051562500053,0.93292236328125
18,0.0095696041796875519,0.67138671875
19,0.0098479133593749602,0.987548828125
20,0.010120037890624989,0.6549072265625
21,0.010398347070312397,0.9747314453125
22,0.010670471601562426,0.7183837890625
23,0.010948780781250056,1.00982666015625
24,0.011220905312500085,0.70220947265625
25,0.011499214492187493,1.0430908203125
26,0.011771339023437521,0.7391357421875
27,0.01204964820312493,1.0272216796875
28,0.012321447226562476,0.76171875
29,0.012600081914062589,1.09954833984375
30,0.01286667281249998,0.780029296875
31,0.013150190117187543,1.0791015625
32,0.013419710585937494,0.83770751953125
33,0.01370062382812498,1.1566162109375
34,0.013921643632812453,0.79345703125
35,0.014251057539062417,1.142578125
36,0.014471751835937408,0.88897705078125
37,0.014798887187499998,1.18927001953125
38,0.015022185546875066,0.8660888671875
39,0.015318397656250093,1.221923828125
40,0.015572619257812503,0.914306640625
41,0.015858740624999923,1.22894287109375
42,0.016120448906250084,0.9405517578125
43,0.016403966210937426,1.2786865234375
44,0.016670882617187521,0.968017578125
45,0.016951795859375007,1.28387451171875
46,0.017221316328124958,1.014404296875
47,0.017499625507812588,1.351318359375
48,0.017771750039062395,0.99700927734375
49,0.018050059218750025,1.3287353515625
50,0.018319254179687494,1.09039306640625
51,0.01860016742187498,1.39984130859375
52,0.018872291953125009,1.06170654296875
53,0.019150601132812417,1.416015625
54,0.019422725664062446,1.146240234375
55,0.019701034843750076,1.4404296875
56,0.019973159375000105,1.1566162109375
57,0.020251468554687513,1.49658203125
58,0.020523593085937542,1.19598388671875
59,0.02080190226562495,1.51336669921875
60,0.021073701289062496,1.24420166015625
61,0.021352335976562387,1.580810546875
62,0.021621530937500077,1.2347412109375
63,0.021902444179687564,1.5631103515625
64,0.022169360585937437,1.33697509765625
65,0.022450273828124923,1.63970947265625
66,0.022722398359374951,1.31256103515625
67,0.023000707539062581,1.65374755859375
68,0.02322433140624991,1.3995361328125
69,0.023551141250000018,1.69921875
70,0.023805362851562428,1.40655517578125
71,0.024322269257812446,1.488037109375
72,0.024603182499999932,1.72760009765625
73,0.024703113398437448,1.75384521484375
74,0.024872702968750104,1.53076171875
75,0.025156220273437446,1.83258056640625
76,0.025423136679687541,1.53564453125
77,0.025706653984375105,1.8145751953125
78,0.025973570390624978,1.64794921875
79,0.026251879570312386,1.90521240234375
80,0.026524004101562415,1.6156005859375
81,0.026802313281250045,1.92230224609375
82,0.027074112304687592,1.7218017578125
83,0.027352746992187482,1.9671630859375
84,0.027624546015625029,1.70928955078125
85,0.027902855195312437,2.01171875
86,0.028174979726562466,1.800537109375
87,0.028453288906250096,2.05596923828125
88,0.028725413437499903,1.83746337890625
89,0.029003722617187533,2.14447021484375
90,0.029275847148437562,1.8634033203125
91,0.02955415632812497,2.144775390625
92,0.029823676796874921,1.971435546875
93,0.030104590039062407,2.24609375
94,0.030374110507812579,1.95159912109375
95,0.030652419687499988,2.25250244140625
96,0.030921940156249939,2.08953857421875
97,0.031202853398437425,2.3297119140625
98,0.031472048359374893,2.0635986328125
99,0.031752961601562602,2.36480712890625
100,0.032022482070312552,2.19390869140625
101,0.032303395312500038,2.4169921875
102,0.032557616914062448,2.21343994140625
103,0.032853829023437475,2.51800537109375
104,0.033105446562500029,2.2637939453125
105,0.033404262734374912,2.5189208984375
106,0.033624957031249902,2.36541748046875
107,0.033911078398437544,2.63397216796875
108,0.034175390742187561,2.3583984375
109,0.034456303984375047,2.64892578125
110,0.034725824453124998,2.486572265625
111,0.035006737695312484,2.75115966796875
112,0.035276258164062435,2.46795654296875
113,0.035554567343750065,2.76397705078125
114,0.035826691875000094,2.60772705078125
115,0.036105001054687502,2.84637451171875
116,0.036376800078125049,2.61871337890625
117,0.036655434765624939,2.92510986328125
118,0.036927233789062486,2.7020263671875
119,0.037205542968749894,2.9327392578125
120,0.037477667499999923,2.7911376953125
121,0.037755976679687553,3.06396484375
122,0.038025497148437504,2.81463623046875
123,0.038303806328124912,3.0609130859375
124,0.038575930859374941,2.95684814453125
125,0.038854240039062571,3.18267822265625
126,0.0391263645703126,2.928466796875
127,0.039404673750000008,3.19915771484375
128,0.039676472773437554,3.09906005859375
129,0.039955107460937445,3.267822265625
130,0.040224302421874913,3.106689453125
131,0.040505215664062399,3.3502197265625
132,0.040774736132812572,3.197021484375
133,0.041055649375000058,3.389892578125
134,0.041319961718750076,3.3038330078125
135,0.041606083085937495,3.48907470703125
136,0.041857700625000049,3.32611083984375
137,0.042112898749999905,3.52203369140625
138,0.042418225078125094,3.4881591796875
139,0.042663332460937564,3.6590576171875
140,0.042927644804687581,3.4637451171875
141,0.043211162109374923,3.6688232421875
142,0.043478078515625018,3.67279052734375
143,0.043758991757812504,3.7939453125
144,0.044028512226562455,3.66912841796875
145,0.044306821406250085,3.8519287109375
146,0.044578945937499892,3.8006591796875
147,0.044857255117187522,3.91693115234375
148,0.045129054140625069,3.90045166015625
149,0.045407688828124959,4.04205322265625
150,0.045676883789062428,3.936767578125
151,0.045957797031249914,4.0936279296875
152,0.046227317500000087,4.16015625
153,0.046505626679687495,4.2156982421875
154,0.046777751210937524,4.09088134765625
155,0.047056060390624932,4.271240234375
156,0.047328184921874961,4.37408447265625
157,0.047606494101562591,4.3994140625
158,0.047878618632812397,4.337158203125
159,0.048156927812500028,4.47906494140625
160,0.048429052343750056,4.5196533203125
161,0.048707361523437465,4.5782470703125
162,0.04897427792968756,4.62860107421875
163,0.049260073789062497,4.700927734375
164,0.049524711640624997,4.691162109375
165,0.049807903437500078,4.774169921875
166,0.050074819843749951,4.9346923828125
167,0.050358337148437515,4.940185546875
168,0.050579356953124988,4.871826171875
169,0.050908770859374952,4.989013671875
170,0.051173083203124969,5.24810791015625
171,0.051459204570312389,5.13671875
172,0.051679898867187601,5.12420654296875
173,0.051966020234375021,5.2581787109375
174,0.052230332578125038,5.46661376953125
175,0.052511245820312524,5.35736083984375
176,0.052780766289062475,5.5078125
177,0.053061679531249961,5.50079345703125
178,0.053328595937500056,5.623779296875
179,0.053609509179687542,5.58746337890625
180,0.053879029648437493,5.968017578125
181,0.054159942890624979,5.76263427734375
182,0.05442946335937493,5.83587646484375
183,0.05470777253906256,5.84320068359375
184,0.054979571562500107,6.3739013671875
185,0.055258206249999997,6.025390625
186,0.055530005273437544,6.165771484375
187,0.055808314453124952,6.1163330078125
188,0.056080438984374981,6.65985107421875
189,0.056358748164062389,6.2908935546875
190,0.056630872695312418,6.61529541015625
191,0.056909181875000048,6.40869140625
192,0.057181306406250076,6.80877685546875
193,0.057459615585937485,6.52130126953125
194,0.057729136054687435,7.0269775390625
195,0.058010049296874922,6.70318603515625
196,0.058276965703125017,6.88690185546875
197,0.05856048300781258,6.78924560546875
198,0.058829677968750049,7.65106201171875
199,0.059110591210937313,6.864013671875
200,0.059331611015624786,7.154541015625
201,0.059617406874999945,6.94671630859375
202,0.059882044726562667,8.077392578125
203,0.060167840585937382,7.10205078125
204,0.060432152929687399,7.904052734375
205,0.060715670234374963,7.2247314453125
206,0.060982586640624836,8.27880859375
207,0.061260895820312689,7.44384765625
208,0.061533020351562717,8.876953125
209,0.061811329531250125,7.63885498046875
210,0.062080849999999854,8.22479248046875
211,0.062361763242187562,7.79754638671875
212,0.062631283710937291,9.1717529296875
213,0.062909592890625143,8.0841064453125
214,0.063181717421875172,8.2769775390625
215,0.06346002660156258,8.2373046875
216,0.063706436015624979,9.171142578125
217,0.064010460312500017,8.505859375
218,0.064152381718750151,8.5736083984375
219,0.064517275976562649,8.84033203125
220,0.064560568515625194,8.72772216796875
221,0.064801444296875177,9.16534423828125
222,0.06500488667968729,8.397216796875
223,0.065111002226562631,8.97430419921875
224,0.065127928632812582,9.21875
225,0.065169919140625199,8.1231689453125
curve_id,38
index,Z indent (µm),Force indent (µN)
0,0,0.65826416015625
1,0.00055043371093765892,0.6756591796875
2,0.0011008674218750958,0.67901611328125
3,0.0016486970703126769,0.72601318359375
4,0.0021991307812501137,0.6976318359375
5,0.0027495644921875506,0.74554443359375
6,0.0032996726953125055,0.74249267578125
7,0.0038527104687500202,0.7611083984375
8,0.0044005401171876013,0.7781982421875
9,0.0049509738281250382,0.78399658203125
10,0.0055014075390626971,0.8441162109375
11,0.006051841250000134,0.79864501953125
12,0.0065612609765626217,0.85906982421875
13,0.0071497791015626699,0.8575439453125
14,0.0076565947656250799,0.885009765625
15,0.0082021458593750651,0.8984375
16,0.00875225406250002,0.91522216796875
17,0.0093026877734376789,0.95458984375
18,0.009850517421875038,0.9375
19,0.010400951132812697,0.989990234375
20,0.010951384843750134,0.98297119140625
21,0.011173381171875052,0.6610107421875
22,0.011501818554687571,1.02447509765625
23,0.01168280089843754,0.693359375
24,0.012052252265625008,1.0302734375
25,0.012274248593750148,0.673828125
26,0.012602360468750184,1.04461669921875
27,0.012783668320312636,0.7525634765625
28,0.013152794179687621,1.08551025390625
29,0.01333377652343759,0.7330322265625
30,0.013884210234375027,0.77484130859375
31,0.014202556875000161,1.07452392578125
32,0.014312578515625063,1.1376953125
33,0.014434643945312686,0.79833984375
34,0.014804095312500154,1.1376953125
35,0.014985077656250123,0.816650390625
36,0.015313515039062642,1.19049072265625
37,0.01553551136718756,0.87371826171875
38,0.01590203316406269,1.187744140625
39,0.016085945078124997,0.85052490234375
40,0.016411452890625178,1.2335205078125
41,0.016636053281250174,0.93292236328125
42,0.016959282539062537,1.27716064453125
43,0.017183882929687533,0.9161376953125
44,0.017504833632812522,1.263427734375
45,0.017734316640625192,0.96771240234375
46,0.018057545898437555,1.32843017578125
47,0.018284750351562629,0.97747802734375
48,0.018602771484375058,1.33026123046875
49,0.018835184062500065,1.0302734375
50,0.019153205195312495,1.3836669921875
51,0.019385617773437502,1.058349609375
52,0.019703638906250154,1.38458251953125
53,0.019936051484375161,1.0479736328125
54,0.020254072617187591,1.43402099609375
55,0.02048388113281252,1.1419677734375
56,0.020804506328125028,1.47613525390625
57,0.021026502656250168,1.12762451171875
58,0.021354614531250204,1.48834228515625
59,0.021535922382812656,1.19659423828125
60,0.021905048242187641,1.541748046875
61,0.022086356093750092,1.2042236328125
62,0.022455481953125078,1.5435791015625
63,0.022636464296875047,1.26373291015625
64,0.023005915664062515,1.6229248046875
65,0.023186898007812706,1.30126953125
66,0.023553745312500096,1.612548828125
67,0.023737331718750143,1.3104248046875
68,0.024104179023437533,1.67327880859375
69,0.02428776542968758,1.3861083984375
70,0.024654612734375192,1.69708251953125
71,0.024838199140625017,1.39190673828125
72,0.025204720937500147,1.72088623046875
73,0.025386028789062598,1.47491455078125
74,0.02571674472656249,1.76666259765625
75,0.025936462500000035,1.4813232421875
76,0.026257087695312542,1.788330078125
77,0.026486570703125212,1.54876708984375
78,0.026807195898437497,1.85394287109375
79,0.027037004414062649,1.59881591796875
80,0.027355025546875078,1.84539794921875
81,0.027587438125000086,1.60675048828125
82,0.027905459257812515,1.9354248046875
83,0.028137871835937522,1.70379638671875
84,0.028455892968750174,1.956787109375
85,0.028688305546875181,1.70745849609375
86,0.029006326679687611,2.0074462890625
87,0.029233531132812685,1.78070068359375
88,0.029556760390625048,2.06085205078125
89,0.029786243398437495,1.80267333984375
90,0.030107194101562706,2.09136962890625
91,0.030326586367187547,1.875
92,0.030657302304687661,2.16888427734375
93,0.030838610156250112,1.91680908203125
94,0.03120513195312502,2.18048095703125
95,0.031427453789062643,1.94793701171875
96,0.031755565664062679,2.265625
97,0.031939152070312504,2.06207275390625
98,0.032305999375000116,2.28546142578125
99,0.032489585781250163,2.0599365234375
100,0.032856433085937553,2.36358642578125
101,0.0330400194921876,2.16583251953125
102,0.033406866796875212,2.3931884765625
103,0.033587849140625181,2.17620849609375
104,0.033956975000000167,2.449951171875
105,0.034138282851562618,2.2760009765625
106,0.03446899878906251,2.54638671875
107,0.034688716562500055,2.3193359375
108,0.035057842421875041,2.545166015625
109,0.03523882476562501,2.35504150390625
110,0.035562054023437595,2.65869140625
111,0.035789258476562669,2.45361328125
112,0.03610760511718758,2.6849365234375
113,0.036339692187500106,2.47283935546875
114,0.036657713320312535,2.76336669921875
115,0.036890125898437542,2.5775146484375
116,0.037208147031250194,2.79876708984375
117,0.037440559609375201,2.59033203125
118,0.037758580742187631,2.87017822265625
119,0.03798838925781256,2.70355224609375
120,0.038309014453125068,2.94952392578125
121,0.038538822968749997,2.74993896484375
122,0.038859448164062504,2.977294921875
123,0.0390840485546875,2.799072265625
124,0.039407277812500086,3.07647705078125
125,0.039629274140625004,2.906494140625
126,0.03995738601562504,3.09967041015625
127,0.040141297929687569,2.92633056640625
128,0.040507819726562699,3.20465087890625
129,0.040729816054687618,3.060302734375
130,0.041058253437500136,3.22235107421875
131,0.041241839843750183,3.08349609375
132,0.041608687148437573,3.3074951171875
133,0.041789669492187542,3.20098876953125
134,0.04215912085937501,3.37646484375
135,0.042340103203125201,3.255615234375
136,0.042709554570312669,3.41766357421875
137,0.042890536914062638,3.31146240234375
138,0.043259662773437624,3.5162353515625
139,0.043440970625000075,3.43536376953125
140,0.043769082500000112,3.564453125
141,0.043991404335937512,3.47076416015625
142,0.044360530195312498,3.6602783203125
143,0.044541512539062689,3.62518310546875
144,0.044864741796875052,3.71246337890625
145,0.045091946250000126,3.63677978515625
146,0.045415175507812711,3.80645751953125
147,0.045642379960937562,3.79791259765625
148,0.045960401093749992,3.8824462890625
149,0.046192813671874999,3.85467529296875
150,0.046510834804687651,3.95904541015625
151,0.046743247382812658,3.91326904296875
152,0.047061268515625088,4.07867431640625
153,0.047291077031250017,4.10980224609375
154,0.047609098164062669,4.1265869140625
155,0.047841510742187676,4.1009521484375
156,0.048159531875000106,4.2620849609375
157,0.048386736328125179,4.30938720703125
158,0.048709965585937542,4.3170166015625
159,0.048939448593750212,4.30389404296875
160,0.049260073789062497,4.43023681640625
161,0.04948239562500012,4.500732421875
162,0.049810507500000156,4.5404052734375
163,0.050035107890625152,4.581298828125
164,0.050360941210937593,4.62921142578125
165,0.050541923554687562,4.65576171875
166,0.05091137492187503,4.74273681640625
167,0.051092357265624999,4.89288330078125
168,0.051461808632812689,4.83917236328125
169,0.051642790976562658,4.85687255859375
170,0.052012242343750126,4.98809814453125
171,0.052193224687500095,5.17730712890625
172,0.052519058007812536,5.04669189453125
173,0.052743658398437532,5.1007080078125
174,0.053110180195312662,5.19989013671875
175,0.053294092109375191,5.42724609375
176,0.053622203984375005,5.29998779296875
177,0.053844200312500146,5.45654296875
178,0.054167429570312509,5.4193115234375
179,0.054394634023437582,5.57464599609375
180,0.054712655156250012,5.55938720703125
181,0.054942463671875164,5.908203125
182,0.055263088867187671,5.662841796875
183,0.0554928973828126,5.7830810546875
184,0.05581091851562503,5.8111572265625
185,0.056043331093750037,6.30767822265625
186,0.056361352226562689,5.90179443359375
187,0.056593764804687696,6.116943359375
188,0.056911785937500126,6.06781005859375
189,0.057138990390625199,6.59698486328125
190,0.057462219648437562,6.18438720703125
191,0.057689424101562636,6.578369140625
192,0.058012653359374999,6.32904052734375
193,0.058193635703125191,6.77215576171875
194,0.058562761562500176,6.47705078125
195,0.058784757890625094,6.995849609375
196,0.059113195273437613,6.57684326171875
197,0.059294177617187582,6.8389892578125
198,0.05966362898437505,6.76788330078125
199,0.059844611328125019,7.57904052734375
200,0.060214062695312709,6.8121337890625
201,0.060395045039062456,7.08740234375
202,0.060764496406250146,6.910400390625
203,0.060942874687500037,7.9840087890625
204,0.061312326054687727,7.01080322265625
205,0.061495912460937774,7.81494140625
206,0.061824024335937811,7.147216796875
207,0.062046346171875211,8.14422607421875
208,0.062374458046875247,7.342529296875
209,0.062596454374999944,8.818359375
210,0.062924891757812684,7.520751953125
211,0.063144284023437525,8.10394287109375
212,0.06346751328125011,7.7581787109375
213,0.063694717734374962,9.14581298828125
214,0.064015342929687691,7.91900634765625
215,0.064245151445312398,8.20281982421875
216,0.064568380703124983,8.212890625
217,0.064774427148437397,9.13482666015625
218,0.065113606289062709,8.37066650390625
219,0.065225906484374985,8.47930908203125
220,0.065594055820312747,8.818359375
221,0.065664040000000146,8.6553955078125
222,0.065884734296874914,9.09332275390625
223,0.066095012343750259,8.3709716796875
224,0.066214473710937582,8.8909912109375
225,0.066272739609375186,8.05023193359375
226,0.06627339062500015,8.42071533203125
curve_id,39
index,Z indent (µm),Force indent (µN)
0,0,0.6561279296875
1,0.0010598534375001467,0.6988525390625
2,0.0016483715624999729,0.6622314453125
3,0.0021603953515625385,0.7159423828125
4,0.0027007383203125901,0.71075439453125
5,0.003250846523437545,0.72906494140625
6,0.0038012802343749819,0.7440185546875
7,0.0043491098828125629,0.74676513671875
8,0.0048995435937499998,0.79986572265625
9,0.0054499773046874367,0.7635498046875
10,0.0060004110156250956,0.830078125
11,0.0065508447265625325,0.8245849609375
12,0.0071009529296874874,0.848388671875
13,0.0076513866406251463,0.8642578125
14,0.0082018203515625832,0.865478515625
15,0.0087496499999999422,0.92376708984375
16,0.0093000837109376011,0.89019775390625
17,0.0098121074999999447,0.9478759765625
18,0.010359937148437526,0.936279296875
19,0.010951059335937652,0.97686767578125
20,0.011455596445312466,0.97869873046875
21,0.012003426093750047,1.00067138671875
22,0.012227049960937597,0.70648193359375
23,0.01255613835937508,1.04461669921875
24,0.012731587070312633,0.6866455078125
25,0.013101363945312583,1.02020263671875
26,0.013322709257812537,0.75164794921875
27,0.01365179765625002,1.0882568359375
28,0.013832128984375025,0.72265625
29,0.014202231367187457,1.07635498046875
30,0.014382562695312462,0.79742431640625
31,0.014752665078125116,1.1456298828125
32,0.014932996406250121,0.7952880859375
33,0.015303098789062552,1.1370849609375
34,0.015483430117187558,0.8123779296875
35,0.015853532499999989,1.18255615234375
36,0.016033863828124995,0.867919921875
37,0.016403640703124944,1.20758056640625
38,0.016581693476562576,0.86578369140625
39,0.016951470351562525,1.20880126953125
40,0.017131801679687531,0.93048095703125
41,0.017501904062499962,1.2628173828125
42,0.017682235390624967,0.90484619140625
43,0.018052337773437621,1.24969482421875
44,0.018232669101562626,0.99365234375
45,0.018602771484375058,1.33392333984375
46,0.018783102812500063,0.9716796875
47,0.019109587148437468,1.297607421875
48,0.0193335365234375,1.026611328125
49,0.01970331339843745,1.36505126953125
50,0.019883970234374937,1.051025390625
51,0.020207850507812486,1.39373779296875
52,0.020434078437500114,1.0693359375
53,0.020755680156250067,1.3983154296875
54,0.020981908085937473,1.14532470703125
55,0.021303509804687648,1.46240234375
56,0.021522251054687525,1.121826171875
57,0.021853618007812603,1.47430419921875
58,0.02203427484375009,1.22406005859375
59,0.02240405171875004,1.5472412109375
60,0.022622792968750138,1.19964599609375
61,0.022954485429687477,1.53076171875
62,0.023134816757812482,1.2652587890625
63,0.023504919140625136,1.59637451171875
64,0.023685250468750141,1.28265380859375
65,0.024055352851562573,1.61224365234375
66,0.024235684179687578,1.33819580078125
67,0.024605786562500009,1.63543701171875
68,0.024783513828125159,1.37176513671875
69,0.02515361621093759,1.6925048828125
70,0.025333947539062596,1.378173828125
71,0.025703724414062545,1.70074462890625
72,0.025884381250000033,1.49505615234375
73,0.026254158124999982,1.77825927734375
74,0.026434489453124987,1.4727783203125
75,0.026804591835937641,1.76361083984375
76,0.026984923164062646,1.5631103515625
77,0.027316615624999985,1.8359375
78,0.027535356875000083,1.57012939453125
79,0.027867049335937644,1.8548583984375
80,0.02808579058593752,1.63055419921875
81,0.028414878984375003,1.90460205078125
82,0.028633620234375101,1.68243408203125
83,0.02895750050781265,1.956787109375
84,0.029184053945312538,1.7034912109375
85,0.029507934218750087,1.97052001953125
86,0.029731883593750119,1.78558349609375
87,0.030055763867187446,2.08404541015625
88,0.030236095195312451,1.7901611328125
89,0.030606197578125105,2.0654296875
90,0.030824938828124981,1.87652587890625
91,0.03115630578125006,2.15850830078125
92,0.031336962617187547,1.88720703125
93,0.031706739492187497,2.1917724609375
94,0.031887070820312502,1.98028564453125
95,0.032257173203125156,2.236328125
96,0.032434900468750083,2.03399658203125
97,0.032807606914062593,2.288818359375
98,0.03298533417968752,2.0556640625
99,0.033358040625000029,2.3284912109375
100,0.033535767890624957,2.16583251953125
101,0.033905870273437611,2.41485595703125
102,0.034086201601562616,2.1722412109375
103,0.034456303984375047,2.42279052734375
104,0.034636635312500053,2.26318359375
105,0.035006412187500002,2.5421142578125
106,0.035186743515625007,2.29522705078125
107,0.035556845898437439,2.53509521484375
108,0.035737177226562444,2.3626708984375
109,0.036107279609375098,2.6397705078125
110,0.036287610937500103,2.43377685546875
111,0.036657713320312535,2.67974853515625
112,0.03683804464843754,2.46246337890625
113,0.037167133046875023,2.71728515625
114,0.037385874296875121,2.562255859375
115,0.037714962695312604,2.83782958984375
116,0.037936308007812558,2.59307861328125
117,0.038260188281250107,2.8375244140625
118,0.038484137656250139,2.6910400390625
119,0.038810621992187544,2.94189453125
120,0.039029363242187642,2.7044677734375
121,0.039358451640625125,2.98126220703125
122,0.039577192890625001,2.8143310546875
123,0.039908885351562562,3.0731201171875
124,0.040089216679687567,2.89031982421875
125,0.040458993554687517,3.0938720703125
126,0.040637046328125148,2.91290283203125
127,0.041006823203125098,3.179931640625
128,0.041187154531250103,3.04718017578125
129,0.041557256914062535,3.26019287109375
130,0.04173758824218754,3.08074951171875
131,0.042107690624999972,3.2659912109375
132,0.042288021953124977,3.18023681640625
133,0.042658124335937631,3.40057373046875
134,0.042838455664062636,3.2342529296875
135,0.043208558046875067,3.40484619140625
136,0.043388889375000073,3.31787109375
137,0.043758666250000022,3.52020263671875
138,0.043939323085937509,3.40362548828125
139,0.044309099960937459,3.56170654296875
140,0.044489431289062464,3.4588623046875
141,0.044859533671875118,3.62884521484375
142,0.045039865000000123,3.6083984375
143,0.045409967382812555,3.73626708984375
144,0.04559029871093756,3.61663818359375
145,0.045960401093749992,3.785400390625
146,0.046138128359375141,3.79425048828125
147,0.046508230742187573,3.858642578125
148,0.046688562070312578,3.8177490234375
149,0.047009838281250049,3.93585205078125
150,0.047238995781250015,3.90838623046875
151,0.047565480117187642,4.0716552734375
152,0.04778910398437497,4.088134765625
153,0.048113309765625001,4.0869140625
154,0.048329446953125021,4.08416748046875
155,0.048661139414062582,4.2236328125
156,0.048838866679687509,4.28619384765625
157,0.049208969062499941,4.3292236328125
158,0.049430314375000117,4.3048095703125
159,0.049759077265625118,4.38018798828125
160,0.049939734101562605,4.46624755859375
161,0.050309510976562555,4.530029296875
162,0.05048984230468756,4.532470703125
163,0.050859944687499992,4.59930419921875
164,0.051040276015624997,4.6551513671875
165,0.051410378398437651,4.71649169921875
166,0.051590709726562656,4.84771728515625
167,0.051960812109375087,4.82635498046875
168,0.052141143437500093,4.79217529296875
169,0.052511245820312524,4.9151611328125
170,0.052691577148437529,5.1605224609375
171,0.053061354023437479,5.06134033203125
172,0.053241685351562484,5.07049560546875
173,0.053611787734375138,5.14434814453125
174,0.053792119062500143,5.35980224609375
175,0.054162221445312575,5.28289794921875
176,0.054339948710937502,5.45623779296875
177,0.054710051093750156,5.36956787109375
178,0.054890382421874939,5.49835205078125
179,0.055260484804687593,5.55877685546875
180,0.055440816132812598,5.8843994140625
181,0.055767300468750003,5.61920166015625
182,0.055986041718750101,5.73150634765625
183,0.056312526054687506,5.7598876953125
184,0.056536475429687538,6.26220703125
185,0.056862959765624943,5.93170166015625
186,0.057086909140624975,6.06719970703125
187,0.057410789414062524,6.00067138671875
188,0.057591120742187529,6.544189453125
189,0.057961223124999961,6.18865966796875
190,0.058179964375000059,6.541748046875
191,0.05851165683593762,6.2982177734375
192,0.058732676640625092,6.6949462890625
193,0.059061765039062575,6.45599365234375
194,0.05924209636718758,6.96990966796875
195,0.059612198750000012,6.5655517578125
196,0.059792530078125017,6.810302734375
197,0.060162632460937449,6.73370361328125
198,0.060342963789062454,7.498779296875
199,0.060713066171875107,6.8182373046875
200,0.060893397500000113,7.044677734375
201,0.061263499882812544,6.8902587890625
202,0.06144383121093755,7.88055419921875
203,0.061813933593750203,6.9952392578125
204,0.061891729960937614,7.76092529296875
205,0.062034953398437676,8.06976318359375
206,0.062364041796874936,7.0941162109375
207,0.062911871445312517,7.32696533203125
208,0.063092202773437744,8.7237548828125
209,0.063423895234374861,7.467041015625
210,0.063642636484375181,8.0450439453125
211,0.064012738867187391,7.67669677734375
212,0.064193070195312618,9.0667724609375
213,0.064519554531250023,7.90435791015625
214,0.064740899843750199,8.10699462890625
215,0.065064780117187748,8.10882568359375
216,0.065272779609375053,9.0899658203125
217,0.065615213828125185,8.31085205078125
218,0.065724584453124901,8.35113525390625
219,0.066092408281249959,8.731689453125
220,0.066168251601562478,8.5479736328125
221,0.066362254257812392,9.0521240234375
222,0.066592062773437544,8.2598876953125
223,0.066713477187500203,8.83209228515625
224,0.066715430234375095,9.26177978515625
225,0.066770766562500139,8.00445556640625
226,0.066772394101562771,9.227294921875
curve_id,40
index,Z indent (µm),Force indent (µN)
0,0,0.6500244140625
1,0.0011008674218748737,0.68023681640625
2,0.0016509756249998286,0.6689453125
3,0.0022014093359374876,0.714111328125
4,0.0027518430468749244,0.6866455078125
5,0.0032612627734374122,0.73455810546875
6,0.0038090924218749933,0.7415771484375
7,0.0043569220703123523,0.73333740234375
8,0.0049021476562498556,0.77911376953125
9,0.0054525813671872925,0.76873779296875
10,0.0060030150781249514,0.83526611328125
11,0.0065534487890623883,0.78765869140625
12,0.0071009529296874874,0.84197998046875
13,0.0076513866406249242,0.85296630859375
14,0.0082018203515623611,0.86029052734375
15,0.008752254062499798,0.89385986328125
16,0.0093026877734374569,0.894775390625
17,0.0098531214843748938,0.9442138671875
18,0.010403229687499849,0.9136962890625
19,0.010953663398437286,0.9649658203125
20,0.011178263789062282,0.66680908203125
21,0.011504097109374944,0.970458984375
22,0.01172869749999994,0.6549072265625
23,0.012054530820312381,0.98541259765625
24,0.0122765271484373,0.68389892578125
25,0.012602360468749962,1.01806640625
26,0.012826960859374958,0.72509765625
27,0.013109176132812372,1.02142333984375
28,0.013372186445312462,0.7086181640625
29,0.013659609843749809,1.0833740234375
30,0.013879002109374872,0.770263671875
31,0.014204835429687312,1.05316162109375
32,0.014429435820312309,0.7379150390625
33,0.014755269140624971,1.1181640625
34,0.015018279453124839,0.8343505859375
35,0.01530309878906233,1.13037109375
36,0.015527699179687326,0.80291748046875
37,0.015853532499999989,1.1541748046875
38,0.016078132890624985,0.85479736328125
39,0.016403640703124944,1.170654296875
40,0.016628566601562422,0.87890625
41,0.016954074414062381,1.19384765625
42,0.017178674804687377,0.889892578125
43,0.017504508124999818,1.25030517578125
44,0.017729108515624814,0.95245361328125
45,0.018054941835937477,1.22894287109375
46,0.018279542226562473,0.92620849609375
47,0.018605375546874914,1.3006591796875
48,0.01882997593749991,1.0186767578125
49,0.019155809257812351,1.30615234375
50,0.019380409648437347,0.98968505859375
51,0.019705917460937306,1.34063720703125
52,0.019930843359374784,1.05438232421875
53,0.020256351171874964,1.36474609375
54,0.020478347499999883,1.0693359375
55,0.020804180820312324,1.3934326171875
56,0.02102878121093732,1.0986328125
57,0.021316204609374889,1.446533203125
58,0.021579214921874978,1.1627197265625
59,0.021905048242187419,1.44805908203125
60,0.022129648632812415,1.1517333984375
61,0.022411863906249829,1.5142822265625
62,0.022659575351562378,1.23931884765625
63,0.022957089492187333,1.519775390625
64,0.023179085820312473,1.21612548828125
65,0.023507523203124991,1.57562255859375
66,0.023770533515624859,1.28509521484375
67,0.02405535285156235,1.57196044921875
68,0.024279953242187347,1.292724609375
69,0.024605786562499787,1.62750244140625
70,0.024830386953124783,1.35498046875
71,0.025156220273437446,1.66839599609375
72,0.025380820664062442,1.3848876953125
73,0.025706328476562401,1.67724609375
74,0.025930928867187397,1.400146484375
75,0.026256762187499838,1.73248291015625
76,0.026481362578124834,1.5081787109375
77,0.026807195898437497,1.75262451171875
78,0.027031796289062493,1.48712158203125
79,0.027357629609374934,1.81365966796875
80,0.02758222999999993,1.57501220703125
81,0.027908063320312371,1.81365966796875
82,0.028132663710937367,1.575927734375
83,0.028455892968749952,1.8853759765625
84,0.028680493359374948,1.66046142578125
85,0.029006001171874907,1.91619873046875
86,0.029230927070312385,1.68975830078125
87,0.029515420898437394,1.96014404296875
88,0.02978103527343734,1.72332763671875
89,0.030068458671874909,2.01751708984375
90,0.030331468984374998,1.8035888671875
91,0.03061628832031249,2.052001953125
92,0.030879298632812358,1.80206298828125
93,0.031158909843749916,2.12005615234375
94,0.031432336406249872,1.89666748046875
95,0.031709343554687353,2.1295166015625
96,0.031972353867187442,1.89178466796875
97,0.032259777265624789,2.20367431640625
98,0.03248177359374993,2.00958251953125
99,0.032807606914062371,2.237548828125
100,0.033032207304687367,2.03033447265625
101,0.033358040624999807,2.30804443359375
102,0.033582641015624803,2.08465576171875
103,0.033908474335937466,2.34161376953125
104,0.034133074726562462,2.17742919921875
105,0.034458582539062421,2.392578125
106,0.034683508437499899,2.18994140625
107,0.035009016249999858,2.48443603515625
108,0.03523133808593748,2.29095458984375
109,0.035559449960937295,2.49114990234375
110,0.035784050351562291,2.28851318359375
111,0.036109883671874954,2.5921630859375
112,0.03633448406249995,2.4072265625
113,0.036657713320312313,2.62451171875
114,0.036882313710937309,2.42401123046875
115,0.037208147031249972,2.69561767578125
116,0.037432747421874968,2.51190185546875
117,0.037760859296874782,2.74993896484375
118,0.037983181132812405,2.559814453125
119,0.038270279023437492,2.80120849609375
120,0.038533614843749842,2.61993408203125
121,0.038818108671874851,2.886962890625
122,0.039083723046874796,2.71148681640625
123,0.039365938320312432,2.91046142578125
124,0.039634156757812455,2.7081298828125
125,0.039911163906249936,3.013916015625
126,0.040184590468749892,2.86346435546875
127,0.040458993554687295,3.03985595703125
128,0.040724607929687462,2.85614013671875
129,0.041012031328124809,3.13934326171875
130,0.041275041640624899,2.9827880859375
131,0.041559860976562391,3.17169189453125
132,0.041784461367187387,3.02215576171875
133,0.042110294687499827,3.25225830078125
134,0.042334895078124823,3.13018798828125
135,0.042660728398437486,3.3306884765625
136,0.042885328789062482,3.1939697265625
137,0.043211162109374923,3.355712890625
138,0.043435762499999919,3.23394775390625
139,0.043761270312499878,3.45703125
140,0.043986196210937356,3.389892578125
141,0.044311704023437315,3.5040283203125
142,0.044533700351562455,3.349609375
143,0.044859533671874896,3.60107421875
144,0.045084134062499892,3.56414794921875
145,0.045409967382812333,3.634033203125
146,0.045634567773437329,3.54217529296875
147,0.045960401093749992,3.74237060546875
148,0.046185001484374988,3.70697021484375
149,0.046510834804687429,3.809814453125
150,0.046735435195312425,3.7786865234375
151,0.047061268515624866,3.8641357421875
152,0.047285868906249862,3.81378173828125
153,0.04761137671874982,3.9837646484375
154,0.047835977109374817,4.000244140625
155,0.048118192382812452,4.02313232421875
156,0.048383806757812398,3.985595703125
157,0.048663743476562438,4.16595458984375
158,0.048931636406249979,4.21600341796875
159,0.049211573124999797,4.20196533203125
160,0.049484674179687493,4.168701171875
161,0.049761681328124974,4.33319091796875
162,0.050024691640624841,4.42962646484375
163,0.050312115039062411,4.42352294921875
164,0.050536715429687407,4.39910888671875
165,0.050862548749999847,4.525146484375
166,0.051125559062499937,4.58282470703125
167,0.051412982460937284,4.61578369140625
168,0.051637582851562502,4.71099853515625
169,0.051963416171874943,4.7186279296875
170,0.052188016562499939,4.7174072265625
171,0.05251384988281238,4.8626708984375
172,0.052735846210937298,5.02960205078125
173,0.053061354023437479,4.91546630859375
174,0.053286279921874957,4.925537109375
175,0.053611787734374916,5.0823974609375
176,0.053836388124999912,5.30517578125
177,0.054162221445312353,5.1434326171875
178,0.054386821835937349,5.2276611328125
179,0.05471265515624979,5.28350830078125
180,0.054937255546874786,5.5303955078125
181,0.055263088867187449,5.40435791015625
182,0.055487689257812445,5.59051513671875
183,0.055813522578124886,5.53863525390625
184,0.056038122968749882,5.721435546875
185,0.05636363078124984,5.65277099609375
186,0.056588556679687319,6.04339599609375
187,0.056914064492187499,5.78369140625
188,0.057138664882812495,5.902099609375
189,0.057464498203124936,5.91339111328125
190,0.057689098593749932,6.47369384765625
191,0.057963827187499817,6.033935546875
192,0.058236928242187291,6.2518310546875
193,0.05851653945312485,6.1956787109375
194,0.058782153828124795,6.7095947265625
195,0.059064369101562431,6.302490234375
196,0.059327379414062298,6.73980712890625
197,0.059614802812499867,6.45294189453125
198,0.059839403203124863,6.81884765625
199,0.060165236523437304,6.61407470703125
200,0.0603898369140623,7.1282958984375
201,0.060715670234374963,6.7071533203125
202,0.060937666562499881,6.93023681640625
203,0.061263499882812322,6.81396484375
204,0.061488100273437318,7.73956298828125
205,0.061813933593749981,6.90399169921875
206,0.062038533984374977,7.2332763671875
207,0.062364041796874714,6.97418212890625
208,0.062588967695312414,8.17626953125
209,0.062914475507812595,7.1466064453125
210,0.063139075898437591,7.98095703125
211,0.063464909218750032,7.28302001953125
212,0.063689509609375028,8.3331298828125
213,0.064015342929687469,7.4859619140625
214,0.064239943320312465,9.04144287109375
215,0.064565776640624906,7.66693115234375
216,0.064790377031249902,8.22784423828125
217,0.065116210351562342,7.9083251953125
218,0.065340810742187339,9.24530029296875
219,0.065666318554687519,8.087158203125
220,0.06588864039062492,8.3441162109375
221,0.066173459726562411,8.34991455078125
222,0.066413358984374726,9.22454833984375
223,0.066716081249999837,8.5699462890625
224,0.066858979179687195,8.6676025390625
225,0.067222245898437505,8.95782470703125
226,0.067266514960937274,8.7744140625
227,0.067505437695312365,9.21356201171875
228,0.067704973984374694,8.48663330078125
229,0.067816623164062451,9.1021728515625
230,0.06782573738281239,8.90625
231,0.067873587031249683,8.177490234375
232,0.067875540078125018,8.59375
curve_id,41
index,Z indent (µm),Force indent (µN)
0,0,0.653076171875
1,0.0010956592968751622,0.6732177734375
2,0.001646093007812599,0.65338134765625
3,0.0021965267187500359,0.68389892578125
4,0.002744356367187617,0.7159423828125
5,0.0032944645703125719,0.69305419921875
6,0.0038448982812500088,0.74127197265625
7,0.0043953319921876677,0.72784423828125
8,0.0049431616406250267,0.76904296875
9,0.0054961994140625414,0.7440185546875
10,0.0060466331249999783,0.7861328125
11,0.0065866505859375479,0.7989501953125
12,0.0071370842968749848,0.7958984375
13,0.0076875180078126437,0.84136962890625
14,0.0082018203515625832,0.8331298828125
15,0.0087958721093750469,0.89111328125
16,0.0093026877734376789,0.8587646484375
17,0.0098531214843751158,0.91217041015625
18,0.010400951132812475,0.909423828125
19,0.010948780781250056,0.93353271484375
20,0.011496610429687637,0.95123291015625
21,0.01204932269531267,0.95123291015625
22,0.012341954218750173,0.66925048828125
23,0.012597152343750029,1.0107421875
24,0.013150190117187543,0.97503662109375
25,0.013440217578125191,0.706787109375
26,0.013698019765625125,1.0394287109375
27,0.013944429179687523,0.71136474609375
28,0.014245849414062484,1.03729248046875
29,0.014494862890625182,0.721435546875
30,0.014788470937500131,1.0565185546875
31,0.015045296601562619,0.78399658203125
32,0.015346716835937579,1.08184814453125
33,0.015593126249999978,0.755615234375
34,0.015897150546875016,1.0931396484375
35,0.016146164023437493,0.83465576171875
36,0.016447258750000193,1.170654296875
37,0.016693993671875074,0.79071044921875
38,0.016954074414062603,1.142578125
39,0.017244101875000029,0.88653564453125
40,0.01750450812500004,1.21002197265625
41,0.017794535585937687,0.8685302734375
42,0.018057545898437555,1.2078857421875
43,0.01834757335937498,0.9112548828125
44,0.018602771484375058,1.24420166015625
45,0.018895403007812561,0.947265625
46,0.019150601132812639,1.26312255859375
47,0.019445836718749998,0.94970703125
48,0.019703638906250154,1.290283203125
49,0.019993666367187579,1.0107421875
50,0.020248864492187657,1.356201171875
51,0.02054149601562516,0.9857177734375
52,0.020799298203125094,1.331787109375
53,0.02104831167968757,1.0675048828125
54,0.021349731914062531,1.4111328125
55,0.021596141328125151,1.05438232421875
56,0.02189723605468763,1.40350341796875
57,0.022146575039062588,1.11907958984375
58,0.022440183085937537,1.47552490234375
59,0.022696683242187543,1.146240234375
60,0.022990616796874974,1.480712890625
61,0.02324711695312498,1.18316650390625
62,0.023548537187500163,1.51641845703125
63,0.023797550664062639,1.21978759765625
64,0.024098970898437599,1.5802001953125
65,0.024347984375000076,1.2200927734375
66,0.024651683164062632,1.56585693359375
67,0.024895814023437657,1.3067626953125
68,0.025199512812499991,1.640625
69,0.025446247734375094,1.2884521484375
70,0.02574994652343765,1.6339111328125
71,0.025998960000000126,1.36474609375
72,0.026259366250000138,1.70501708984375
73,0.026546789648437485,1.385498046875
74,0.026850813945312524,1.69891357421875
75,0.027097223359375144,1.4404296875
76,0.027355025546875078,1.756591796875
77,0.027650261132812659,1.49169921875
78,0.027900251132812581,1.796875
79,0.028198090781250018,1.50390625
80,0.028450684843750018,1.80755615234375
81,0.028745920429687599,1.590576171875
82,0.029001118554687677,1.86859130859375
83,0.029296354140625036,1.58447265625
84,0.029551552265625114,1.88323974609375
85,0.029844183789062617,1.6644287109375
86,0.030101985976562551,1.95953369140625
87,0.030350999453125027,1.6815185546875
88,0.03064200343750012,1.951904296875
89,0.030944725703125009,1.74896240234375
90,0.031199923828125087,2.03582763671875
91,0.031449262812500045,1.7901611328125
92,0.031750357539062524,2.0697021484375
93,0.031999371015625,1.81365966796875
94,0.032300791250000183,2.113037109375
95,0.032549804726562659,1.9073486328125
96,0.032851224960937619,2.1612548828125
97,0.033097634375000018,1.91162109375
98,0.033401658671875056,2.2015380859375
99,0.033650672148437533,2.001953125
100,0.033952092382812493,2.275390625
101,0.034198501796875114,2.02423095703125
102,0.03450220058593767,2.2845458984375
103,0.034748935507812551,2.11395263671875
104,0.035006737695312484,2.3614501953125
105,0.035301647773437583,2.1588134765625
106,0.035559449960937517,2.39715576171875
107,0.035849477421875164,2.1942138671875
108,0.036107279609375098,2.4664306640625
109,0.036399911132812601,2.28271484375
110,0.036655109257812679,2.510986328125
111,0.036950344843750038,2.30133056640625
112,0.037205542968750116,2.57476806640625
113,0.037498174492187619,2.39715576171875
114,0.037753372617187475,2.6531982421875
115,0.038048608203125056,2.4102783203125
116,0.038301202265625056,2.68524169921875
117,0.038550215742187532,2.53997802734375
118,0.038851635976562493,2.76092529296875
119,0.039100649453125191,2.547607421875
120,0.039402069687500152,2.80609130859375
121,0.039651083164062628,2.628173828125
122,0.039952503398437589,2.88421630859375
123,0.040198912812499987,2.71240234375
124,0.040502611601562544,2.92572021484375
125,0.040751950585937502,2.7435302734375
126,0.041055649375000058,2.9913330078125
127,0.041302058789062679,2.85491943359375
128,0.041603479023437639,3.07525634765625
129,0.041849888437500038,2.8594970703125
130,0.042156516796875154,3.1060791015625
131,0.042400322148437475,3.02154541015625
132,0.042704346445312513,3.19671630859375
133,0.04295335992187499,3.0072021484375
134,0.04325445464843769,3.240966796875
135,0.043501189570312571,3.13873291015625
136,0.043758991757812504,3.3197021484375
137,0.044051623281250007,3.17840576171875
138,0.044352718007812486,3.363037109375
139,0.044601731484375184,3.258056640625
140,0.044857255117187522,3.45001220703125
141,0.045152165195312621,3.3502197265625
142,0.045409967382812555,3.52569580078125
143,0.04569999484374998,3.3612060546875
144,0.045955192968750058,3.5687255859375
145,0.046250428554687639,3.55621337890625
146,0.046503022617187639,3.66912841796875
147,0.046798258203124998,3.52447509765625
148,0.047056060390625154,3.7127685546875
149,0.047302469804687552,3.7249755859375
150,0.047603890039062513,3.81378173828125
151,0.047852903515624989,3.73443603515625
152,0.048156927812500028,3.85528564453125
153,0.048403337226562648,3.87237548828125
154,0.048704757460937609,3.95965576171875
155,0.048953770937500085,3.96392822265625
156,0.049254865664062564,4.05487060546875
157,0.049501600585937666,3.9910888671875
158,0.049805299375000001,4.10858154296875
159,0.050052034296875103,4.2181396484375
160,0.05035573308593766,4.232177734375
161,0.050602142500000058,4.16839599609375
162,0.050906166796875096,4.2816162109375
163,0.051152576210937495,4.4281005859375
164,0.051453996445312677,4.43450927734375
165,0.051703009921875154,4.38995361328125
166,0.052007034218750192,4.4647216796875
167,0.052256047695312668,4.6185302734375
168,0.052511245820312524,4.62493896484375
169,0.052803877343750028,4.677734375
170,0.053104972070312506,4.7027587890625
171,0.053354311054687686,4.74639892578125
172,0.05361211324218762,4.81048583984375
173,0.053904419257812641,5.0067138671875
174,0.054159617382812497,4.93804931640625
175,0.05445224890625,4.93072509765625
176,0.054707447031250078,5.02044677734375
177,0.055002682617187659,5.30120849609375
178,0.055255276679687659,5.1849365234375
179,0.055550512265625018,5.19287109375
180,0.055805710390625096,5.2386474609375
181,0.056103550039062533,5.550537109375
182,0.056356144101562533,5.42083740234375
183,0.05664617156250018,5.5743408203125
184,0.056906577812500192,5.49346923828125
185,0.05715298722656259,5.704345703125
186,0.057457011523437629,5.65948486328125
187,0.057749643046875132,6.0272216796875
188,0.058007445234375066,5.74432373046875
189,0.058256458710937542,5.89447021484375
190,0.058557553437500021,5.89813232421875
191,0.058804288359375123,6.4471435546875
192,0.05910798714843768,6.041259765625
193,0.059357000625000156,6.2066650390625
194,0.059658420859375116,6.15386962890625
195,0.059907434335937593,6.7352294921875
196,0.060206250507812475,6.309814453125
197,0.060455263984375174,6.663818359375
198,0.060756684218750134,6.43096923828125
199,0.061005697695312611,6.829833984375
200,0.061307117929687571,6.58233642578125
201,0.061556131406250048,7.07244873046875
202,0.061857551640625008,6.69158935546875
203,0.062103961054687629,6.93084716796875
204,0.062359159179687484,6.81304931640625
205,0.062654394765625065,7.70263671875
206,0.062909592890625143,6.8768310546875
207,0.06320450296875002,7.20489501953125
208,0.063457422539062502,6.976318359375
209,0.063754936679687457,8.1475830078125
210,0.064007856249999939,7.1075439453125
211,0.064305370390624894,7.90496826171875
212,0.064560568515624972,7.27813720703125
213,0.064853200039062475,8.37615966796875
214,0.065108398164062553,7.44232177734375
215,0.065354807578124952,8.90533447265625
216,0.06566143593750029,7.65167236328125
217,0.065951463398437493,8.277587890625
218,0.066209265585937427,7.82745361328125
219,0.06650189710937493,9.20745849609375
220,0.066759699296875308,8.0743408203125
221,0.067006108710937706,8.29925537109375
222,0.067310133007812745,8.27728271484375
223,0.067533431367187369,9.20745849609375
224,0.067857637148437622,8.515625
225,0.067908741875000178,8.5614013671875
226,0.068017786992187634,8.9862060546875
227,0.068408070859375059,8.76800537109375
228,0.068637228359375246,9.14337158203125
229,0.068843925820312624,8.515625
230,0.068958504570312495,9.01611328125
231,0.068969571835937771,9.21875
232,0.069014491914062503,8.16192626953125
233,0.069014817421875208,8.4375
curve_id,42
index,Z indent (µm),Force indent (µN)
0,0,0.67596435546875
1,0.00052992671874996233,0.6524658203125
2,0.0010803604296873992,0.69488525390625
3,0.0016307941406248361,0.67962646484375
4,0.002181227851562495,0.72662353515625
5,0.0027316615624999319,0.703125
6,0.0032820952734373687,0.7421875
7,0.0038322034765623236,0.7623291015625
8,0.0043826371874999825,0.75592041015625
9,0.0049304668359373416,0.7891845703125
10,0.0054809005468750005,0.77728271484375
11,0.0060313342578124374,0.8465576171875
12,0.0065817679687498742,0.8013916015625
13,0.0071318761718748291,0.86273193359375
14,0.0076412958984373169,0.869140625
15,0.0081995417968749873,0.87646484375
16,0.0087346766406248832,0.90972900390625
17,0.0092821807812499824,0.89752197265625
18,0.0095012475390623408,0.65032958984375
19,0.0098352185546874971,0.9625244140625
20,0.01005168125,0.6500244140625
21,0.010383048203124856,0.92254638671875
22,0.010601789453124955,0.662841796875
23,0.010933481914062515,0.977783203125
24,0.011152223164062391,0.70953369140625
25,0.011483915624999952,0.97747802734375
26,0.011702656874999828,0.6890869140625
27,0.012034349335937389,1.0003662109375
28,0.012253090585937487,0.75469970703125
29,0.012584457539062344,1.0272216796875
30,0.012800920234374846,0.72296142578125
31,0.013132287187499925,1.0296630859375
32,0.013351353945312505,0.8123779296875
33,0.013682720898437362,1.08642578125
34,0.013899183593749864,0.7867431640625
35,0.014233154609374798,1.06170654296875
36,0.014403395195312418,0.83465576171875
37,0.014783588320312457,1.12823486328125
38,0.014981822578124859,0.86456298828125
39,0.015334022031249894,1.1279296875
40,0.015504262617187514,0.8740234375
41,0.015850928437499912,1.165771484375
42,0.016052092265624873,0.92071533203125
43,0.016393875468749819,1.17950439453125
44,0.016602200468749828,0.894775390625
45,0.016984997656249945,1.20758056640625
46,0.017152634179687487,0.9716796875
47,0.017491813320312355,1.256103515625
48,0.017703067890624924,0.95611572265625
49,0.018037038906249858,1.24603271484375
50,0.018253501601562361,1.004638671875
51,0.018584868554687439,1.30279541015625
52,0.01880393531250002,1.01593017578125
53,0.019135302265624876,1.30706787109375
54,0.019354043515624975,1.05560302734375
55,0.019685735976562313,1.36199951171875
56,0.019901873164062334,1.08184814453125
57,0.020236169687499972,1.365966796875
58,0.020454910937499848,1.07879638671875
59,0.020783999335937331,1.39892578125
60,0.021005344648437507,1.16851806640625
61,0.02133443304687499,1.44134521484375
62,0.021553174296874866,1.156005859375
63,0.021884866757812427,1.44134521484375
64,0.022101003945312447,1.2200927734375
65,0.022434974960937382,1.52008056640625
66,0.022636138789062343,1.21978759765625
67,0.022985408671874819,1.51702880859375
68,0.023153045195312361,1.27471923828125
69,0.023535842382812477,1.58294677734375
70,0.023736680703124957,1.3018798828125
71,0.024086276093749914,1.57958984375
72,0.024253912617187456,1.31927490234375
73,0.024603182499999932,1.6278076171875
74,0.024804346328124893,1.390380859375
75,0.025146129531249839,1.671142578125
76,0.025354454531249848,1.39434814453125
77,0.025737251718749965,1.67083740234375
78,0.025904888242187507,1.47308349609375
79,0.026236580703124845,1.73614501953125
80,0.026455321953124944,1.4764404296875
81,0.026787014414062504,1.7462158203125
82,0.027005755664062381,1.55792236328125
83,0.027337448124999941,1.8218994140625
84,0.027556189374999818,1.56463623046875
85,0.027887556328124896,1.8084716796875
86,0.028106623085937477,1.59912109375
87,0.028437990039062333,1.87652587890625
88,0.028656731289062432,1.6693115234375
89,0.028985819687499914,1.91162109375
90,0.029207164999999868,1.68914794921875
91,0.029536253398437351,1.9427490234375
92,0.029754994648437449,1.761474609375
93,0.03008668710937501,1.995849609375
94,0.030305428359374886,1.76422119140625
95,0.030637120820312447,2.0355224609375
96,0.03085065394531239,1.856689453125
97,0.031187229023437402,2.110595703125
98,0.0313574696093748,1.86187744140625
99,0.031737662734374839,2.1148681640625
100,0.031905299257812381,1.92962646484375
101,0.032288096445312497,2.19024658203125
102,0.032455732968749818,1.97540283203125
103,0.032838530156249934,2.2222900390625
104,0.033006166679687476,2.04193115234375
105,0.033388963867187371,2.27996826171875
106,0.033556600390624913,2.0916748046875
107,0.033939397578124808,2.3321533203125
108,0.03410703410156235,2.120361328125
109,0.034456303984374825,2.3681640625
110,0.034657142304687305,2.21405029296875
111,0.034996646953124877,2.44781494140625
112,0.035207576015624964,2.22412109375
113,0.03554187253906238,2.4676513671875
114,0.035758009726562401,2.3162841796875
115,0.036089702187499961,2.5531005859375
116,0.036308443437499838,2.3388671875
117,0.036639810390624916,2.5958251953125
118,0.036858877148437497,2.437744140625
119,0.037187640039062497,2.6611328125
120,0.037406706796874856,2.4713134765625
121,0.037738073749999934,2.71331787109375
122,0.037957140507812515,2.52960205078125
123,0.038288507460937371,2.76641845703125
124,0.038507248710937469,2.6068115234375
125,0.038838941171874808,2.85919189453125
126,0.039055078359374829,2.64801025390625
127,0.039389374882812467,2.8765869140625
128,0.03960290800781241,2.73895263671875
129,0.039939808593749904,2.97607421875
130,0.040107445117187446,2.75909423828125
131,0.040489916796874859,3.0108642578125
132,0.040688476562499964,2.89093017578125
133,0.041040350507812517,3.0914306640625
134,0.041238910273437401,2.89825439453125
135,0.041590784218749954,3.13812255859375
136,0.041758420742187496,3.00994873046875
137,0.042141217929687391,3.20343017578125
138,0.042308854453124933,3.05755615234375
139,0.042658124335937408,3.28155517578125
140,0.04285928816406237,3.1353759765625
141,0.04319846730468746,3.309326171875
142,0.043409721874999807,3.2208251953125
143,0.043741088828124886,3.411865234375
144,0.043959830078124984,3.25103759765625
145,0.044291522539062322,3.448486328125
146,0.044510263789062421,3.38348388671875
147,0.044841956249999981,3.544921875
148,0.045060697499999858,3.38714599609375
149,0.04538978589843734,3.5797119140625
150,0.045608527148437439,3.54827880859375
151,0.045940219609374999,3.6810302734375
152,0.046158960859374876,3.5723876953125
153,0.046490327812499954,3.74847412109375
154,0.046709394570312313,3.7060546875
155,0.047040761523437391,3.7994384765625
156,0.04725950277343749,3.76251220703125
157,0.047591195234374828,3.8983154296875
158,0.047809936484374926,3.822021484375
159,0.048141628945312487,3.9434814453125
160,0.04835516207031243,3.9813232421875
161,0.048692062656249924,4.0655517578125
162,0.048892900976562403,3.98284912109375
163,0.049242496367187361,4.11468505859375
164,0.04944333468749984,4.18670654296875
165,0.049792604570312315,4.2242431640625
166,0.049960241093749858,4.18609619140625
167,0.050343038281249974,4.30023193359375
168,0.050510674804687516,4.3792724609375
169,0.050890867929687333,4.4171142578125
170,0.051061108515624953,4.4207763671875
171,0.051441301640624992,4.49798583984375
172,0.05161154222656239,4.5281982421875
173,0.051960812109374865,4.5965576171875
174,0.052161975937499827,4.69207763671875
175,0.052495946953124983,4.71832275390625
176,0.052712084140625004,4.69696044921875
177,0.05304638066406242,4.7930908203125
178,0.053262517851562441,4.971923828125
179,0.053594210312500001,4.91485595703125
180,0.0538103474999998,4.9169921875
181,0.05414203996093736,5.0250244140625
182,0.054360781210937459,5.23834228515625
183,0.054692473671875019,5.137939453125
184,0.054911214921874896,5.218505859375
185,0.055242581874999974,5.255126953125
186,0.055461648632812333,5.423583984375
187,0.055793015585937411,5.35400390625
188,0.056012082343749992,5.59112548828125
189,0.056343449296874848,5.4998779296875
190,0.056562190546874946,5.592041015625
191,0.056893883007812507,5.5914306640625
192,0.057094721328124987,6.01348876953125
193,0.057444316718749944,5.723876953125
194,0.057611953242187486,5.82000732421875
195,0.057994750429687381,5.87890625
196,0.058192984687500005,6.3739013671875
197,0.058542580078124962,5.97198486328125
198,0.058712495156249878,6.18621826171875
199,0.059092688281249917,6.1358642578125
200,0.059262928867187314,6.61468505859375
201,0.059643121992187353,6.236572265625
202,0.059813362578124973,6.66046142578125
203,0.060162957968749931,6.417236328125
204,0.06036379628906241,6.7437744140625
205,0.060743989414062449,6.5032958984375
206,0.060914229999999847,7.0294189453125
207,0.061245596953124926,6.666259765625
208,0.061462059648437428,6.84661865234375
209,0.061796030664062362,6.78985595703125
210,0.062012493359374865,7.5909423828125
211,0.062343860312499944,6.8389892578125
212,0.062562601562500042,7.10540771484375
213,0.062894294023437602,6.94000244140625
214,0.063113035273437479,7.9632568359375
215,0.063444727734375039,7.0135498046875
216,0.063663468984374916,7.8387451171875
217,0.063995161445312476,7.24456787109375
218,0.064213902695312353,8.11309814453125
219,0.064545269648437209,7.31658935546875
220,0.064759128281250078,8.8543701171875
221,0.06509570335937509,7.59246826171875
222,0.065314444609374966,8.072509765625
223,0.065646137070312527,7.7362060546875
224,0.065844371328124929,9.1571044921875
225,0.066196570781249964,7.9718017578125
226,0.066364207304687284,8.18634033203125
227,0.066744400429687545,8.18389892578125
228,0.066922127695312472,9.1033935546875
229,0.067294834140624982,8.3856201171875
230,0.06734789191406243,8.5211181640625
231,0.067720272851562235,8.70880126953125
232,0.067845267851562419,8.680419921875
233,0.068011927851562515,9.13116455078125
234,0.06822285691406238,8.28826904296875
235,0.068362174257812214,8.8421630859375
236,0.068399607656250083,8.0517578125
237,0.068402862734374903,9.2474365234375
238,0.068403188242187607,8.59375
curve_id,43
index,Z indent (µm),Force indent (µN)
0,0,0.65765380859375
1,0.00055043371093765892,0.66802978515625
2,0.0011008674218750958,0.66497802734375
3,0.0016513011328125327,0.694580078125
4,0.0021581167968751647,0.69305419921875
5,0.0027521685546876284,0.74005126953125
6,0.0032999982031252095,0.7122802734375
7,0.0038016057421876859,0.76507568359375
8,0.0043520394531251227,0.75958251953125
9,0.0049024731640625596,0.772705078125
10,0.0054525813671875145,0.79315185546875
11,0.0060004110156250956,0.79315185546875
12,0.0065508447265625325,0.8642578125
13,0.0071012784375001914,0.828857421875
14,0.0076517121484376283,0.8856201171875
15,0.0082021458593750651,0.88226318359375
16,0.008752579570312502,0.9027099609375
17,0.0089465822265626382,0.66436767578125
18,0.0093026877734376789,0.914306640625
19,0.0098531214843751158,0.931396484375
20,0.010044520078125174,0.71258544921875
21,0.010403555195312553,0.9771728515625
22,0.010594953789062611,0.6951904296875
23,0.010910370859375185,0.9429931640625
24,0.011147991562500126,0.72540283203125
25,0.011501818554687571,1.00860595703125
26,0.011695821210937707,0.73883056640625
27,0.012008634218750203,0.99395751953125
28,0.012246254921875144,0.76812744140625
29,0.012602360468750184,1.03057861328125
30,0.012788876445312569,0.797119140625
31,0.013104293515625143,1.038818359375
32,0.013295692109375201,0.7904052734375
33,0.013652123164062502,1.05926513671875
34,0.013848729882812494,0.86822509765625
35,0.014202556875000161,1.126708984375
36,0.014396559531250075,0.8489990234375
37,0.014752665078125116,1.0943603515625
38,0.014946993242187512,0.89874267578125
39,0.015303098789062552,1.16424560546875
40,0.015497101445312689,0.90545654296875
41,0.015853532500000211,1.15692138671875
42,0.016047535156250126,0.93902587890625
43,0.016406570273437504,1.2115478515625
44,0.016595364804687707,0.972900390625
45,0.016957003984375163,1.19903564453125
46,0.017148402578124999,0.96771240234375
47,0.017504833632812522,1.25335693359375
48,0.01769623222656258,1.03973388671875
49,0.018054941835937699,1.2847900390625
50,0.018246665937500017,1.02447509765625
51,0.018602771484375058,1.2841796875
52,0.01879937820312505,1.08306884765625
53,0.019153205195312495,1.34796142578125
54,0.019347207851562631,1.0760498046875
55,0.019703638906250154,1.35009765625
56,0.019897641562500068,1.13616943359375
57,0.020210454570312564,1.40625
58,0.020450679335937583,1.163330078125
59,0.020760888281250001,1.40380859375
60,0.020995904921875086,1.1700439453125
61,0.021306113867187504,1.4642333984375
62,0.021546338632812523,1.24053955078125
63,0.021853943515625085,1.5020751953125
64,0.022091564218750026,1.229248046875
65,0.0224069812890626,1.51580810546875
66,0.022598379882812658,1.292724609375
67,0.022957415000000037,1.5716552734375
68,0.023192431640625122,1.292724609375
69,0.023505244648437618,1.5777587890625
70,0.023699247304687532,1.368408203125
71,0.024055352851562573,1.641845703125
72,0.024249681015625191,1.380615234375
73,0.024605786562500009,1.63726806640625
74,0.024799789218750146,1.41265869140625
75,0.025156220273437668,1.68914794921875
76,0.025347618867187505,1.497802734375
77,0.025706653984375105,1.7279052734375
78,0.025898052578125164,1.4996337890625
79,0.026254483632812686,1.73736572265625
80,0.026451090351562678,1.57867431640625
81,0.026804917343750123,1.80572509765625
82,0.026998920000000037,1.56402587890625
83,0.027357629609375156,1.8194580078125
84,0.027549353710937696,1.64947509765625
85,0.027908063320312593,1.89788818359375
86,0.028099461914062651,1.66259765625
87,0.02845849703125003,1.884765625
88,0.028649895625000088,1.71295166015625
89,0.029006326679687611,1.96014404296875
90,0.029200329335937525,1.77001953125
91,0.029513142343750021,1.99432373046875
92,0.029748158984375106,1.78619384765625
93,0.030107194101562706,2.0477294921875
94,0.030301196757812621,1.87042236328125
95,0.030657627812500143,2.098388671875
96,0.030802804296875097,1.861572265625
97,0.03115923535156262,2.1282958984375
98,0.031394251992187705,1.981201171875
99,0.031707065000000201,2.213134765625
100,0.031901067656250115,1.97479248046875
101,0.032257498710937638,2.2015380859375
102,0.032492515351562501,2.069091796875
103,0.032807932421875075,2.2967529296875
104,0.032999331015625133,2.10845947265625
105,0.033358040625000029,2.32208251953125
106,0.03354976472656257,2.16156005859375
107,0.033908474335937688,2.3919677734375
108,0.034099872929687525,2.22930908203125
109,0.034458908046875125,2.43499755859375
110,0.034652910703125039,2.24639892578125
111,0.035006737695312706,2.48504638671875
112,0.03520074035156262,2.36297607421875
113,0.035557171406250143,2.5653076171875
114,0.035753778125000135,2.3541259765625
115,0.03610760511718758,2.58270263671875
116,0.036301607773437494,2.46734619140625
117,0.036657713320312535,2.6824951171875
118,0.036852041484375153,2.49755859375
119,0.037208147031250194,2.71148681640625
120,0.037402149687500108,2.57843017578125
121,0.037758580742187631,2.79296875
122,0.037952583398437545,2.628173828125
123,0.038309014453125068,2.84423828125
124,0.038500413046875126,2.6617431640625
125,0.038859448164062504,2.88818359375
126,0.039050846757812563,2.7783203125
127,0.039409881875000163,2.99407958984375
128,0.03960128046875,2.7801513671875
129,0.03991148941406264,2.9998779296875
130,0.040146506054687503,2.9156494140625
131,0.040459319062499999,3.09814453125
132,0.040699543828125018,2.9156494140625
133,0.041009752773437658,3.135986328125
134,0.041247373476562599,3.06060791015625
135,0.041562790546875172,3.22845458984375
136,0.041754189140625009,3.08441162109375
137,0.042108016132812676,3.2672119140625
138,0.04230201878906259,3.16253662109375
139,0.042658124335937631,3.31085205078125
140,0.042852452500000027,3.26263427734375
141,0.043208558046875067,3.42437744140625
142,0.043405164765625059,3.26934814453125
143,0.043758991757812504,3.431396484375
144,0.043952994414062641,3.42010498046875
145,0.044309425468750163,3.5504150390625
146,0.0445008240625,3.4124755859375
147,0.044862463242187678,3.5845947265625
148,0.045053861835937514,3.60382080078125
149,0.045410292890625037,3.68408203125
150,0.045601691484375095,3.57940673828125
151,0.04596300515625007,3.734130859375
152,0.046152125195312532,3.74114990234375
153,0.046510834804687651,3.80859375
154,0.046704837460937565,3.79791259765625
155,0.04705866445312501,3.912353515625
156,0.047252667109375146,3.856201171875
157,0.047609098164062669,3.9483642578125
158,0.047803100820312583,4.02679443359375
159,0.048115913828125079,4.0753173828125
160,0.048356138593750098,4.00238037109375
161,0.048709965585937542,4.1302490234375
162,0.048903968242187679,4.23858642578125
163,0.049211573125000019,4.24407958984375
164,0.049446589765625104,4.197998046875
165,0.0497594027734376,4.30084228515625
166,0.049997023476562541,4.41314697265625
167,0.050309836484375037,4.4195556640625
168,0.050503839140625173,4.4378662109375
169,0.050862874257812551,4.52301025390625
170,0.05105427285156261,4.58709716796875
171,0.051412982460937506,4.59747314453125
172,0.051604706562500047,4.708251953125
173,0.051963416171875165,4.72076416015625
174,0.052155140273437706,4.72686767578125
175,0.052511245820312524,4.8101806640625
176,0.052705248476562661,5.040283203125
177,0.053061679531250183,4.940185546875
178,0.053255682187500097,4.93743896484375
179,0.05361211324218762,5.02899169921875
180,0.053803511835937678,5.27496337890625
181,0.054162546953125057,5.14556884765625
182,0.054356549609375193,5.2459716796875
183,0.054710376601562638,5.27618408203125
184,0.054904379257812552,5.47393798828125
185,0.055260484804687593,5.34942626953125
186,0.055454812968750211,5.6182861328125
187,0.05581091851562503,5.52520751953125
188,0.056004921171875166,5.6353759765625
189,0.056361352226562689,5.6011962890625
190,0.056555354882812603,6.04827880859375
191,0.056870771953125177,5.76080322265625
192,0.05710578859375004,5.867919921875
193,0.05746482371093764,5.87615966796875
194,0.057653618242187621,6.3995361328125
195,0.057969035312500194,6.00555419921875
196,0.058198843828125124,6.234130859375
197,0.05851165683593762,6.16424560546875
198,0.058749277539062561,6.6473388671875
199,0.059062090546875057,6.26495361328125
200,0.059256093203125193,6.7083740234375
201,0.059612524257812716,6.4306640625
202,0.05980652691406263,6.78253173828125
203,0.060162957968750153,6.512451171875
204,0.060356960625000067,7.09259033203125
205,0.060713066171875107,6.70806884765625
206,0.060907394335937504,6.866455078125
207,0.061263499882812544,6.78253173828125
208,0.061455223984375085,7.61383056640625
209,0.061813933593749981,6.861572265625
210,0.06200533218750004,7.1929931640625
211,0.062364367304687418,6.956787109375
212,0.062555765898437476,7.96295166015625
213,0.062914801015625299,7.04010009765625
214,0.063106199609374913,7.940673828125
215,0.063465234726562736,7.247314453125
216,0.06365923738281265,8.160400390625
217,0.064013064375000317,7.36419677734375
218,0.064209671093750087,8.89404296875
219,0.06456317257812505,7.62115478515625
220,0.064757500742187668,8.15155029296875
221,0.065113606289062487,7.75604248046875
222,0.065307608945312401,9.178466796875
223,0.065664039999999924,8.01483154296875
224,0.065855438593749982,8.27239990234375
225,0.066170855664062556,8.20587158203125
226,0.066383412265625052,9.13238525390625
227,0.066718685312500137,8.4381103515625
228,0.066796481679687547,8.61083984375
229,0.067199134843750175,8.75213623046875
230,0.067312737070312822,8.69293212890625
231,0.067468004296874939,9.1864013671875
232,0.067681862929687808,8.34808349609375
233,0.067816623164062451,9.21875
234,0.06781955273437501,8.90167236328125
235,0.067869680937499899,8.10577392578125
236,0.067870657460937567,9.2645263671875
curve_id,44
index,Z indent (µm),Force indent (µN)
0,0,0.65032958984375
1,0.001098263359375018,0.66070556640625
2,0.0016483715624999729,0.69427490234375
3,0.0021988052734374097,0.66680908203125
4,0.0027492389843750686,0.72021484375
5,0.0032996726953125055,0.70037841796875
6,0.0038501064062499424,0.75286865234375
7,0.0043670128124999597,0.72265625
8,0.0049506483203125562,0.76446533203125
9,0.0054577894921874481,0.78582763671875
10,0.0060004110156250956,0.760498046875
11,0.0065531232812499063,0.8209228515625
12,0.0071009529296874874,0.7952880859375
13,0.0076513866406249242,0.85906982421875
14,0.0082018203515625832,0.8392333984375
15,0.0087496499999999422,0.8758544921875
16,0.0093000837109376011,0.8953857421875
17,0.009850517421875038,0.88714599609375
18,0.010277258164062442,0.6512451171875
19,0.010400951132812475,0.9295654296875
20,0.01095105933593743,0.91339111328125
21,0.011378125585937537,0.6988525390625
22,0.011501493046875089,0.9796142578125
23,0.011928559296874974,0.67291259765625
24,0.012051926757812526,0.94451904296875
25,0.012476388945312555,0.75225830078125
26,0.012602360468749962,1.00250244140625
27,0.013026822656249992,0.72174072265625
28,0.013152794179687399,1.0174560546875
29,0.013577256367187429,0.76385498046875
30,0.013703227890625058,1.0162353515625
31,0.014127364570312606,0.7861328125
32,0.014250732031249935,1.0711669921875
33,0.014672590156250109,0.79437255859375
34,0.01477317207031259,1.05316162109375
35,0.015223023867187546,0.853271484375
36,0.015303098789062552,1.14410400390625
37,0.01576076277343752,0.826416015625
38,0.015853532499999989,1.09344482421875
39,0.016313800546875035,0.9088134765625
40,0.016403640703124944,1.165771484375
41,0.016828102890624974,0.88287353515625
42,0.016951470351562525,1.17584228515625
43,0.017378536601562411,0.93780517578125
44,0.017501904062499962,1.2078857421875
45,0.01792897031250007,0.95245361328125
46,0.018052337773437399,1.229248046875
47,0.018479404023437507,0.97320556640625
48,0.018602771484375058,1.2518310546875
49,0.019029837734374944,1.01654052734375
50,0.019579945937499899,1.00006103515625
51,0.019657416796875049,1.30706787109375
52,0.019803244296874967,1.2811279296875
53,0.020130379648437557,1.0882568359375
54,0.020253747109375109,1.35986328125
55,0.020678209296874916,1.06597900390625
56,0.020804180820312546,1.35833740234375
57,0.021228643007812575,1.1358642578125
58,0.021354614531249982,1.40411376953125
59,0.021779076718750012,1.14166259765625
60,0.021905048242187419,1.42730712890625
61,0.022329510429687449,1.18316650390625
62,0.022421954648437437,1.46881103515625
63,0.022879618632812404,1.2103271484375
64,0.022972388359375095,1.5350341796875
65,0.023427448281249985,1.214599609375
66,0.023553419804687392,1.51031494140625
67,0.0239804860546875,1.29547119140625
68,0.024057956914062428,1.57989501953125
69,0.024528315703125081,1.27960205078125
70,0.024605786562500009,1.58782958984375
71,0.025060846484374899,1.35467529296875
72,0.025155894765624964,1.630859375
73,0.025580356953124994,1.35162353515625
74,0.025703724414062545,1.6607666015625
75,0.026161713906249995,1.42547607421875
76,0.026254158124999982,1.68426513671875
77,0.02668122437500009,1.4593505859375
78,0.026804591835937419,1.7510986328125
79,0.027231658085937527,1.4825439453125
80,0.027355025546875078,1.7333984375
81,0.027782091796874964,1.57073974609375
82,0.027905459257812515,1.8115234375
83,0.028332199999999919,1.573486328125
84,0.028455892968749952,1.8182373046875
85,0.0288800296484375,1.64031982421875
86,0.029006001171874907,1.884765625
87,0.029430463359374937,1.6448974609375
88,0.029556434882812566,1.9036865234375
89,0.029980897070312595,1.7144775390625
90,0.030104264531249925,1.93878173828125
91,0.030531330781250032,1.7462158203125
92,0.030654698242187584,2.02972412109375
93,0.031081764492187469,1.790771484375
94,0.03120513195312502,2.01568603515625
95,0.031632198203124906,1.85211181640625
96,0.031714551679687508,2.1075439453125
97,0.032182306406250083,1.878662109375
98,0.032262381328125089,2.117919921875
99,0.03273274011718752,1.94580078125
100,0.032807606914062593,2.18231201171875
101,0.033283173828124957,1.96533203125
102,0.033355436562499952,2.20611572265625
103,0.03382839941406246,2.0672607421875
104,0.033913356953124918,2.27203369140625
105,0.034332611015625014,2.08465576171875
106,0.034456303984375047,2.33734130859375
107,0.034913967968750015,2.1466064453125
108,0.035006412187500002,2.3590087890625
109,0.03543347843750011,2.208251953125
110,0.035556845898437439,2.44903564453125
111,0.035983912148437547,2.24639892578125
112,0.036107279609375098,2.47161865234375
113,0.036534345859374984,2.3321533203125
114,0.036657713320312535,2.56561279296875
115,0.037082175507812565,2.3431396484375
116,0.037208147031249972,2.5732421875
117,0.037632609218750002,2.45086669921875
118,0.037758580742187409,2.66326904296875
119,0.038182717421874957,2.4755859375
120,0.038306084882812508,2.71575927734375
121,0.038733151132812393,2.5506591796875
122,0.038856518593749945,2.7618408203125
123,0.039283584843750052,2.6092529296875
124,0.039406952304687604,2.84637451171875
125,0.039834018554687489,2.6708984375
126,0.03995738601562504,2.86895751953125
127,0.040384452265624926,2.728271484375
128,0.04047461792968754,2.969970703125
129,0.040934885976562585,2.78045654296875
130,0.041058253437499914,2.99163818359375
131,0.04148499417968754,2.879638671875
132,0.041577763906250009,3.0670166015625
133,0.042032823828124899,2.9168701171875
134,0.042158795351562528,3.14300537109375
135,0.042583257539062558,3.00811767578125
136,0.042663332460937564,3.1890869140625
137,0.043133691249999995,3.06427001953125
138,0.043208558046875067,3.2598876953125
139,0.043668826093750113,3.17291259765625
140,0.043758666250000022,3.30169677734375
141,0.044185732499999908,3.21441650390625
142,0.044309099960937459,3.39599609375
143,0.044766763945312427,3.28948974609375
144,0.044859533671874896,3.427734375
145,0.045283995859374926,3.37188720703125
146,0.045409967382812555,3.538818359375
147,0.045834429570312585,3.4246826171875
148,0.045960401093749992,3.57635498046875
149,0.046384863281250022,3.5498046875
150,0.046508230742187573,3.662109375
151,0.046934971484374977,3.58001708984375
152,0.04705866445312501,3.74755859375
153,0.047485405195312413,3.73992919921875
154,0.047608772656249965,3.79302978515625
155,0.048035838906250072,3.7548828125
156,0.048159206367187402,3.90838623046875
157,0.048586272617187509,3.86932373046875
158,0.04870964007812506,3.9410400390625
159,0.049136706328124946,3.96697998046875
160,0.049260073789062497,4.0655517578125
161,0.049687140039062605,4.0277099609375
162,0.049779584257812592,4.13330078125
163,0.050234969687499964,4.190673828125
164,0.050360941210937593,4.217529296875
165,0.050785077890624919,4.1778564453125
166,0.05087784761718761,4.33624267578125
167,0.051335511601562578,4.41741943359375
168,0.051410378398437429,4.38934326171875
169,0.051885945312500015,4.40521240234375
170,0.051960812109375087,4.55596923828125
171,0.052431170898437518,4.6014404296875
172,0.052511245820312524,4.581298828125
173,0.052968909804687492,4.6600341796875
174,0.053061354023437479,4.73876953125
175,0.053485816210937509,4.76165771484375
176,0.053611787734374916,4.8162841796875
177,0.054066847656250028,4.94171142578125
178,0.054162221445312575,4.93682861328125
179,0.054586683632812605,4.954833984375
180,0.054710051093749934,5.04638671875
181,0.055137117343750042,5.2630615234375
182,0.055260484804687593,5.145263671875
183,0.055687551054687479,5.1953125
184,0.05581091851562503,5.2899169921875
185,0.056237659257812433,5.516357421875
186,0.056361352226562467,5.37322998046875
187,0.056788092968750092,5.5181884765625
188,0.056911460429687422,5.51666259765625
189,0.057338526679687529,5.73638916015625
190,0.05746189414062508,5.628662109375
191,0.057888960390624966,5.90972900390625
192,0.058012327851562517,5.7476806640625
193,0.058436790039062547,5.9368896484375
194,0.058562761562499954,5.8770751953125
195,0.058987223749999984,6.35284423828125
196,0.059113195273437613,6.01715087890625
197,0.059537657460937421,6.1907958984375
198,0.059630101679687408,6.1419677734375
199,0.060087765664062598,6.69769287109375
200,0.060211133124999927,6.28143310546875
201,0.060632991250000101,6.57012939453125
202,0.060713066171875107,6.42547607421875
203,0.061188633085937472,6.83746337890625
204,0.061263499882812544,6.51580810546875
205,0.061739066796874909,6.927490234375
206,0.061813933593749981,6.70440673828125
207,0.062238070273437529,6.951904296875
208,0.062361763242187562,6.80450439453125
209,0.062832122031249993,7.47894287109375
210,0.062914475507812595,6.83746337890625
211,0.063369535429687707,7.1966552734375
212,0.063462305156250176,6.976318359375
213,0.063889371406250062,8.00567626953125
214,0.064012738867187613,7.0379638671875
215,0.064439805117187499,7.72308349609375
216,0.06456317257812505,7.24090576171875
217,0.064990238828124935,8.38897705078125
218,0.065113606289062487,7.41912841796875
219,0.065540347031250112,8.46923828125
220,0.065663714492187664,7.586669921875
221,0.066090780742187549,8.30596923828125
222,0.066214148203125101,7.80975341796875
223,0.06663861039062513,8.91357421875
224,0.066764581914062537,8.02520751953125
225,0.067188067578124899,8.2861328125
226,0.067315015624999974,8.22509765625
227,0.067685443515624888,8.96148681640625
228,0.067865449335937411,8.47259521484375
229,0.068102093515624906,8.370361328125
230,0.068413278984374992,8.741455078125
231,0.068438017578124954,8.8421630859375
232,0.068693215703125032,8.692626953125
233,0.06886768789062514,8.59466552734375
234,0.068920094648437624,8.91448974609375
235,0.068961108632812573,8.9715576171875
236,0.068979011562500192,8.56964111328125
curve_id,45
index,Z indent (µm),Force indent (µN)
0,0,0.65521240234375
1,0.0011005419140623918,0.69061279296875
2,0.0016483715624999729,0.6634521484375
3,0.0021988052734374097,0.71563720703125
4,0.0027108290624999754,0.72021484375
5,0.0032996726953125055,0.73333740234375
6,0.0038038842968748376,0.76507568359375
7,0.0043543180078124966,0.76385498046875
8,0.0048995435937499998,0.82122802734375
9,0.0051374898046874229,0.67047119140625
10,0.0054499773046874367,0.79193115234375
11,0.0056875980078123778,0.65673828125
12,0.0060004110156248736,0.85723876953125
13,0.0062380317187498147,0.714111328125
14,0.0065508447265623104,0.85968017578125
15,0.0067884654296874736,0.72906494140625
16,0.0071009529296874874,0.888671875
17,0.0073388991406249104,0.714111328125
18,0.0076513866406249242,0.9051513671875
19,0.0078893328515623473,0.7952880859375
20,0.0082018203515623611,0.92071533203125
21,0.0084394410546873022,0.76324462890625
22,0.008752254062499798,0.977783203125
23,0.0089898747656249611,0.86029052734375
24,0.0093026877734374569,0.96221923828125
25,0.0095377044140623202,0.8331298828125
26,0.0098505174218748159,1.02386474609375
27,0.010088138124999979,0.9088134765625
28,0.010400625624999993,1.0296630859375
29,0.010638571835937416,0.90606689453125
30,0.010910045351562481,1.07269287109375
31,0.011183797421874919,0.93292236328125
32,0.011501493046874867,1.0882568359375
33,0.011739439257812512,0.9759521484375
34,0.012008308710937499,1.121826171875
35,0.012279456718749859,0.97198486328125
36,0.012553534296875002,1.17919921875
37,0.012829890429687296,1.0357666015625
38,0.013106572070312295,1.16424560546875
39,0.013339310156250006,1.02020263671875
40,0.013651797656249798,1.22955322265625
41,0.013889743867187443,1.124267578125
42,0.014202231367187457,1.23931884765625
43,0.014439852070312398,1.112060546875
44,0.014752665078124894,1.2982177734375
45,0.014990285781249835,1.153564453125
46,0.01530309878906233,1.30462646484375
47,0.015540719492187494,1.19964599609375
48,0.015853206992187507,1.3427734375
49,0.01609115320312493,1.2066650390625
50,0.016403640703124944,1.400146484375
51,0.016641586914062367,1.27716064453125
52,0.016954074414062381,1.39617919921875
53,0.017189416562499948,1.2615966796875
54,0.017504508124999818,1.4813232421875
55,0.017739850273437385,1.3616943359375
56,0.018052337773437399,1.48773193359375
57,0.01828995847656234,1.33819580078125
58,0.018602771484374836,1.54876708984375
59,0.018840392187499999,1.40838623046875
60,0.019153205195312495,1.54937744140625
61,0.019385617773437502,1.45172119140625
62,0.019662624921874983,1.6119384765625
63,0.019938655546874795,1.4825439453125
64,0.020212733124999938,1.64886474609375
65,0.02049169332031231,1.5545654296875
66,0.020760562773437297,1.6650390625
67,0.021031710781249879,1.54052734375
68,0.021306113867187504,1.72576904296875
69,0.021541130507812367,1.6583251953125
70,0.021853618007812381,1.73614501953125
71,0.022132578203124975,1.62628173828125
72,0.022404051718749818,1.81396484375
73,0.022641997929687463,1.72607421875
74,0.022954485429687477,1.81610107421875
75,0.0231924316406249,1.73431396484375
76,0.023504919140624914,1.8865966796875
77,0.023742539843749855,1.80328369140625
78,0.02405535285156235,1.9183349609375
79,0.024292973554687514,1.86126708984375
80,0.024605786562500009,1.97509765625
81,0.02484340726562495,1.861572265625
82,0.025155894765624964,2.01934814453125
83,0.02539123691406231,1.98150634765625
84,0.025706328476562401,2.06329345703125
85,0.025941670624999968,1.9482421875
86,0.026254158124999982,2.139892578125
87,0.026492104335937405,2.07733154296875
88,0.026804591835937419,2.13653564453125
89,0.027042538046874842,2.0758056640625
90,0.027355025546874856,2.23114013671875
91,0.027592646249999797,2.17987060546875
92,0.027905459257812515,2.26287841796875
93,0.028143079960937456,2.21893310546875
94,0.028455892968749952,2.32635498046875
95,0.028690909609374815,2.24761962890625
96,0.029006001171874907,2.37884521484375
97,0.029238739257812396,2.3712158203125
98,0.029556434882812344,2.42919921875
99,0.02974295085937495,2.353515625
100,0.030055763867187446,2.515869140625
101,0.03033179449218748,2.50274658203125
102,0.030608476132812479,2.5543212890625
103,0.030843818281249824,2.476806640625
104,0.031156305781249838,2.63824462890625
105,0.031394251992187483,2.60711669921875
106,0.031706739492187497,2.69073486328125
107,0.03194468570312492,2.6312255859375
108,0.032257173203124934,2.76092529296875
109,0.032495119414062357,2.6910400390625
110,0.032807606914062371,2.8240966796875
111,0.033045227617187312,2.801513671875
112,0.033358040624999807,2.89031982421875
113,0.033593057265624893,2.7947998046875
114,0.033905870273437388,2.9736328125
115,0.03414349097656233,2.945556640625
116,0.034456303984374825,3.00323486328125
117,0.034693924687499988,2.91839599609375
118,0.035006412187500002,3.10638427734375
119,0.035244358398437425,3.0828857421875
120,0.035556845898437439,3.1524658203125
121,0.035794792109374862,3.0859375
122,0.036107279609374876,3.2281494140625
123,0.036344900312499817,3.187255859375
124,0.036657713320312313,3.28277587890625
125,0.036895334023437476,3.2818603515625
126,0.037208147031249972,3.3502197265625
127,0.037445767734374913,3.30322265625
128,0.03771756675781246,3.4307861328125
129,0.037985785195312483,3.4735107421875
130,0.038265396406249819,3.48785400390625
131,0.038536218906249919,3.43902587890625
132,0.038810621992187322,3.58245849609375
133,0.039045638632812407,3.64166259765625
134,0.039358451640624903,3.6248779296875
135,0.039634482265624937,3.63250732421875
136,0.03990888535156234,3.74176025390625
137,0.040146506054687503,3.7701416015625
138,0.040458993554687517,3.7884521484375
139,0.04069693976562494,3.8714599609375
140,0.041009427265624954,3.86627197265625
141,0.041244769414062299,3.905029296875
142,0.041559860976562391,3.96484375
143,0.041795203124999958,4.110107421875
144,0.042107690624999972,4.03289794921875
145,0.042345311328124913,4.049072265625
146,0.042658124335937408,4.141845703125
147,0.04289574503906235,4.32403564453125
148,0.043208558046874845,4.21112060546875
149,0.043446178750000009,4.28192138671875
150,0.0437586662499998,4.334716796875
151,0.043996612460937445,4.4830322265625
152,0.044309099960937459,4.39910888671875
153,0.044547046171874882,4.56146240234375
154,0.044859533671874896,4.51904296875
155,0.045097479882812319,4.6392822265625
156,0.045409967382812333,4.6282958984375
157,0.0456453095312499,4.87579345703125
158,0.045919387109374821,4.72412109375
159,0.046190535117187403,4.79522705078125
160,0.04646982082031248,4.84954833984375
161,0.046697350781249813,5.17303466796875
162,0.047012442343749905,4.93865966796875
163,0.047288472968749939,5.0494384765625
164,0.047562876054687342,5.0933837890625
165,0.047838906679687376,5.39154052734375
166,0.048113309765625001,5.1690673828125
167,0.048348326406249864,5.41168212890625
168,0.04866113941406236,5.3387451171875
169,0.048898760117187301,5.567626953125
170,0.049211247617187315,5.443115234375
171,0.049446589765624882,5.8441162109375
172,0.049761681328124974,5.57830810546875
173,0.049997023476562319,5.7379150390625
174,0.050309510976562333,5.70709228515625
175,0.050547457187499978,6.2615966796875
176,0.050859944687499992,5.836181640625
177,0.051097890898437415,6.03851318359375
178,0.051410378398437429,6.00616455078125
179,0.05164799910156237,6.5618896484375
180,0.051960812109374865,6.109619140625
181,0.052198432812499806,6.50634765625
182,0.052511245820312302,6.2744140625
183,0.052748866523437465,6.7474365234375
184,0.053061354023437479,6.4044189453125
185,0.053299300234374902,6.93603515625
186,0.053611787734374916,6.55548095703125
187,0.053849733945312339,6.8353271484375
188,0.054162221445312353,6.68121337890625
189,0.05439756359374992,7.52166748046875
190,0.054669037109374985,6.81121826171875
191,0.054947671796874875,7.064208984375
192,0.055263088867187449,6.87774658203125
193,0.055490618828125005,7.95745849609375
194,0.055810918515624808,6.98822021484375
195,0.056038448476562364,7.73681640625
196,0.056312526054687506,7.12432861328125
197,0.056550472265624929,8.20770263671875
198,0.056862959765624943,7.2998046875
199,0.057100580468749884,8.6944580078125
200,0.057413393476562602,7.4664306640625
201,0.057648410117187465,8.08135986328125
202,0.057961223124999739,7.7117919921875
203,0.058198843828124902,9.0850830078125
204,0.05851165683593762,7.86956787109375
205,0.058749277539062339,8.1121826171875
206,0.059061765039062353,8.13995361328125
207,0.059277902226562373,9.0972900390625
208,0.05961219874999979,8.3154296875
209,0.059728730546874997,8.3404541015625
210,0.060098832929687207,8.7530517578125
211,0.060162632460937226,8.55987548828125
212,0.06038820937499989,8.99383544921875
213,0.060596859882812604,8.282470703125
214,0.060713066171875107,8.80279541015625
215,0.060724458945312199,9.2572021484375
216,0.060771657578124971,7.9693603515625
217,0.060771983085937231,8.30718994140625
curve_id,46
index,Z indent (µm),Force indent (µN)
0,0,0.67535400390625
1,0.00055043371093743687,0.65887451171875
2,0.0011005419140623918,0.70587158203125
3,0.0016509756250000507,0.70404052734375
4,0.0022014093359374876,0.72265625
5,0.0027518430468749244,0.770263671875
6,0.0032996726953125055,0.73333740234375
7,0.0038090924218749933,0.8001708984375
8,0.0043595261328124302,0.7830810546875
9,0.004587381601562468,0.65582275390625
10,0.0049047517187499334,0.8502197265625
11,0.0051378153124999049,0.68817138671875
12,0.0054525813671875145,0.823974609375
13,0.0056882490234375638,0.6658935546875
14,0.0060030150781249514,0.87646484375
15,0.0062360786718749228,0.74798583984375
16,0.0065531232812499063,0.90576171875
17,0.0067813042578124261,0.721435546875
18,0.0071009529296874874,0.89263916015625
19,0.0073343420312499408,0.78704833984375
20,0.0076539907031250021,0.94818115234375
21,0.0078769635546873662,0.78125
22,0.0082018203515623611,0.947265625
23,0.0084300013281248809,0.84228515625
24,0.00875225406250002,1.014404296875
25,0.0089394210546873687,0.86090087890625
26,0.0093026877734374569,0.9918212890625
27,0.0094872507031249498,0.86212158203125
28,0.0098531214843748938,1.04583740234375
29,0.010037684414062387,0.936279296875
30,0.010403229687500071,1.07513427734375
31,0.010587792617187564,0.91400146484375
32,0.010953663398437508,1.0833740234375
33,0.011138226328125,0.977783203125
34,0.011501493046874867,1.15570068359375
35,0.011688660039062437,0.96221923828125
36,0.012051926757812526,1.1505126953125
37,0.012239093749999874,1.04949951171875
38,0.012561346484375013,1.2249755859375
39,0.012789527460937533,1.04400634765625
40,0.013114384257812528,1.20849609375
41,0.01333996117187497,1.0595703125
42,0.013657005781249953,1.27105712890625
43,0.013890069374999925,1.14532470703125
44,0.014204835429687535,1.30126953125
45,0.014440503085937362,1.1383056640625
46,0.014755269140624971,1.31561279296875
47,0.014985728671874865,1.20849609375
48,0.015303098789062552,1.38397216796875
49,0.015536162382812524,1.19293212890625
50,0.015853206992187507,1.37359619140625
51,0.016081387968750027,1.28173828125
52,0.016403640703124944,1.47430419921875
53,0.016631821679687464,1.28082275390625
54,0.016954074414062381,1.4398193359375
55,0.017141241406249952,1.31927490234375
56,0.01750450812500004,1.52496337890625
57,0.017689071054687533,1.380615234375
58,0.018054941835937477,1.55029296875
59,0.01823950476562497,1.3861083984375
60,0.018605375546874914,1.56829833984375
61,0.018789938476562407,1.47918701171875
62,0.019153205195312495,1.63116455078125
63,0.019340046679687362,1.44805908203125
64,0.01970331339843745,1.63177490234375
65,0.01989048039062502,1.56158447265625
66,0.020253747109374887,1.724853515625
67,0.020440914101562457,1.55670166015625
68,0.020804180820312546,1.69342041015625
69,0.020991347812499894,1.62628173828125
70,0.021354614531249982,1.7816162109375
71,0.021541781523437553,1.66534423828125
72,0.02186403425781247,1.80267333984375
73,0.02209221523437499,1.690673828125
74,0.022414467968749907,1.84356689453125
75,0.022642323437499945,1.77520751953125
76,0.022962297617187488,1.90399169921875
77,0.023190153085937526,1.7620849609375
78,0.023507523203124991,1.9134521484375
79,0.023737982734374885,1.88079833984375
80,0.024055352851562573,2.03094482421875
81,0.024288416445312544,1.8560791015625
82,0.024605786562500009,1.99432373046875
83,0.024838850156249981,1.9580078125
84,0.025155894765624964,2.110595703125
85,0.025381471679687406,1.97174072265625
86,0.025706328476562401,2.117919921875
87,0.025931905390625065,2.06390380859375
88,0.02625676218750006,2.188720703125
89,0.026441325117187553,2.10479736328125
90,0.026807195898437497,2.227783203125
91,0.02699175882812499,2.132568359375
92,0.027355025546874856,2.2735595703125
93,0.027542192539062427,2.24822998046875
94,0.027905459257812515,2.3651123046875
95,0.028092626249999864,2.23541259765625
96,0.028455892968749952,2.36602783203125
97,0.028642734453125041,2.3577880859375
98,0.029006001171874907,2.48291015625
99,0.029193168164062477,2.36572265625
100,0.029556434882812566,2.4957275390625
101,0.029743601874999914,2.474365234375
102,0.030106868593750002,2.59307861328125
103,0.030294035585937573,2.506103515625
104,0.03061628832031249,2.62664794921875
105,0.030841865234374932,2.56378173828125
106,0.031207736015624876,2.7001953125
107,0.031392298945312369,2.66845703125
108,0.031714551679687508,2.79754638671875
109,0.031942732656250028,2.67730712890625
110,0.032257173203124934,2.80517578125
111,0.032490236796874905,2.79296875
112,0.032807606914062371,2.940673828125
113,0.033040670507812564,2.79876708984375
114,0.033358040625000029,2.9486083984375
115,0.033588500156249923,2.9376220703125
116,0.033908474335937466,3.057861328125
117,0.034093037265624959,2.94952392578125
118,0.034458582539062421,3.096923828125
119,0.034684159453124863,3.05633544921875
120,0.035009016249999858,3.16650390625
121,0.035234593164062522,3.126220703125
122,0.035556845898437439,3.24188232421875
123,0.03574401289062501,3.177490234375
124,0.036107279609374876,3.287353515625
125,0.036294446601562447,3.2958984375
126,0.036657713320312535,3.38104248046875
127,0.036844880312499884,3.29437255859375
128,0.037208147031249972,3.4100341796875
129,0.037395314023437543,3.4783935546875
130,0.037758255234374927,3.54827880859375
131,0.037945422226562497,3.46923828125
132,0.038308688945312364,3.5528564453125
133,0.038495855937499934,3.61907958984375
134,0.038859122656250022,3.66485595703125
135,0.039043685585937515,3.6907958984375
136,0.03936854238281251,3.7548828125
137,0.039594119296874952,3.751220703125
138,0.039918976093749947,3.79150390625
139,0.040144553007812389,3.88916015625
140,0.040458993554687517,3.9105224609375
141,0.040694986718750048,3.8861083984375
142,0.041014635390624887,3.95294189453125
143,0.041245094921875003,4.13360595703125
144,0.041562465039062468,4.08111572265625
145,0.041790646015624988,4.07073974609375
146,0.042110294687500049,4.13482666015625
147,0.042340754218749943,4.3133544921875
148,0.042660728398437486,4.2401123046875
149,0.04289118792968738,4.32159423828125
150,0.043210836601562441,4.3389892578125
151,0.043436413515624883,4.4525146484375
152,0.043758666250000022,4.42291259765625
153,0.043986847226562542,4.61578369140625
154,0.044309099960937459,4.53460693359375
155,0.04449626695312503,4.59991455078125
156,0.044859533671874896,4.64080810546875
157,0.045046700664062467,4.9078369140625
158,0.045409967382812555,4.77813720703125
159,0.045597134374999904,4.81109619140625
160,0.045960401093749992,4.85015869140625
161,0.046147568085937563,5.174560546875
162,0.046510834804687429,4.9993896484375
163,0.046697676289062517,5.07568359375
164,0.047060943007812384,5.1043701171875
165,0.047245505937499876,5.39703369140625
166,0.047611376718750043,5.21881103515625
167,0.047795939648437535,5.4522705078125
168,0.048161810429687479,5.362548828125
169,0.048346373359374972,5.52764892578125
170,0.04870964007812506,5.46539306640625
171,0.048896807070312409,5.9002685546875
172,0.04921645574218747,5.62164306640625
173,0.049447240781250068,5.7269287109375
174,0.049764285390625052,5.72021484375
175,0.049997674492187505,6.28814697265625
176,0.050312115039062411,5.888671875
177,0.050542900078125008,6.0650634765625
178,0.050862548750000069,6.01654052734375
179,0.051093333789062445,6.590576171875
180,0.051410378398437429,6.15875244140625
181,0.0516434419921874,6.534423828125
182,0.051960812109374865,6.29974365234375
183,0.052188667578124903,6.74713134765625
184,0.052511245820312524,6.43768310546875
185,0.052698087304687391,6.97174072265625
186,0.053061354023437479,6.59515380859375
187,0.053289534999999999,6.8389892578125
188,0.053611787734374916,6.7010498046875
189,0.053798954726562487,7.540283203125
190,0.054162221445312575,6.8267822265625
191,0.054349388437499924,7.1014404296875
192,0.054712655156250012,6.88323974609375
193,0.054897218085937505,7.98553466796875
194,0.055263088867187449,7.0379638671875
195,0.055447651796874942,7.77984619140625
196,0.055813522578124886,7.154541015625
197,0.055998085507812378,8.22357177734375
198,0.056363630781250063,7.37274169921875
199,0.056548193710937555,8.787841796875
200,0.056873050507812328,7.53875732421875
201,0.057098627421874992,8.104248046875
202,0.057423484218749765,7.73651123046875
203,0.057649061132812429,9.1302490234375
204,0.057973917929687646,7.9827880859375
205,0.058199494843749866,8.18878173828125
206,0.058519143515624927,8.167724609375
207,0.0587281195312499,9.1015625
208,0.059066973164062508,8.41400146484375
209,0.059178947851562524,8.49639892578125
210,0.059545795156249914,8.73870849609375
211,0.05961219874999979,8.63800048828125
212,0.059835822617187562,9.10491943359375
213,0.060042520078124939,8.32977294921875
214,0.060162632460937671,8.87176513671875
215,0.06022089835937483,8.04107666015625
216,0.060221549374999794,9.25689697265625
curve_id,47
index,Z indent (µm),Force indent (µN)
0,0,0.6640625
1,0.0011008674218748737,0.69488525390625
2,0.0016513011328123106,0.6878662109375
3,0.0022017348437499695,0.70343017578125
4,0.0027518430468749244,0.76019287109375
5,0.0032589842187498164,0.72357177734375
6,0.0038090924218749933,0.7940673828125
7,0.0044005401171873793,0.765380859375
8,0.0049021476562498556,0.84136962890625
9,0.0051404193749999827,0.6707763671875
10,0.0054525813671872925,0.811767578125
11,0.0060030150781249514,0.8575439453125
12,0.0062412867968748564,0.71502685546875
13,0.0065508447265623104,0.89385986328125
14,0.0067917205078122933,0.71502685546875
15,0.0071012784374999693,0.8819580078125
16,0.0073418287109374702,0.733642578125
17,0.0076517121484374062,0.93902587890625
18,0.0078896583593748293,0.7861328125
19,0.0082021458593748431,0.9271240234375
20,0.0084374880078124104,0.77423095703125
21,0.008752254062499798,0.9912109375
22,0.0089853176562499915,0.84869384765625
23,0.0093026877734374569,0.9722900390625
24,0.0095305432421874947,0.821533203125
25,0.0098531214843748938,1.03271484375
26,0.010080976953124932,0.9039306640625
27,0.010403555195312331,1.05804443359375
28,0.010634014726562446,0.894775390625
29,0.010951384843749912,1.06292724609375
30,0.011181844374999805,0.92803955078125
31,0.011501818554687349,1.12213134765625
32,0.011691264101562293,0.96893310546875
33,0.012052252265624785,1.1279296875
34,0.012241697812499952,0.97930908203125
35,0.012563950546874869,1.1993408203125
36,0.012792131523437389,1.04095458984375
37,0.01311178019531245,1.1871337890625
38,0.013342239726562344,1.0150146484375
39,0.013654727226562358,1.248779296875
40,0.013892673437500003,1.11724853515625
41,0.014202556874999939,1.28082275390625
42,0.01444310714843744,1.0858154296875
43,0.014755269140624971,1.28997802734375
44,0.014993540859374876,1.15692138671875
45,0.01530309878906233,1.34674072265625
46,0.015543974570312313,1.18865966796875
47,0.015853532499999989,1.35284423828125
48,0.016091804218749894,1.21429443359375
49,0.016403966210937426,1.42578125
50,0.016542307031249814,1.26556396484375
51,0.016641912421874849,1.25579833984375
52,0.016954399921874863,1.41632080078125
53,0.0175048336328123,1.49200439453125
54,0.017742779843749945,1.3555908203125
55,0.018054941835937477,1.51519775390625
56,0.018288005429687448,1.3287353515625
57,0.018605375546874914,1.5509033203125
58,0.018792217031250003,1.41326904296875
59,0.019153205195312495,1.60675048828125
60,0.019386268789062466,1.43096923828125
61,0.019703638906249932,1.61468505859375
62,0.019893084453124876,1.49383544921875
63,0.020254072617187369,1.70166015625
64,0.020443518164062313,1.5435791015625
65,0.020766096406249934,1.67633056640625
66,0.020993951874999972,1.53472900390625
67,0.021313926054687293,1.7608642578125
68,0.021541781523437331,1.65283203125
69,0.021905048242187419,1.78192138671875
70,0.022094493789062364,1.61834716796875
71,0.022406981289062378,1.82952880859375
72,0.022644927499999801,1.7279052734375
73,0.022957414999999814,1.86981201171875
74,0.02319536121093746,1.72637939453125
75,0.023504919140624914,1.90826416015625
76,0.023745794921874896,1.8145751953125
77,0.02405535285156235,1.97906494140625
78,0.024293624570312478,1.839599609375
79,0.024605786562499787,1.978759765625
80,0.024844058281249914,1.8719482421875
81,0.025156220273437446,2.0819091796875
82,0.025394491992187351,1.9683837890625
83,0.025706653984374883,2.09716796875
84,0.025944600195312306,1.96044921875
85,0.02625708769531232,2.18292236328125
86,0.026495033906249965,2.09259033203125
87,0.026807195898437497,2.2015380859375
88,0.027040259492187468,2.0758056640625
89,0.027355025546874856,2.247314453125
90,0.027585485078124972,2.18841552734375
91,0.027905459257812293,2.31781005859375
92,0.028094904804687459,2.22076416015625
93,0.028455892968749952,2.3468017578125
94,0.028645338515624896,2.2625732421875
95,0.029006326679687389,2.4249267578125
96,0.029195772226562333,2.362060546875
97,0.029556760390624826,2.46826171875
98,0.029743601874999914,2.37823486328125
99,0.030063576054687458,2.55126953125
100,0.030296639648437429,2.48626708984375
101,0.030608801640624961,2.58087158203125
102,0.030847073359374866,2.484130859375
103,0.031159235351562398,2.66387939453125
104,0.031397181562499821,2.6171875
105,0.031707064999999979,2.73590087890625
106,0.03194761527343748,2.63031005859375
107,0.032257498710937416,2.767333984375
108,0.032495444921874839,2.69805908203125
109,0.032807606914062371,2.87628173828125
110,0.033045878632812498,2.81097412109375
111,0.033358040624999807,2.90802001953125
112,0.033596312343749934,2.79876708984375
113,0.033908474335937466,3.009033203125
114,0.034146746054687371,2.950439453125
115,0.034458908046874903,3.03680419921875
116,0.034697179765624808,2.926025390625
117,0.035006737695312484,3.121337890625
118,0.035247287968749985,3.08685302734375
119,0.035557171406249921,3.19183349609375
120,0.035795117617187344,3.104248046875
121,0.036107605117187358,3.25531005859375
122,0.036338064648437474,3.1988525390625
123,0.036657713320312313,3.3209228515625
124,0.036888172851562429,3.291015625
125,0.037210751093749828,3.3709716796875
126,0.037438606562499865,3.30413818359375
127,0.037758580742187409,3.4808349609375
128,0.037948026289062353,3.4942626953125
129,0.038268000468749896,3.502197265625
130,0.03849845999999979,3.44024658203125
131,0.038859448164062504,3.6090087890625
132,0.039048893710937449,3.68011474609375
133,0.039363659765624837,3.6773681640625
134,0.039599327421874886,3.63616943359375
135,0.03990888535156234,3.739013671875
136,0.040149761132812323,3.80218505859375
137,0.040459319062499999,3.8311767578125
138,0.040697265273437422,3.8726806640625
139,0.041009752773437436,3.8934326171875
140,0.041247698984374859,3.9111328125
141,0.041560186484374873,4.0216064453125
142,0.041798132695312296,4.13055419921875
143,0.042110294687499827,4.06951904296875
144,0.042348566406249954,4.056396484375
145,0.042660728398437486,4.18548583984375
146,0.042899000117187391,4.3658447265625
147,0.043208558046874845,4.26055908203125
148,0.043446829765624972,4.2816162109375
149,0.043758991757812504,4.37408447265625
150,0.043999542031250005,4.5263671875
151,0.044309425468749941,4.46136474609375
152,0.044542489062499913,4.5733642578125
153,0.044859859179687378,4.556884765625
154,0.045049304726562323,4.66217041015625
155,0.045409967382812333,4.70001220703125
156,0.045638148359374853,4.90966796875
157,0.045960401093749992,4.774169921875
158,0.046190860624999885,4.8150634765625
159,0.04646982082031248,4.923095703125
160,0.046700280351562373,5.23193359375
161,0.047020254531249916,5.0274658203125
162,0.04725071406249981,5.076904296875
163,0.047570688242187353,5.1495361328125
164,0.047801147773437469,5.44891357421875
165,0.048110705703124923,5.26824951171875
166,0.048348977421874828,5.44708251953125
167,0.048663743476562438,5.39398193359375
168,0.048899411132812487,5.6036376953125
169,0.049211573124999797,5.5419921875
170,0.049449844843749924,5.89324951171875
171,0.049762006835937456,5.6292724609375
172,0.049999953046874879,5.7745361328125
173,0.050312440546874893,5.8154296875
174,0.050550386757812316,6.337890625
175,0.050862548749999847,5.9063720703125
176,0.051100820468749975,6.0833740234375
177,0.051410378398437429,6.0821533203125
178,0.051651254179687411,6.63543701171875
179,0.051960812109374865,6.20452880859375
180,0.052201687890624848,6.56524658203125
181,0.052511245820312302,6.34918212890625
182,0.052746913476562352,6.80023193359375
183,0.053061679531249961,6.50787353515625
184,0.053297347187499788,7.00164794921875
185,0.053612113242187398,6.6339111328125
186,0.053850059453124821,6.86187744140625
187,0.054162546953124835,6.78680419921875
188,0.054393006484374951,7.63763427734375
189,0.05471265515624979,6.83380126953125
190,0.054943114687499905,7.13714599609375
191,0.0552220748828125,6.95831298828125
192,0.055452534414062393,8.0828857421875
193,0.055772508593749937,7.0452880859375
194,0.05600296812499983,7.87078857421875
195,0.056322942304687373,7.23297119140625
196,0.056550797773437411,8.2769775390625
197,0.056865563828125021,7.42706298828125
198,0.057101231484374848,8.96148681640625
199,0.057413393476562602,7.60467529296875
200,0.057651665195312285,8.13629150390625
201,0.057963827187500039,7.83935546875
202,0.058202098906249722,9.22119140625
203,0.058514260898437476,8.01727294921875
204,0.058752532617187603,8.21746826171875
205,0.059062090546875057,8.28094482421875
206,0.059280831796874933,9.20196533203125
207,0.059612524257812494,8.485107421875
208,0.059731009101562593,8.5040283203125
209,0.060100785976562543,8.8818359375
210,0.060162957968749931,8.73046875
211,0.060389511406249818,9.16961669921875
212,0.060596208867187196,8.38836669921875
213,0.060715670234374963,8.98162841796875
214,0.060724133437499939,9.21875
215,0.060769053515625115,8.07403564453125
216,0.060771657578124971,9.21875
217,0.060771983085937231,8.59375
curve_id,48
index,Z indent (µm),Force indent (µN)
0,0,0.65032958984375
1,0.0010956592968749401,0.6951904296875
2,0.0016434889453125212,0.66925048828125
3,0.0021913185937501023,0.7208251953125
4,0.0027414267968750572,0.726318359375
5,0.0032918605078124941,0.7421875
6,0.0038422942187499309,0.7684326171875
7,0.0043927279296875898,0.7757568359375
8,0.0049431616406250267,0.83648681640625
9,0.0054909912890626078,0.7977294921875
10,0.0060410994921875627,0.86669921875
11,0.0062722100390624203,0.6683349609375
12,0.0065915332031249996,0.8734130859375
13,0.0068200396875000013,0.70526123046875
14,0.0071419669140624364,0.8941650390625
15,0.0073701478906249562,0.69549560546875
16,0.0076539907031250021,0.91278076171875
17,0.0079205816015623931,0.7647705078125
18,0.0082428343359375322,0.9307861328125
19,0.008471015312500052,0.73974609375
20,0.0087932680468749691,0.9759521484375
21,0.0090188449609374111,0.80535888671875
22,0.0092922715234375897,0.953369140625
23,0.0095718827343749258,0.78399658203125
24,0.0098453092968751044,1.02783203125
25,0.010122316445312585,0.87432861328125
26,0.010393138945312463,1.02386474609375
27,0.010662333906249932,0.867919921875
28,0.0109435726562499,1.07025146484375
29,0.01117175363281242,0.89141845703125
30,0.011493680859375077,1.0784912109375
31,0.011763201328125028,0.9527587890625
32,0.012044114570312514,1.12518310546875
33,0.012272621054687516,0.94268798828125
34,0.012594548281249951,1.173095703125
35,0.012822729257812471,1.0107421875
36,0.013142377929687532,1.17706298828125
37,0.013373162968749908,0.99456787109375
38,0.013692811640624969,1.24053955078125
39,0.013923596679687567,1.07177734375
40,0.014243245351562406,1.2408447265625
41,0.014474030390625003,1.07147216796875
42,0.014793679062500065,1.3037109375
43,0.015021860039062584,1.12091064453125
44,0.01534378726562502,1.297607421875
45,0.015572293750000021,1.16607666015625
46,0.015894220976562456,1.3604736328125
47,0.016122727460937458,1.18255615234375
48,0.016444654687499893,1.39312744140625
49,0.016672835664062413,1.23199462890625
50,0.016954074414062603,1.407470703125
51,0.017223269375000072,1.221923828125
52,0.017499300000000106,1.46575927734375
53,0.017773703085937509,1.3128662109375
54,0.01804452558593761,1.47979736328125
55,0.018324136796874946,1.31500244140625
56,0.018594959296875047,1.5570068359375
57,0.018869362382812449,1.35711669921875
58,0.019145393007812483,1.55181884765625
59,0.019373573984375003,1.4111328125
60,0.01969582671874992,1.62445068359375
61,0.019962417617187533,1.42974853515625
62,0.020246260429687579,1.636962890625
63,0.020515455390625048,1.5106201171875
64,0.020796368632812534,1.68212890625
65,0.021024875117187536,1.5069580078125
66,0.021344198281249893,1.722412109375
67,0.021575308828124973,1.595458984375
68,0.021894631992187552,1.75018310546875
69,0.022125417031249928,1.5985107421875
70,0.022445065703124989,1.82403564453125
71,0.022675850742187587,1.66595458984375
72,0.022995499414062426,1.8109130859375
73,0.023223680390624946,1.71142578125
74,0.023545933125000085,1.89849853515625
75,0.023774114101562605,1.7510986328125
76,0.024096366835937522,1.922607421875
77,0.024324547812500041,1.817626953125
78,0.024646475039062476,1.9659423828125
79,0.024874981523437478,1.81640625
80,0.025196908749999913,2.01812744140625
81,0.025425415234374915,1.92474365234375
82,0.025706328476562401,2.06573486328125
83,0.025975523437500092,1.92352294921875
84,0.026246671445312453,2.149658203125
85,0.026525957148437529,2.00164794921875
86,0.026796779648437408,2.1588134765625
87,0.02707378679687511,2.05780029296875
88,0.027347213359375067,2.23419189453125
89,0.027624220507812547,2.11395263671875
90,0.027897647070312503,2.269287109375
91,0.028174654218749984,2.17987060546875
92,0.02844808078124994,2.3443603515625
93,0.028714671679687553,2.20123291015625
94,0.028998514492187599,2.3760986328125
95,0.02926510539062499,2.30621337890625
96,0.029546344140624958,2.44171142578125
97,0.029777129179687556,2.3297119140625
98,0.030096452343749913,2.52716064453125
99,0.030327562890624993,2.40814208984375
100,0.030646886054687572,2.54302978515625
101,0.030875392539062574,2.45269775390625
102,0.031197319765625009,2.6531982421875
103,0.031425500742187529,2.5286865234375
104,0.031747753476562446,2.6751708984375
105,0.031975934453124966,2.60009765625
106,0.032298187187500105,2.779541015625
107,0.032526368164062402,2.6300048828125
108,0.032848620898437542,2.81524658203125
109,0.033076801875000061,2.73712158203125
110,0.033398729101562497,2.88055419921875
111,0.033627235585937498,2.77496337890625
112,0.033949162812499933,2.9742431640625
113,0.034177669296874935,2.85400390625
114,0.034455978476562565,2.99407958984375
115,0.03472777749999989,2.91107177734375
116,0.034998925507812473,3.10455322265625
117,0.035275607148437471,2.99468994140625
118,0.035549033710937428,3.12408447265625
119,0.035823436796875052,3.06304931640625
120,0.036099467421875087,3.24249267578125
121,0.036327973906250088,3.1201171875
122,0.036649901132812523,3.24432373046875
123,0.036878082109375043,3.21441650390625
124,0.037197730781250105,3.33160400390625
125,0.037466925742187573,3.284912109375
126,0.037748164492187541,3.404541015625
127,0.037978949531249917,3.34930419921875
128,0.038298598203124978,3.45062255859375
129,0.038529383242187576,3.453369140625
130,0.038849031914062415,3.57147216796875
131,0.039077212890624935,3.51409912109375
132,0.039399140117187592,3.59954833984375
133,0.039627646601562594,3.62762451171875
134,0.039949573828125029,3.73748779296875
135,0.040178080312500031,3.6981201171875
136,0.040500007539062466,3.734130859375
137,0.040728188515624986,3.7841796875
138,0.041050441249999903,3.87939453125
139,0.041278622226562423,3.890380859375
140,0.041600874960937562,3.90594482421875
141,0.041829055937500081,3.94683837890625
142,0.042151308671874999,4.02496337890625
143,0.042379489648437518,4.111328125
144,0.042658124335937408,4.1107177734375
145,0.042929923359374955,4.129638671875
146,0.043200745859375056,4.18121337890625
147,0.043480357070312392,4.31549072265625
148,0.043753783632812571,4.31915283203125
149,0.044028186718749973,4.3389892578125
150,0.04430161328124993,4.35577392578125
151,0.044575690859375072,4.51416015625
152,0.044851721484375107,4.51080322265625
153,0.04511863789062498,4.62371826171875
154,0.045399551132812466,4.57275390625
155,0.045630661679687545,4.67254638671875
156,0.045949984843749903,4.7222900390625
157,0.0461807698828125,4.91302490234375
158,0.046500418554687561,4.79766845703125
159,0.046731203593749937,4.89532470703125
160,0.047050852265624998,4.9273681640625
161,0.047279033242187518,5.18341064453125
162,0.047601285976562435,5.08514404296875
163,0.047829466953124955,5.16265869140625
164,0.048151719687500094,5.1373291015625
165,0.048379900664062392,5.408935546875
166,0.048701827890625049,5.3216552734375
167,0.048930334375000051,5.51910400390625
168,0.049252261601562486,5.40985107421875
169,0.049480768085937488,5.6158447265625
170,0.049802695312499923,5.58319091796875
171,0.050030876289062443,5.9149169921875
172,0.050309510976562555,5.67474365234375
173,0.050581310000000101,5.850830078125
174,0.050857340624999914,5.8251953125
175,0.051131743710937538,6.3250732421875
176,0.051402566210937417,5.96954345703125
177,0.051682177421874975,6.17584228515625
178,0.051955603984374932,6.09375
179,0.052230007070312556,6.6119384765625
180,0.052503433632812513,6.25335693359375
181,0.052777836718749915,6.639404296875
182,0.05305386734374995,6.37603759765625
183,0.05328204832031247,6.81060791015625
184,0.053601696992187531,6.54388427734375
185,0.053832482031249906,7.04132080078125
186,0.054151805195312486,6.65130615234375
187,0.054421325664062437,6.90338134765625
188,0.054702238906249923,6.80999755859375
189,0.054933349453125002,7.67303466796875
190,0.055252672617187581,6.8658447265625
191,0.055480853593750101,7.2100830078125
192,0.055803106328125018,6.97052001953125
193,0.056031287304687538,8.0950927734375
194,0.056353540039062455,7.10052490234375
195,0.056581721015624975,7.96783447265625
196,0.056903973749999892,7.28973388671875
197,0.057132154726562412,8.33770751953125
198,0.057454081953124847,7.4664306640625
199,0.057682588437500071,8.98834228515625
200,0.058004515664062284,7.67486572265625
201,0.058233022148437508,8.2525634765625
202,0.058554949375000165,7.8759765625
203,0.058783130351562685,9.2169189453125
204,0.059102779023437302,8.11767578125
205,0.059333564062500121,8.32366943359375
206,0.05961480281250009,8.30902099609375
207,0.059857306132812704,9.2041015625
208,0.060154820273437659,8.58184814453125
209,0.060225129960937318,8.61724853515625
210,0.060301624296874801,8.91082763671875
211,0.060705253984375096,8.77716064453125
212,0.060944502226562447,9.20196533203125
213,0.061134598789062577,8.43963623046875
214,0.061255687695312533,9.07196044921875
215,0.061269359023437664,8.90625
216,0.061311349531249837,8.13995361328125
217,0.061312000546874801,8.58856201171875
curve_id,49
index,Z indent (µm),Force indent (µN)
0,0,0.65277099609375
1,0.0005501082031249549,0.6768798828125
2,0.001097937851562536,0.66680908203125
3,0.0016483715624999729,0.7086181640625
4,0.0021988052734374097,0.69488525390625
5,0.0027492389843750686,0.74127197265625
6,0.0032996726953125055,0.71258544921875
7,0.0038501064062499424,0.76568603515625
8,0.0044002146093748973,0.7757568359375
9,0.0049506483203125562,0.777587890625
10,0.0055010820312499931,0.8203125
11,0.0057207998046875375,0.67138671875
12,0.0060515157421874299,0.810546875
13,0.0065684221484374472,0.87921142578125
14,0.0068216672265624112,0.70465087890625
15,0.0071139732421874324,0.85540771484375
16,0.0073721009375000701,0.68572998046875
17,0.0076640814453123873,0.90240478515625
18,0.0079046317187498882,0.74127197265625
19,0.0082018203515625832,0.9222412109375
20,0.008457343984374921,0.75775146484375
21,0.0087496499999999422,0.9454345703125
22,0.009005173632812502,0.75592041015625
23,0.0093000837109373791,0.96923828125
24,0.0095224055468750013,0.84259033203125
25,0.009850191914062556,0.98175048828125
26,0.010072839257812438,0.81939697265625
27,0.010400625624999993,1.0369873046875
28,0.010623272968749875,0.88409423828125
29,0.01095105933593743,1.01470947265625
30,0.011173381171875052,0.87066650390625
31,0.011501493046875089,1.08917236328125
32,0.011723814882812489,0.9429931640625
33,0.012051926757812526,1.08245849609375
34,0.012274248593749926,0.94390869140625
35,0.012602360468749962,1.148681640625
36,0.012824682304687585,0.9649658203125
37,0.013152468671874917,1.1688232421875
38,0.013375116015625022,1.02447509765625
39,0.013702902382812576,1.18682861328125
40,0.013922945664062381,1.0162353515625
41,0.014250732031249935,1.2548828125
42,0.014473379375000039,1.09375
43,0.014767963945312435,1.231689453125
44,0.015023487578124994,1.06201171875
45,0.015354203515624887,1.31378173828125
46,0.015561226484374968,1.1578369140625
47,0.015871109921874904,1.3079833984375
48,0.016111660195312405,1.14654541015625
49,0.016406244765625022,1.37298583984375
50,0.016659489843749986,1.190185546875
51,0.016951470351562525,1.3714599609375
52,0.017204715429687489,1.241455078125
53,0.017501904062499962,1.422119140625
54,0.017755149140624926,1.26007080078125
55,0.018052337773437399,1.49322509765625
56,0.018274659609375021,1.31988525390625
57,0.018602771484375058,1.48284912109375
58,0.018825093320312458,1.30889892578125
59,0.019152879687500013,1.558837890625
60,0.019375527031249895,1.40869140625
61,0.01970331339843745,1.5570068359375
62,0.019925960742187554,1.3861083984375
63,0.020253747109374887,1.62811279296875
64,0.020476068945312509,1.47064208984375
65,0.020804180820312546,1.6339111328125
66,0.021026502656249946,1.50238037109375
67,0.021354614531249982,1.6937255859375
68,0.021576936367187383,1.54876708984375
69,0.021905048242187419,1.74468994140625
70,0.022124766015624964,1.62200927734375
71,0.022452877890625,1.748046875
72,0.022675199726562401,1.60552978515625
73,0.023002986093749955,1.8255615234375
74,0.023225633437500059,1.71478271484375
75,0.023553419804687392,1.82586669921875
76,0.023775741640625014,1.69708251953125
77,0.024070651718749891,1.92230224609375
78,0.024313480546874988,1.7877197265625
79,0.024623363984374924,1.91375732421875
80,0.024874005000000032,1.80938720703125
81,0.025168915078124909,1.9927978515625
82,0.025375938046874991,1.88079833984375
83,0.025719023281250086,2.044677734375
84,0.025959573554687587,1.9281005859375
85,0.026254158124999982,2.07366943359375
86,0.026507403203124946,1.93756103515625
87,0.026804591835937419,2.1484375
88,0.027026913671875041,2.0654296875
89,0.027355025546875078,2.17071533203125
90,0.027577347382812478,2.04864501953125
91,0.027905459257812515,2.2674560546875
92,0.028127781093749915,2.1661376953125
93,0.02845556746093747,2.2674560546875
94,0.028678214804687574,2.16827392578125
95,0.029006001171874907,2.36083984375
96,0.029228323007812529,2.25677490234375
97,0.029556434882812566,2.40142822265625
98,0.029776152656249888,2.31903076171875
99,0.030106868593750002,2.451171875
100,0.030326586367187547,2.349853515625
101,0.030654698242187584,2.5341796875
102,0.030877020078124984,2.45574951171875
103,0.03120513195312502,2.56805419921875
104,0.031427453789062421,2.4688720703125
105,0.031755240156249975,2.6727294921875
106,0.03197788750000008,2.57232666015625
107,0.032305673867187412,2.6873779296875
108,0.032528321210937516,2.59521484375
109,0.032820301718750056,2.7947998046875
110,0.033078429414062471,2.7032470703125
111,0.033406541289062508,2.83599853515625
112,0.033626259062500052,2.74749755859375
113,0.033923773203125007,2.9010009765625
114,0.034163997968750026,2.78961181640625
115,0.034461186601562499,2.97210693359375
116,0.034678625820312448,2.9168701171875
117,0.035006412187500002,3.02215576171875
118,0.035259657265624966,2.9083251953125
119,0.035556845898437439,3.13507080078125
120,0.035779167734375061,3.05908203125
121,0.036107279609374876,3.13873291015625
122,0.036329601445312498,3.057861328125
123,0.036657713320312535,3.251953125
124,0.036880035156249935,3.17657470703125
125,0.03720782152343749,3.28338623046875
126,0.037430468867187594,3.24493408203125
127,0.037758255234374927,3.3453369140625
128,0.037978298515624953,3.297119140625
129,0.038308688945312586,3.43231201171875
130,0.03852873222656239,3.42315673828125
131,0.038856518593749945,3.47991943359375
132,0.039078840429687567,3.44024658203125
133,0.039406952304687382,3.60198974609375
134,0.039629274140625004,3.60382080078125
135,0.03995738601562504,3.61785888671875
136,0.040179707851562441,3.60626220703125
137,0.040507819726562477,3.75244140625
138,0.040730141562499877,3.7652587890625
139,0.041057927929687432,3.78143310546875
140,0.041280575273437536,3.82904052734375
141,0.041575159843749931,3.8861083984375
142,0.041831008984374973,3.88671875
143,0.042122989492187513,3.9495849609375
144,0.042368422382812465,4.0704345703125
145,0.042676027265625027,4.0399169921875
146,0.042916252031250046,4.0631103515625
147,0.043208232539062585,4.16015625
148,0.043461477617187549,4.271240234375
149,0.043771686562499967,4.19586181640625
150,0.044014515390625064,4.26239013671875
151,0.044309099960937459,4.3505859375
152,0.044529143242187486,4.456787109375
153,0.044859533671874896,4.4146728515625
154,0.045081855507812518,4.53125
155,0.045409967382812555,4.539794921875
156,0.045632289218749955,4.6221923828125
157,0.045960401093749992,4.6209716796875
158,0.046180118867187536,4.8406982421875
159,0.046508230742187573,4.73236083984375
160,0.046730552578124973,4.808349609375
161,0.047058338945312528,4.86419677734375
162,0.04728098628906241,5.1434326171875
163,0.047608772656249965,4.94537353515625
164,0.047831420000000069,5.04302978515625
165,0.048159206367187402,5.11016845703125
166,0.048381528203125024,5.3778076171875
167,0.04870964007812506,5.189208984375
168,0.048931961914062461,5.4046630859375
169,0.049260073789062497,5.3582763671875
170,0.049482395624999898,5.55572509765625
171,0.049810507499999934,5.44708251953125
172,0.050032829335937556,5.81787109375
173,0.050330017968750029,5.58441162109375
174,0.050580658984374915,5.75897216796875
175,0.050877847617187388,5.73028564453125
176,0.051118072382812407,6.23016357421875
177,0.051410378398437429,5.85662841796875
178,0.051668506093750066,6.0498046875
179,0.051973506914062551,6.01043701171875
180,0.052211127617187492,6.55548095703125
181,0.052510920312500042,6.13433837890625
182,0.052764165390625006,6.510009765625
183,0.053061354023437479,6.30462646484375
184,0.053317203164062521,6.7364501953125
185,0.053611787734374916,6.40533447265625
186,0.05383150550781246,6.94091796875
187,0.054162221445312575,6.583251953125
188,0.054381939218749897,6.84173583984375
189,0.054710051093749934,6.700439453125
190,0.054932372929687556,7.4871826171875
191,0.055260484804687593,6.812744140625
192,0.055482806640624993,7.1197509765625
193,0.055810593007812548,6.88507080078125
194,0.05603324035156243,7.90924072265625
195,0.056361026718749985,7.00347900390625
196,0.056583674062500089,7.83599853515625
197,0.056911460429687422,7.14263916015625
198,0.057133782265625044,8.1695556640625
199,0.05746189414062508,7.33154296875
200,0.057684215976562481,8.8250732421875
201,0.058012327851562517,7.50640869140625
202,0.058234649687499918,8.0908203125
203,0.058529234257812313,7.72552490234375
204,0.058785083398437354,9.12689208984375
205,0.059112869765625131,7.952880859375
206,0.059335517109374791,8.20404052734375
207,0.059627497617187331,8.1500244140625
208,0.059847215390624875,9.068603515625
209,0.060162632460937449,8.3843994140625
210,0.060305204882812546,8.5406494140625
211,0.060661961445312329,8.68896484375
212,0.060713066171874885,8.64532470703125
213,0.060934411484375062,9.1363525390625
214,0.06115510578124983,8.262939453125
215,0.061263174375000062,8.8671875
216,0.061276194687499785,9.21875
217,0.061326648398437378,8.03497314453125
218,0.061327299414062342,8.4375
