file_id,merged-20Kpa.hdf5
date,2026-09-30
spring_constant,9.8
tip_geometry,sphere
tip_radius,1e-05
velocity,9
tip_angle,0
curve_id,0
index,Z indent (µm),Force indent (µN)
0,0,0.52825927734375
1,0.0011519721484374301,0.6024169921875
2,0.0017945245703125945,0.59051513671875
3,0.0023524449609375608,0.75408935546875
4,0.0028097834375000463,0.55999755859375
5,0.0029543089062500361,0.7635498046875
6,0.0034087178124999618,0.6072998046875
7,0.0035532432812499515,0.8929443359375
8,0.004010256249999955,0.65826416015625
9,0.0041521776562500889,0.926513671875
10,0.0046095161328125744,0.67413330078125
11,0.0047511120312500044,1.02447509765625
12,0.0052084505078124899,0.75103759765625
13,0.0053526504687499976,1.15264892578125
14,0.0058099889453124831,0.79833984375
15,0.0059545144140624728,1.239013671875
16,0.0064089233203126206,0.9185791015625
17,0.0065534487890626103,1.4739990234375
18,0.0070104617578126138,1.01043701171875
19,0.0071523831640625257,1.4422607421875
20,0.0076097216406250112,1.08428955078125
21,0.007753921601562519,1.81671142578125
22,0.0081650379687501218,1.21429443359375
23,0.0083554600390625122,1.6400146484375
24,0.0087639723437500372,1.27471923828125
25,0.0089521158593750538,2.18994140625
26,0.0093658362890625124,1.43768310546875
27,0.0095022240625000087,1.956787109375
28,0.0099621666015625721,1.52099609375
29,0.010147380546875029,2.60162353515625
30,0.010561100976562487,1.74407958984375
31,0.010703022382812621,2.34771728515625
32,0.011160035351562625,1.8011474609375
33,0.011301956757812537,3.04473876953125
34,0.0117618992968751,2.02117919921875
35,0.01190349519531253,2.784423828125
36,0.012363437734375093,2.10479736328125
37,0.012502429570312446,3.4539794921875
38,0.012962372109375009,2.35137939453125
39,0.013104293515625143,3.31268310546875
40,0.013561306484375146,2.43682861328125
41,0.013703227890625058,3.9703369140625
42,0.014160240859375062,2.74078369140625
43,0.014302162265624974,3.9630126953125
44,0.014764383359375133,2.8997802734375
45,0.014903700703124967,4.37896728515625
46,0.01536364324218753,3.15032958984375
47,0.015502635078125104,4.73358154296875
48,0.015965181679687523,3.3306884765625
49,0.01610449902343758,4.8223876953125
50,0.016561511992187583,3.63739013671875
51,0.016703433398437495,5.59326171875
52,0.017163050429687576,3.88458251953125
53,0.017302367773437632,5.25238037109375
54,0.017716088203125091,4.173583984375
55,0.017855405546875147,6.57318115234375
56,0.018312418515625151,4.48150634765625
57,0.018500562031249945,5.7452392578125
58,0.018911678398437548,4.7662353515625
59,0.019055878359375056,7.23785400390625
60,0.019513216835937541,5.14801025390625
61,0.019654812734374971,6.380615234375
62,0.020112151210937457,5.36590576171875
63,0.020254072617187591,8.08868408203125
64,0.02071368964843745,5.8477783203125
65,0.020855611054687584,6.91162109375
66,0.021312624023437587,6.07177734375
67,0.021454545429687499,8.95782470703125
68,0.021914162460937581,6.55242919921875
69,0.021956152968749976,7.77801513671875
70,0.022099701914062519,9.21875
71,0.022516026406250056,6.70867919921875
72,0.023112356718750116,7.00164794921875
73,0.023713895156250109,7.20123291015625
74,0.024312829531250024,7.65167236328125
75,0.024914367968750017,7.91412353515625
76,0.025513627851562637,8.4417724609375
77,0.026066340117187448,8.7481689453125
78,0.026662995937499989,9.1278076171875
79,0.026719308789062479,7.92022705078125
curve_id,1
index,Z indent (µm),Force indent (µN)
0,0,0.55816650390625
1,0.00060153843749999325,0.5377197265625
2,0.0012004728124999087,0.6732177734375
3,0.0017994071875000461,0.6414794921875
4,0.0021629994140623943,0.5255126953125
5,0.002349840898437483,0.7611083984375
6,0.0027593297265624539,0.61676025390625
7,0.0029487752734373984,0.78826904296875
8,0.0033611936718749291,0.66314697265625
9,0.0035477096484375359,0.9521484375
10,0.0039601280468748445,0.72296142578125
11,0.0041495735937500111,1.048583984375
12,0.004559062421874982,0.7568359375
13,0.0047485079687499265,1.1505126953125
14,0.0051579967968748974,0.84320068359375
15,0.0053500464062499198,1.307373046875
16,0.0057595352343748907,0.91217041015625
17,0.0059489807812498352,1.318359375
18,0.0063613991796873659,1.0211181640625
19,0.0065479151562499727,1.63360595703125
20,0.0069603335546875034,1.15020751953125
21,0.0071497791015624479,1.5576171875
22,0.0075592679296874188,1.22344970703125
23,0.0077513175390624411,2.04986572265625
24,0.008160806367187412,1.356201171875
25,0.0083502519140623566,1.856689453125
26,0.0087597407421875495,1.42547607421875
27,0.008949186289062494,2.44659423828125
28,0.0093616046875000247,1.5972900390625
29,0.0095507247265624873,2.17926025390625
30,0.0099605390624999401,1.69525146484375
31,0.010149984609374885,2.894287109375
32,0.010515855390625051,1.92108154296875
33,0.010751523046874878,2.6300048828125
34,0.011161011874999849,2.0281982421875
35,0.011301631250000055,3.33740234375
36,0.011714049648437364,2.24029541015625
37,0.011946787734374853,3.1890869140625
38,0.012310379960937423,2.3272705078125
39,0.012502429570312446,3.83453369140625
40,0.012911918398437416,2.63427734375
41,0.013101363945312361,3.78570556640625
42,0.013511178281250036,2.784423828125
43,0.013700298320312498,4.2431640625
44,0.014112716718750029,3.06732177734375
45,0.014301836757812492,4.55810546875
46,0.014714255156250022,3.271484375
47,0.014901096640624889,4.70703125
48,0.01531058546874986,3.55987548828125
49,0.015502635078124882,5.3955078125
50,0.015912123906249853,3.7994384765625
51,0.01610156945312502,5.20050048828125
52,0.016511383789062473,4.09423828125
53,0.016700503828124935,6.31561279296875
54,0.017112922226562466,4.42962646484375
55,0.017302042265624928,5.654296875
56,0.017714460664062459,4.70367431640625
57,0.017901302148437548,7.000732421875
58,0.018313395039062375,5.04425048828125
59,0.018502840585937541,6.2652587890625
60,0.018912329414062512,5.3082275390625
61,0.019101774960937457,7.89794921875
62,0.019467971249999882,5.73455810546875
63,0.01970331339843745,6.81304931640625
64,0.02006690562500002,6.007080078125
65,0.020302247773437365,8.8311767578125
66,0.020663235937499858,6.3494873046875
67,0.020801576757812468,7.47650146484375
68,0.020901507656249985,9.21875
69,0.021262495820312477,6.63177490234375
70,0.021866638320312548,6.9110107421875
71,0.022462968632812386,7.0458984375
72,0.023061903007812523,7.5054931640625
73,0.023663441445312516,7.74169921875
74,0.024262701328124914,8.2196044921875
75,0.024866843828124985,8.494873046875
76,0.025463174140625044,8.97186279296875
77,0.025516882929687457,7.64739990234375
curve_id,2
index,Z indent (µm),Force indent (µN)
0,0,0.4931640625
1,0.00014419996093750775,0.546875
2,0.00059925988281239739,0.50994873046875
3,0.00074313433593742317,0.56304931640625
4,0.0011981942578125349,0.52215576171875
5,0.0013420687109375606,0.62591552734375
6,0.0017997326953125281,0.5816650390625
7,0.0019439326562500359,0.73089599609375
8,0.0023986670703124435,0.62957763671875
9,0.0025428670312499513,0.7861328125
10,0.0030002055078124368,0.71319580078125
11,0.0031444054687499445,0.9503173828125
12,0.0035994653906250562,0.76446533203125
13,0.003743339843750082,0.97869873046875
14,0.0041983997656249716,0.82977294921875
15,0.0043422742187499974,1.1962890625
16,0.0047999382031249649,0.9063720703125
17,0.0049438126562499907,1.143798828125
18,0.0054014766406249581,0.980224609375
19,0.0055456766015624659,1.5283203125
20,0.0059571184765625507,1.077880859375
21,0.0061394028515624477,1.3958740234375
22,0.0065508447265625325,1.22344970703125
23,0.0066950446875000402,1.88720703125
24,0.0071523831640625257,1.3189697265625
25,0.0072939790624999556,1.6766357421875
26,0.0077490389843750673,1.46514892578125
27,0.0079339274218750422,2.2735595703125
28,0.0083505774218750606,1.5240478515625
29,0.0084944518750000864,2.01080322265625
30,0.008949511796874976,1.73614501953125
31,0.0090937117578124838,2.6580810546875
32,0.0095484461718748914,1.8017578125
33,0.009695250195312477,2.53265380859375
34,0.010152588671874963,2.049560546875
35,0.010294184570312392,3.12774658203125
36,0.010749244492187504,2.17529296875
37,0.010895723007812386,3.09722900390625
38,0.011350782929687497,2.3895263671875
39,0.011494657382812523,3.515625
40,0.011949717304687413,2.5616455078125
41,0.012093917265624921,3.76129150390625
42,0.012551255742187406,2.76092529296875
43,0.012695455703124914,3.97552490234375
44,0.013152794179687399,2.99896240234375
45,0.013296994140624907,4.50714111328125
46,0.013752054062500019,3.2940673828125
47,0.013895928515625044,4.4354248046875
48,0.014350988437499934,3.52935791015625
49,0.01449486289062496,5.38116455078125
50,0.014906304765625045,3.80828857421875
51,0.015091518710937502,4.931640625
52,0.015507843203125038,4.1162109375
53,0.01564683503906239,6.21673583984375
54,0.01610449902343758,4.39422607421875
55,0.016245769414062528,5.50262451171875
56,0.016703433398437495,4.73175048828125
57,0.016847633359375003,6.90399169921875
58,0.01730236777343741,5.00946044921875
59,0.017449171796874996,6.0650634765625
60,0.01790162765625003,5.46051025390625
61,0.018048106171874911,7.6873779296875
62,0.018503166093750023,5.6146240234375
63,0.018647040546875049,6.7822265625
64,0.019102100468749938,6.05316162109375
65,0.019245974921874964,8.5137939453125
66,0.019701034843750076,6.31103515625
67,0.01984783886718744,7.374267578125
68,0.020302573281250069,6.68914794921875
69,0.020449377304687433,9.20745849609375
70,0.020904111718750062,6.837158203125
71,0.02104831167968757,8.42376708984375
72,0.021505975664062538,7.1209716796875
73,0.021647246054687486,9.195556640625
74,0.022104910039062453,7.412109375
75,0.022246180429687401,8.968505859375
76,0.022703844414062591,7.80548095703125
77,0.022841859726562497,9.1448974609375
78,0.023302778789062506,8.1207275390625
79,0.023361044687499888,9.229736328125
80,0.023776067148437496,8.72222900390625
81,0.023863628750000032,8.55560302734375
82,0.024083672031250059,8.90625
83,0.024335289570312391,8.34259033203125
84,0.024454750937499936,8.885498046875
85,0.024465167187500025,8.59375
86,0.024510738281249944,7.681884765625
87,0.024511063789062426,8.90625
curve_id,3
index,Z indent (µm),Force indent (µN)
0,0,0.4998779296875
1,0.00038116964843748491,0.5181884765625
2,0.0009804295312498823,0.55694580078125
3,0.0011981942578125349,0.60455322265625
4,0.0015793639062500198,0.592041015625
5,0.0017535105859374234,0.64727783203125
6,0.002180902343750013,0.61492919921875
7,0.0023553745312498986,0.76507568359375
8,0.0027798367187499284,0.65155029296875
9,0.0029543089062500361,0.87005615234375
10,0.0033813751562499217,0.7025146484375
11,0.0035558473437500293,0.92193603515625
12,0.0039803095312500592,0.7977294921875
13,0.0041547817187499447,1.07879638671875
14,0.0045821734765625344,0.87982177734375
15,0.0047537160937500822,1.07818603515625
16,0.0051811078515624498,0.97259521484375
17,0.0053552545312500754,1.38214111328125
18,0.005782646289062443,1.02813720703125
19,0.0059545144140624728,1.3250732421875
20,0.0063815806640625805,1.14898681640625
21,0.0065560528515624661,1.7291259765625
22,0.0069805150390624959,1.2347412109375
23,0.0071549872265623815,1.6058349609375
24,0.0075387609374999442,1.3958740234375
25,0.007753921601562519,2.061767578125
26,0.0081350912500000039,1.5167236328125
27,0.0083554600390625122,1.85821533203125
28,0.0087317470703125455,1.6705322265625
29,0.0089547199218749096,2.5006103515625
30,0.0093332855078125387,1.77093505859375
31,0.0095484461718748914,2.288818359375
32,0.0099322198828124542,1.944580078125
33,0.010106692070312562,2.91778564453125
34,0.010533758320312447,2.10296630859375
35,0.010705626445312477,2.74322509765625
36,0.011132692695312585,2.274169921875
37,0.011304560820312393,3.382568359375
38,0.011731952578124982,2.4688720703125
39,0.011906099257812386,3.27972412109375
40,0.012333491015624976,2.6654052734375
41,0.012507637695312379,3.78173828125
42,0.012935029453124969,2.88055419921875
43,0.013106897578124999,3.91876220703125
44,0.013533963828124884,3.0316162109375
45,0.013708436015624992,4.27520751953125
46,0.014132898203125022,3.2843017578125
47,0.014307370390624907,4.65667724609375
48,0.014734436640625015,3.47412109375
49,0.014906304765625045,4.67041015625
50,0.015290078476562385,3.7689208984375
51,0.015507843203125038,5.5108642578125
52,0.015886408789062445,3.9697265625
53,0.016107103085937435,5.09521484375
54,0.016485668671875064,4.2431640625
55,0.016706037460937573,6.3201904296875
56,0.01708460304687498,4.4659423828125
57,0.017307575898437566,5.6378173828125
58,0.017683537421874895,4.72137451171875
59,0.017899023593749952,7.0281982421875
60,0.018285075859374889,5.04669189453125
61,0.018500562031249945,6.19598388671875
62,0.018884335742187508,5.35430908203125
63,0.019058482421874912,7.7325439453125
64,0.019485874179687501,5.61920166015625
65,0.019657416796875049,6.837158203125
66,0.020084808554687417,5.9613037109375
67,0.020259280742187524,8.56719970703125
68,0.020683742929687554,6.27105712890625
69,0.020758284218749923,7.535400390625
70,0.020906715781249918,9.2041015625
71,0.021285281367187547,6.60858154296875
72,0.021884541249999945,6.82220458984375
73,0.022486079687499938,7.06268310546875
74,0.023046604140624982,7.41485595703125
75,0.023645538515624898,7.7386474609375
76,0.024236986210937506,8.216552734375
77,0.024838524648437499,8.548583984375
78,0.025437459023437414,8.97735595703125
79,0.025493771874999904,7.55340576171875
curve_id,4
index,Z indent (µm),Force indent (µN)
0,0,0.52001953125
1,0.00060153843749999325,0.51849365234375
2,0.00097652343750009862,0.53955078125
3,0.0011981942578125349,0.687255859375
4,0.001575457812500014,0.56671142578125
5,0.0017945245703125945,0.67962646484375
6,0.0021769962500000073,0.59326171875
7,0.0023934589453125099,0.83343505859375
8,0.0027759306250001448,0.6402587890625
9,0.0029517048437499582,0.87921142578125
10,0.00337779457031262,0.7025146484375
11,0.0035532432812499515,0.96160888671875
12,0.0039767289453125354,0.78094482421875
13,0.0041521776562500889,1.142578125
14,0.0045782673828125287,0.87249755859375
15,0.0047514375390624863,1.16729736328125
16,0.0051772017578124441,0.960693359375
17,0.0053529759765624796,1.480712890625
18,0.0057761361328125815,1.02203369140625
19,0.0059519103515626171,1.383056640625
20,0.0063291739062500962,1.14471435546875
21,0.0065534487890626103,1.78802490234375
22,0.0069281082812500117,1.2628173828125
23,0.0071523831640625257,1.6259765625
24,0.0075273681640626311,1.38519287109375
25,0.007753921601562519,2.1636962890625
26,0.0081289066015626243,1.5411376953125
27,0.0083531814843751384,1.951904296875
28,0.0087278409765625398,1.68243408203125
29,0.0089547199218751317,2.63916015625
30,0.009329379414062533,1.79718017578125
31,0.0095510502343749692,2.35107421875
32,0.0099283137890624484,1.96258544921875
33,0.010152588671874963,3.04656982421875
34,0.010527573671875068,2.09991455078125
35,0.01074403636718757,2.78839111328125
36,0.011129112109375061,2.3175048828125
37,0.011304560820312615,3.51531982421875
38,0.011728046484374977,2.49786376953125
39,0.01190349519531253,3.33709716796875
40,0.01232958492187497,2.7166748046875
41,0.012505359140625005,3.9569091796875
42,0.012928519296875107,2.87353515625
43,0.013104293515625143,4.0289306640625
44,0.013530383242187582,3.101806640625
45,0.013703227890625058,4.40032958984375
46,0.014090907695312627,3.29681396484375
47,0.014304766328125051,4.75189208984375
48,0.014903700703124967,4.822998046875
49,0.015278685703125072,3.551025390625
50,0.015380895156249963,3.779296875
51,0.015505564648437442,5.5938720703125
52,0.015880224140625065,4.04998779296875
53,0.01610449902343758,5.25054931640625
54,0.016479158515624981,4.26666259765625
55,0.016706037460937573,6.4605712890625
56,0.017080696953124974,4.52484130859375
57,0.017304971835937488,5.81756591796875
58,0.017679956835937594,4.81231689453125
59,0.017903906210937626,7.088623046875
60,0.018281495273437587,5.11138916015625
61,0.018505770156250101,6.33514404296875
62,0.018880429648437502,5.40252685546875
63,0.019096892343750005,7.9205322265625
64,0.019481968085937496,5.71502685546875
65,0.019698430781249998,6.8988037109375
66,0.020080902460937633,6.05743408203125
67,0.020256676679687446,8.76220703125
68,0.02068016234375003,6.37542724609375
69,0.020855611054687584,7.6556396484375
70,0.021281700781250024,6.66259765625
71,0.021457149492187577,9.24835205078125
72,0.021842225234375068,6.87469482421875
73,0.022056083867187493,8.61114501953125
74,0.022441159609374983,7.1600341796875
75,0.022657622304687486,9.21875
76,0.023035211367187447,7.51251220703125
77,0.023256882187500105,9.10125732421875
78,0.023634145742187584,7.91046142578125
79,0.023850608437500087,9.25018310546875
80,0.0242330801171875,8.29498291015625
81,0.024362632226562653,9.26116943359375
82,0.024779282226562449,9.0142822265625
83,0.024832014492187637,8.73870849609375
84,0.025101534960937588,8.59375
85,0.025326135351562584,8.6773681640625
86,0.025431274375000035,9.0692138671875
87,0.025455687460937515,8.59375
88,0.025490191289062603,8.90625
curve_id,5
index,Z indent (µm),Force indent (µN)
0,0,0.557861328125
1,0.00064222691406246035,0.52093505859375
2,0.001027302656249951,0.491943359375
3,0.0012004728124999087,0.64208984375
4,0.0016288410937499442,0.53741455078125
5,0.0018020112499999019,0.64910888671875
6,0.0022277754687498597,0.60394287109375
7,0.0024009456250000394,0.770263671875
8,0.0028293139062498529,0.634765625
9,0.0030024840625000326,0.86761474609375
10,0.0034282482812499904,0.67138671875
11,0.00360174394531243,0.97503662109375
12,0.0040301122265624656,0.7342529296875
13,0.0042032823828124233,1.13983154296875
14,0.004629046601562381,0.79986572265625
15,0.0048022167578123387,1.14501953125
16,0.0052305850390623743,0.94329833984375
17,0.0054011511328124762,1.39923095703125
18,0.0058295194140625117,1.01776123046875
19,0.0060026895703124694,1.33514404296875
20,0.0064284537890624271,1.14501953125
21,0.0066019494531248668,1.7608642578125
22,0.0069840956250000197,1.23046875
23,0.0072008838281250043,1.60552978515625
24,0.0075804259374998573,1.3433837890625
25,0.0078024222656249975,2.18170166015625
26,0.0081819643749998505,1.48162841796875
27,0.0084013566406249129,1.88751220703125
28,0.0087838283203123257,1.63848876953125
29,0.0089543944140624276,2.59552001953125
30,0.0093801586328123854,1.78863525390625
31,0.0095533287890623431,2.24639892578125
32,0.0099816970703123786,1.947021484375
33,0.010152263164062481,3.0035400390625
34,0.010580631445312516,2.05657958984375
35,0.010754127109374956,2.78045654296875
36,0.011179891328124913,2.2705078125
37,0.011353061484374871,3.443603515625
38,0.011781429765624907,2.427978515625
39,0.011954599921874864,3.323974609375
40,0.012380364140625044,2.67120361328125
41,0.012553534296875002,3.8763427734375
42,0.012981902578125037,2.83538818359375
43,0.013155072734374995,3.95965576171875
44,0.013580836953124953,3.0755615234375
45,0.013754332617187393,4.2926025390625
46,0.014182375390624946,3.26568603515625
47,0.01435326699218753,4.7015380859375
48,0.014781635273437344,3.482666015625
49,0.014954805429687523,4.76318359375
50,0.015383173710937337,3.7091064453125
51,0.015553739804687439,5.53253173828125
52,0.015982108085937474,3.9990234375
53,0.016155278242187432,5.1556396484375
54,0.016532541796874911,4.18487548828125
55,0.016754538124999829,6.4434814453125
56,0.017134080234374904,4.49188232421875
57,0.017345660312499955,5.66436767578125
58,0.017735618671874898,4.76837158203125
59,0.017906184765624999,7.05291748046875
60,0.018331948984374957,5.0390625
61,0.018505444648437397,6.24542236328125
62,0.018933812929687432,5.3240966796875
63,0.019104379023437534,7.91229248046875
64,0.019532747304687348,5.62896728515625
65,0.019705917460937528,6.82891845703125
66,0.020134285742187341,6.00494384765625
67,0.020304851835937443,8.7017822265625
68,0.020733220117187479,6.3311767578125
69,0.020906390273437436,7.57598876953125
70,0.021332154492187394,6.605224609375
71,0.021505650156249834,9.237060546875
72,0.021934018437499869,6.84417724609375
73,0.022107188593749827,8.563232421875
74,0.022532952812500007,7.10357666015625
75,0.02313449125,7.4334716796875
76,0.023307661406249958,9.05975341796875
77,0.023733425624999915,7.8387451171875
78,0.023899109101562344,9.23736572265625
79,0.024334964062499909,8.28155517578125
80,0.024410156367187463,9.25689697265625
81,0.024829410429687337,8.9984130859375
82,0.024885397773437345,8.63983154296875
83,0.025144176484374947,8.90625
84,0.025363243242187528,8.599853515625
85,0.025484332148437483,9.02801513671875
86,0.025501258554687434,8.59375
87,0.025543249062499829,8.90625
curve_id,6
index,Z indent (µm),Force indent (µN)
0,0,0.560302734375
1,0.00059925988281239739,0.55267333984375
2,0.0010113527734374461,0.53192138671875
3,0.0011981942578125349,0.670166015625
4,0.0016102871484373615,0.5859375
5,0.0017971286328124503,0.6781005859375
6,0.0022121510937498368,0.6451416015625
7,0.0023986670703124435,0.7855224609375
8,0.0028110854687499742,0.68878173828125
9,0.0029491007812498804,0.9185791015625
10,0.0033716099218750184,0.71044921875
11,0.0035506392187498736,0.99761962890625
12,0.0039630576171874043,0.79620361328125
13,0.0041495735937500111,1.19720458984375
14,0.0045619919921875418,0.86181640625
15,0.0047511120312500044,1.18743896484375
16,0.0051661344921873908,1.00128173828125
17,0.0053503719140624018,1.44073486328125
18,0.0057624648046874505,1.07513427734375
19,0.005951910351562395,1.3946533203125
20,0.0063617246874998479,1.20849609375
21,0.0065508447265625325,1.79901123046875
22,0.0069632631249998411,1.2890625
23,0.0071497791015624479,1.69281005859375
24,0.0075621974999999786,1.4263916015625
25,0.0077513175390624411,2.2235107421875
26,0.008161131874999894,1.5447998046875
27,0.0083505774218748385,1.9482421875
28,0.0087626703124998873,1.71600341796875
29,0.0089521158593750538,2.6397705078125
30,0.0093619301953125067,1.83746337890625
31,0.0095510502343749692,2.34130859375
32,0.0099634686328124999,2.03521728515625
33,0.010149984609374885,3.04840087890625
34,0.010562403007812415,2.171630859375
35,0.010751523046874878,2.82623291015625
36,0.011163941445312409,2.32513427734375
37,0.011350782929687497,3.51165771484375
38,0.011721861835937375,2.52349853515625
39,0.011901216640624934,3.4234619140625
40,0.012315913593749839,2.69287109375
41,0.012502755078124927,3.93310546875
42,0.012914847968749976,2.9510498046875
43,0.013101689453124843,4.04449462890625
44,0.013513782343749892,3.14971923828125
45,0.013703227890624836,4.35638427734375
46,0.014113042226562511,3.3123779296875
47,0.014302162265624974,4.8101806640625
48,0.014714580664062504,3.59771728515625
49,0.014903700703124967,4.8260498046875
50,0.01531351503906242,3.782958984375
51,0.015502960585937364,5.64117431640625
52,0.015915053476562413,4.04449462890625
53,0.016101894960937502,5.291748046875
54,0.01651398785156255,4.31732177734375
55,0.016703433398437495,6.4691162109375
56,0.017115851796875026,4.5751953125
57,0.01730236777343741,5.7684326171875
58,0.017714786171874941,4.8431396484375
59,0.017903906210937404,7.16064453125
60,0.018313720546874857,5.08758544921875
61,0.018503166093750023,6.3897705078125
62,0.01891525898437485,5.45684814453125
63,0.019102100468749938,7.9620361328125
64,0.019475783437499894,5.7525634765625
65,0.019693548164062546,6.893310546875
66,0.020116057304687462,6.03515625
67,0.02029508660156254,8.8787841796875
68,0.020714991679687378,6.40594482421875
69,0.02080190226562495,7.6422119140625
70,0.02090411171874984,9.21875
71,0.021270308007812488,6.722412109375
72,0.02186696382812503,6.89239501953125
73,0.022465898203124945,7.18017578125
74,0.023064832578124861,7.56622314453125
75,0.023666371015624854,7.9583740234375
76,0.024265630898437474,8.36273193359375
77,0.024867169335937467,8.7799072265625
78,0.025466103710937382,9.12445068359375
79,0.02552502062499995,7.73162841796875
curve_id,7
index,Z indent (µm),Force indent (µN)
0,0,0.518798828125
1,0.00037758906249996116,0.5010986328125
2,0.00055824589843744832,0.51177978515625
3,0.0009768489453125806,0.5670166015625
4,0.0011597843359374416,0.64422607421875
5,0.0015783873828125738,0.58837890625
6,0.001758718710937579,0.71014404296875
7,0.0021773217578124893,0.6158447265625
8,0.0023576530859374945,0.8123779296875
9,0.0027788601953124825,0.65826416015625
10,0.0029591915234374877,0.9307861328125
11,0.0033777945703123979,0.7110595703125
12,0.0035584514062501071,0.98785400390625
13,0.0039770544531250174,0.80718994140625
14,0.0041599898437501004,1.17156982421875
15,0.0045785928906250106,0.89324951171875
16,0.0047589242187500158,1.16851806640625
17,0.005177527265624926,0.99273681640625
18,0.0053604626562500091,1.466064453125
19,0.0057790657031249193,1.04888916015625
20,0.0059593970312499245,1.419677734375
21,0.0063373116015625897,1.17431640625
22,0.0065560528515624661,1.851806640625
23,0.006979864023437532,1.2933349609375
24,0.0071575912890624593,1.66839599609375
25,0.0075325762890625647,1.4239501953125
26,0.007710629062499974,2.218017578125
27,0.008134114726562558,1.58447265625
28,0.0083095634375001115,1.96197509765625
29,0.0087307705468750996,1.72149658203125
30,0.0089111018750001048,2.60040283203125
31,0.009329704921875015,1.85699462890625
32,0.0095100362500000202,2.403564453125
33,0.0099286392968749304,1.96929931640625
34,0.010111574687500013,3.07647705078125
35,0.010530177734374924,2.183837890625
36,0.010708230507812555,2.8778076171875
37,0.011129437617187543,2.3583984375
38,0.011312373007812404,3.4326171875
39,0.011730976054687536,2.5347900390625
40,0.011911307382812542,3.4375
41,0.012329910429687452,2.7362060546875
42,0.012510241757812457,3.90594482421875
43,0.012931448867187445,2.93701171875
44,0.01311178019531245,4.083251953125
45,0.01371104007812507,4.36248779296875
46,0.014080816953125019,3.1304931640625
47,0.014188234531250066,3.3612060546875
48,0.014312578515625063,4.86175537109375
49,0.014690167578125024,3.56964111328125
50,0.014911512890624978,4.77996826171875
51,0.015291706015625017,3.82965087890625
52,0.015510447265624894,5.65338134765625
53,0.015931654375000104,4.0447998046875
54,0.01610449902343758,5.26763916015625
55,0.016484692148437396,4.3402099609375
56,0.016703433398437495,6.500244140625
57,0.017083626523437534,4.55902099609375
58,0.017261353789062461,5.7708740234375
59,0.017682560898437449,4.859619140625
60,0.017862892226562455,7.1441650390625
61,0.018281820781250069,5.10345458984375
62,0.018462152109375074,6.4300537109375
63,0.018880755156249984,5.45135498046875
64,0.019063690546875067,7.93304443359375
65,0.019482293593749977,5.77239990234375
66,0.019662624921874983,6.91131591796875
67,0.020081227968749893,6.0784912109375
68,0.020264163359374976,8.83392333984375
69,0.020682766406250108,6.38824462890625
70,0.020863097734375113,7.69500732421875
71,0.021282026289062506,6.7083740234375
72,0.021883564726562499,6.91070556640625
73,0.022063896054687504,8.7060546875
74,0.022485103164062492,7.1856689453125
75,0.022662830429687419,9.21875
76,0.023081433476562552,7.56378173828125
77,0.023264368867187413,9.18792724609375
78,0.023682971914062545,7.98828125
79,0.023855491054687539,9.25323486328125
80,0.024243821875000071,8.316650390625
81,0.024365236289062508,9.21875
82,0.024780258749999895,9.0692138671875
83,0.024837548125000053,8.78936767578125
84,0.025101534960937588,8.59375
85,0.025314742578125049,8.6785888671875
86,0.025436482499999968,9.1259765625
87,0.025451781367187509,8.59375
88,0.025492795351562458,8.90625
curve_id,8
index,Z indent (µm),Force indent (µN)
0,0,0.52154541015625
1,0.00059893437500013746,0.52093505859375
2,0.0010406484765626001,0.5133056640625
3,0.0011981942578125349,0.61767578125
4,0.0016395828515625155,0.57159423828125
5,0.0017997326953125281,0.63751220703125
6,0.0022411212890625087,0.6182861328125
7,0.0023986670703126656,0.74462890625
8,0.0028403811718751282,0.6414794921875
9,0.0030002055078126588,0.84228515625
10,0.0034393155468750436,0.684814453125
11,0.0035991398828125742,0.941162109375
12,0.0040408539843750368,0.73944091796875
13,0.0041983997656249716,1.11419677734375
14,0.0046397883593749523,0.83099365234375
15,0.0047999382031249649,1.14501953125
16,0.0052413267968751676,0.9283447265625
17,0.0054014766406249581,1.3739013671875
18,0.005840586679687565,1.03179931640625
19,0.0060004110156250956,1.3079833984375
20,0.0064496117968750877,1.11236572265625
21,0.0066019494531250889,1.70440673828125
22,0.0070052536328124582,1.2371826171875
23,0.0071960012109375526,1.59210205078125
24,0.0076015839453125178,1.32476806640625
25,0.0077923315234376123,2.1160888671875
26,0.0082008438281251372,1.49078369140625
27,0.0083938699609376055,1.90093994140625
28,0.0087997782031250527,1.61468505859375
29,0.0089521158593750538,2.48779296875
30,0.0093909003906249566,1.79962158203125
31,0.0095536542968750471,2.2393798828125
32,0.010000251015624961,1.9219970703125
33,0.010152588671874963,2.88177490234375
34,0.010591698710937569,2.0611572265625
35,0.010754127109374956,2.7227783203125
36,0.011201049335937574,2.2454833984375
37,0.011353061484375093,3.3392333984375
38,0.011792171523437478,2.42919921875
39,0.011954599921875086,3.2635498046875
40,0.012391105898437615,2.61810302734375
41,0.012553859804687484,3.7493896484375
42,0.01300045652343762,2.81890869140625
43,0.013152794179687621,3.89495849609375
44,0.013591904218750006,3.0145263671875
45,0.013751728554687537,4.16259765625
46,0.014201254843750011,3.233642578125
47,0.01435326699218753,4.5849609375
48,0.014792377031250137,3.44207763671875
49,0.014954805429687523,4.65240478515625
50,0.015358109609375115,3.64166259765625
51,0.015551461250000065,5.43670654296875
52,0.01595704398437503,3.93280029296875
53,0.016152999687500058,5.04791259765625
54,0.016556303867187649,4.1448974609375
55,0.016749330000000118,6.2994384765625
56,0.017155238242187565,4.420166015625
57,0.017348589882812515,5.58502197265625
58,0.017751568554687625,4.6514892578125
59,0.017903906210937626,6.92138671875
60,0.01834301625000001,4.98077392578125
61,0.018502840585937541,6.15325927734375
62,0.018952366875000015,5.2008056640625
63,0.019104379023437534,7.73651123046875
64,0.019543489062500141,5.52520751953125
65,0.019703638906250154,6.80908203125
66,0.020152839687500146,5.87493896484375
67,0.020302573281250069,8.5125732421875
68,0.020744287382812532,6.18560791015625
69,0.020814597070312635,7.4658203125
70,0.020904111718750062,9.183349609375
71,0.021351033945312459,6.490478515625
72,0.021952572382812674,6.79901123046875
73,0.022543694570312578,6.966552734375
74,0.02315564925781266,7.3089599609375
75,0.023744492890624969,7.63641357421875
76,0.024310225468750168,8.14208984375
77,0.024906555781250006,8.46160888671875
78,0.025503211601562548,8.8726806640625
79,0.025561803007812633,7.52227783203125
curve_id,9
index,Z indent (µm),Force indent (µN)
0,0,0.4937744140625
1,0.00060186394531247522,0.5194091796875
2,0.0010237220703124272,0.50872802734375
3,0.0012007983203123906,0.6488037109375
4,0.0016252605078124205,0.5694580078125
5,0.0018023367578123839,0.68939208984375
6,0.0022241948828123359,0.62286376953125
7,0.0024012711328125214,0.75531005859375
8,0.0028257333203123292,0.6707763671875
9,0.0030028095703125146,0.865478515625
10,0.0034246676953124666,0.7037353515625
11,0.003602069453124912,0.924072265625
12,0.0040265316406249418,0.7513427734375
13,0.0042010038281248274,1.151123046875
14,0.0046254660156248573,0.83587646484375
15,0.0047973341406248871,1.15142822265625
16,0.0052270044531248505,0.9503173828125
17,0.0053988725781248803,1.44378662109375
18,0.005825938828124988,1.0272216796875
19,0.0059929243359373441,1.33209228515625
20,0.0064248732031249034,1.17218017578125
21,0.0065918587109374815,1.7559814453125
22,0.0069857231640624295,1.24114990234375
23,0.0071523831640625257,1.59576416015625
24,0.0075820534765624892,1.378173828125
25,0.007753921601562519,2.1527099609375
26,0.0081809878515624046,1.47796630859375
27,0.0083531814843749164,1.9171142578125
28,0.0087776436718749462,1.68670654296875
29,0.0089547199218749096,2.55279541015625
30,0.0093765780468748616,1.78955078125
31,0.009553654296874825,2.29583740234375
32,0.0099781164843748549,1.982421875
33,0.010152588671874963,2.94189453125
34,0.010577050859374992,2.1051025390625
35,0.010754127109374956,2.7496337890625
36,0.01117631074218739,2.30804443359375
37,0.011350782929687497,3.3319091796875
38,0.011777849179687383,2.4786376953125
39,0.011954925429687346,3.331298828125
40,0.01237678355468752,2.65228271484375
41,0.012553859804687484,3.79730224609375
42,0.012978321992187514,2.86163330078125
43,0.013155398242187477,3.973388671875
44,0.013577256367187429,3.09661865234375
45,0.013752054062500019,4.18212890625
46,0.014178794804687422,3.30413818359375
47,0.014350988437499934,4.69482421875
48,0.014778054687500042,3.4710693359375
49,0.014944714687499916,4.6148681640625
50,0.015376989062499957,3.7567138671875
51,0.015543974570312535,5.52398681640625
52,0.015937513515625001,3.94805908203125
53,0.016104499023437358,5.10009765625
54,0.016536773398437399,4.244384765625
55,0.016706037460937351,6.39190673828125
56,0.017138311835937392,4.46563720703125
57,0.017304971835937488,5.574951171875
58,0.017729434023437518,4.76043701171875
59,0.017906510273437481,6.99188232421875
60,0.018328693906249915,4.9932861328125
61,0.018505770156249879,6.22650146484375
62,0.018930232343749909,5.2764892578125
63,0.019107308593749872,7.84423828125
64,0.019529166718749824,5.6005859375
65,0.01970624296875001,6.80633544921875
66,0.020128101093749962,5.9637451171875
67,0.020305177343749925,8.6285400390625
68,0.020729639531249955,6.22528076171875
69,0.020906715781249918,7.52777099609375
70,0.021328899414062352,6.54693603515625
71,0.021505975664062538,9.22088623046875
72,0.021930437851562345,6.817626953125
73,0.022102305976562375,8.568115234375
74,0.022529372226562483,7.05596923828125
75,0.022703844414062369,9.23095703125
76,0.023130910664062476,7.310791015625
77,0.023302778789062506,9.06219482421875
78,0.023729845039062392,7.76153564453125
79,0.023850933945312347,9.1827392578125
80,0.024331383476562385,8.1793212890625
81,0.024405599257812494,9.26055908203125
82,0.024798161679687514,8.837890625
83,0.024889629374999833,8.531494140625
84,0.02512790109374996,8.59375
85,0.02536063917968745,8.44207763671875
86,0.025488563749999971,9.000244140625
87,0.025498328984374874,8.59375
88,0.025539668476562527,7.562255859375
curve_id,10
index,Z indent (µm),Force indent (µN)
0,0,0.56365966796875
1,0.0004052572265624832,0.49163818359375
2,0.00059893437499991542,0.50872802734375
3,0.0010067956640624764,0.5078125
4,0.0012004728124999087,0.64056396484375
5,0.0015595079296875092,0.55206298828125
6,0.0017994071875000461,0.64361572265625
7,0.0021613718749999844,0.59051513671875
8,0.0024012711328125214,0.7708740234375
9,0.0027550981249999662,0.66131591796875
10,0.0030028095703125146,0.8642578125
11,0.0033566365624999595,0.718994140625
12,0.0035991398828123522,0.98388671875
13,0.0039555709374998749,0.78857421875
14,0.0042006783203123454,1.15753173828125
15,0.0045574348828123501,0.8392333984375
16,0.0047996126953124829,1.17919921875
17,0.0051589733203123433,0.953369140625
18,0.0053936644531249467,1.40960693359375
19,0.0057579076953124808,0.9967041015625
20,0.005951584843749913,1.3623046875
21,0.0063568420703123962,1.16241455078125
22,0.0065508447265625325,1.76300048828125
23,0.0069557764453125337,1.2628173828125
24,0.0071497791015624479,1.64581298828125
25,0.0075576403906250089,1.412353515625
26,0.007753921601562519,2.19268798828125
27,0.0081591788281250022,1.505126953125
28,0.0083528559765624344,1.94732666015625
29,0.0087581132031249176,1.673583984375
30,0.0089517903515623498,2.57354736328125
31,0.0093570475781250551,1.7816162109375
32,0.0095510502343749692,2.26837158203125
33,0.0099585860156250483,1.97784423828125
34,0.010152588671874963,3.02337646484375
35,0.010557520390624964,2.1368408203125
36,0.010754127109374956,2.75970458984375
37,0.011107954101562401,2.337646484375
38,0.011353061484374871,3.43170166015625
39,0.011709492539062394,2.5067138671875
40,0.011951995859375009,3.2904052734375
41,0.012308752421875013,2.655029296875
42,0.012551255742187406,3.8818359375
43,0.012907686796874929,2.87811279296875
44,0.013152794179687399,3.916015625
45,0.013509225234374922,3.09112548828125
46,0.013703227890624836,4.32647705078125
47,0.014110763671874915,3.3319091796875
48,0.014302162265624974,4.615478515625
49,0.014709698046875053,3.50830078125
50,0.014903700703124967,4.79827880859375
51,0.015311561992187528,3.78936767578125
52,0.015502635078124882,5.4473876953125
53,0.015907892304687365,3.9630126953125
54,0.01610156945312502,5.2398681640625
55,0.016509430742187359,4.26849365234375
56,0.016703433398437495,6.3299560546875
57,0.017110969179687352,4.43084716796875
58,0.01730236777343741,5.6787109375
59,0.017712507617187345,4.82391357421875
60,0.017903906210937404,6.98089599609375
61,0.018309163437499887,4.99298095703125
62,0.018502840585937541,6.30401611328125
63,0.01891070187499988,5.3289794921875
64,0.019101774960937457,7.884521484375
65,0.019458531523437461,5.6280517578125
66,0.019703638906249932,6.81365966796875
67,0.020060069960937454,5.93109130859375
68,0.020305177343749925,8.77105712890625
69,0.020661608398437448,6.25091552734375
70,0.02090411171874984,7.42523193359375
71,0.021260542773437363,6.55731201171875
72,0.021503046093749978,9.21875
73,0.021859477148437501,6.83258056640625
74,0.022053479804687415,8.39385986328125
75,0.022461341093749976,7.0751953125
76,0.022652414179687552,9.21875
77,0.023060275468749891,7.3046875
78,0.023253952617187545,8.89923095703125
79,0.023661813906249884,7.83416748046875
80,0.023847027851562341,9.25689697265625
81,0.024260748281250022,8.1329345703125
82,0.024366538320312436,9.2205810546875
83,0.024788070937499906,9.0948486328125
84,0.024859682656249937,8.57147216796875
85,0.025115206289062497,8.90625
86,0.025344689296874945,8.77227783203125
87,0.025461546601562413,9.03900146484375
88,0.025479124023437549,8.59375
89,0.025517533945312421,8.076171875
90,0.025517859453124903,8.90625
curve_id,11
index,Z indent (µm),Force indent (µN)
0,0,0.5657958984375
1,0.0011597843359374416,0.52703857421875
2,0.0015793639062500198,0.51971435546875
3,0.001758718710937357,0.6781005859375
4,0.0021760197265625614,0.59051513671875
5,0.0023602571484375723,0.63201904296875
6,0.0027775581640625546,0.6390380859375
7,0.0029591915234374877,0.8038330078125
8,0.00337649253906247,0.66619873046875
9,0.0035558473437500293,0.892333984375
10,0.0039344129296874364,0.72296142578125
11,0.0041111636718749178,1.00311279296875
12,0.0045336728125000558,0.76904296875
13,0.0047100980468750553,1.1639404296875
14,0.0051352112500000491,0.88714599609375
15,0.0053119619921875305,1.1944580078125
16,0.0057289375000000309,0.95458984375
17,0.0059108963671874459,1.43951416015625
18,0.0063278718749999463,1.11083984375
19,0.0065124348046874392,1.37481689453125
20,0.0069271317578125657,1.16546630859375
21,0.0071113691796873546,1.8017578125
22,0.007528670195312559,1.3067626953125
23,0.0077103035546874921,1.68548583984375
24,0.0081276045703124744,1.3983154296875
25,0.0083121674999999673,2.18994140625
26,0.0087291430078124677,1.573486328125
27,0.0089111018749998827,1.98272705078125
28,0.0093280773828123831,1.7022705078125
29,0.009512640312499876,2.61260986328125
30,0.0099273372656250025,1.8707275390625
31,0.010111574687500013,2.35198974609375
32,0.010528875703124996,2.03887939453125
33,0.010710509062499929,3.017578125
34,0.011127810078124911,2.18170166015625
35,0.011309768945312548,2.796630859375
36,0.011729348515624904,2.3504638671875
37,0.011911307382812542,3.52081298828125
38,0.012328282890625042,2.530517578125
39,0.012461741093749978,3.35723876953125
40,0.012930146835937517,2.75421142578125
41,0.013063279531249972,3.90594482421875
42,0.01348285910156255,2.9412841796875
43,0.013662213906249887,3.98468017578125
44,0.014084397539062543,3.1829833984375
45,0.01426375234374988,4.35882568359375
46,0.014681053359374863,3.3319091796875
47,0.014862686718750018,4.71405029296875
48,0.015279987734375,3.6077880859375
49,0.015464225156250011,4.78790283203125
50,0.015878922109374916,3.7890625
51,0.016063485039062408,5.606689453125
52,0.016480460546874909,4.07745361328125
53,0.016662419414062546,5.19439697265625
54,0.017079720429687528,4.307861328125
55,0.017263957851562539,6.43035888671875
56,0.017681258867187521,4.59136962890625
57,0.017862892226562455,5.7421875
58,0.018280193242187437,4.78363037109375
59,0.018464430664062448,7.069091796875
60,0.01888173167968743,5.140380859375
61,0.019063690546875067,6.34429931640625
62,0.019480666054687568,5.3857421875
63,0.019662624921874983,7.9010009765625
64,0.020079925937499965,5.71624755859375
65,0.020264163359374976,6.89788818359375
66,0.020814597070312413,8.79547119140625
67,0.021231898085937395,6.02142333984375
68,0.021334107539062508,6.36444091796875
69,0.021365030781250072,7.61566162109375
70,0.021881937187499867,6.70928955078125
71,0.022432370898437526,6.86492919921875
72,0.023033909335937519,7.1466064453125
73,0.023632843710937435,7.513427734375
74,0.024231778085937572,7.89764404296875
75,0.024831037968749969,8.3416748046875
76,0.025432576406249963,8.72528076171875
77,0.026031510781249878,9.100341796875
78,0.026090427695312446,7.7471923828125
curve_id,12
index,Z indent (µm),Force indent (µN)
0,0,0.5084228515625
1,0.00060153843749999325,0.6219482421875
2,0.0010592024218749607,0.51971435546875
3,0.0012007983203123906,0.634765625
4,0.001660740859374954,0.5596923828125
5,0.0017997326953123061,0.71136474609375
6,0.0023986670703124435,0.7513427734375
7,0.0028101089453123063,0.589599609375
8,0.0029585405078123017,0.6207275390625
9,0.0030002055078124368,0.86181640625
10,0.0034575439843749223,0.6689453125
11,0.00360174394531243,0.9991455078125
12,0.0040594079296873975,0.74432373046875
13,0.0042010038281248274,1.058349609375
14,0.0046609463671873907,0.83221435546875
15,0.0047973341406248871,1.30950927734375
16,0.005262484804687384,0.9466552734375
17,0.0053988725781248803,1.24603271484375
18,0.0058155225781248987,0.97625732421875
19,0.0060004110156248736,1.583251953125
20,0.0064603535546874369,1.11480712890625
21,0.0066019494531248668,1.47857666015625
22,0.0070107872656248738,1.1431884765625
23,0.0071986052734374084,1.97662353515625
24,0.007612325703124867,1.3330078125
25,0.0077975396484373238,1.767578125
26,0.0082089815234374086,1.39495849609375
27,0.0083528559765624344,2.38739013671875
28,0.0088105199609374019,1.59210205078125
29,0.0089547199218749096,2.1624755859375
30,0.0094094543359373173,1.6729736328125
31,0.0095510502343749692,2.8033447265625
32,0.010010992773437311,1.85638427734375
33,0.010155192734374818,2.56805419921875
34,0.010612531210937304,1.9830322265625
35,0.010754127109374956,3.2550048828125
36,0.011211791093749923,2.1807861328125
37,0.011353061484374871,3.17535400390625
38,0.011810725468749839,2.35565185546875
39,0.011954925429687346,3.6981201171875
40,0.012412263906249832,2.606201171875
41,0.012551255742187406,3.7750244140625
42,0.013011198281249969,2.8076171875
43,0.013155398242187477,4.1778564453125
44,0.013612736718749963,3.00048828125
45,0.013751728554687315,4.4891357421875
46,0.014211671093749878,3.30291748046875
47,0.014355871054687386,4.5513916015625
48,0.014764708867187393,3.480224609375
49,0.014955130937500005,5.42266845703125
50,0.015366247304687386,3.8641357421875
51,0.015554065312499921,5.04302978515625
52,0.01596029906249985,4.0484619140625
53,0.016147791562499902,6.2799072265625
54,0.016561837499999843,4.47479248046875
55,0.016703433398437495,5.53466796875
56,0.01716077187499998,4.6624755859375
57,0.017304971835937488,6.95770263671875
58,0.01776491437499983,5.01556396484375
59,0.017903906210937404,6.17950439453125
60,0.018363848749999967,5.31158447265625
61,0.018503166093749801,7.7288818359375
62,0.018960504570312509,5.68634033203125
63,0.019104704531250016,6.8121337890625
64,0.019562043007812502,5.95306396484375
65,0.019703638906249932,8.64410400390625
66,0.020163581445312495,6.32598876953125
67,0.020305177343749925,7.46551513671875
68,0.020765119882812488,6.590576171875
69,0.02090411171874984,9.2449951171875
70,0.021361775703124808,6.8609619140625
71,0.021505650156249834,8.43292236328125
72,0.021963314140624801,7.04132080078125
73,0.022104910039062453,9.244384765625
74,0.022562248515624939,7.379150390625
75,0.022703844414062369,8.997802734375
76,0.023163786953124932,7.74658203125
77,0.023299523710937464,9.21234130859375
78,0.023716824726562447,8.08868408203125
79,0.023816755624999963,9.23858642578125
80,0.024207690507812352,8.9361572265625
81,0.024313155039062506,8.46343994140625
82,0.024562819531249946,8.90625
83,0.024794255585937508,8.50616455078125
84,0.024914693476562499,8.83880615234375
85,0.024922505664062511,8.59375
86,0.02496807675781243,7.86865234375
87,0.024968402265624912,8.90625
curve_id,13
index,Z indent (µm),Force indent (µN)
0,0,0.50994873046875
1,0.00099344984375004941,0.501708984375
2,0.0012007983203126127,0.6201171875
3,0.0016024749609375721,0.51605224609375
4,0.0018023367578126059,0.6292724609375
5,0.0021939226562499581,0.57464599609375
6,0.0024038751953125992,0.78216552734375
7,0.0027570511718750801,0.64208984375
8,0.0030028095703125146,0.86669921875
9,0.0033563110546874775,0.7000732421875
10,0.0036017439453126521,0.97076416015625
11,0.0039526413671875371,0.7672119140625
12,0.0042010038281250495,1.0516357421875
13,0.0045515757421874525,0.819091796875
14,0.0048025422656250427,1.1419677734375
15,0.0051531141796876678,0.89874267578125
16,0.0054014766406249581,1.37908935546875
17,0.0057445618750000538,0.9844970703125
18,0.0059978069531250178,1.38153076171875
19,0.0063539125000000585,1.13250732421875
20,0.0065534487890626103,1.7218017578125
21,0.0069528468749999739,1.2255859375
22,0.0071986052734376305,1.64306640625
23,0.0075543853124999671,1.3812255859375
24,0.007753921601562519,2.10662841796875
25,0.0081533196875001046,1.4752197265625
26,0.0083505774218750606,1.88232421875
27,0.0087548581250000979,1.65679931640625
28,0.0089521158593750538,2.530517578125
29,0.0093541180078124953,1.717529296875
30,0.0095536542968750471,2.274169921875
31,0.0099452401953126213,1.95953369140625
32,0.010152588671874963,2.9736328125
33,0.010554590820312626,2.07122802734375
34,0.010754127109374956,2.69683837890625
35,0.011105024531250063,2.31201171875
36,0.011353386992187575,3.41461181640625
37,0.011703958906249978,2.4298095703125
38,0.011952321367187491,3.226318359375
39,0.012305497343749972,2.64892578125
40,0.012553859804687484,3.83575439453125
41,0.012907035781249965,2.83050537109375
42,0.013152794179687621,3.80035400390625
43,0.013506295664062584,3.0047607421875
44,0.013751728554687537,4.344482421875
45,0.0141052300390625,3.26934814453125
46,0.014348384375000078,4.53765869140625
47,0.014696352226562626,3.47625732421875
48,0.014906304765625045,4.73724365234375
49,0.01530570285156263,3.70635986328125
50,0.015548857187499987,5.38116455078125
51,0.015907241289062624,3.89739990234375
52,0.01610449902343758,5.152587890625
53,0.016506501171875021,4.1839599609375
54,0.016706037460937573,6.23870849609375
55,0.017105435546875158,4.40155029296875
56,0.017307575898437566,5.64605712890625
57,0.017704369921875074,4.6875
58,0.017906510273437481,6.98944091796875
59,0.018260011757812666,4.97711181640625
60,0.018508048710937475,6.18438720703125
61,0.018864154257812515,5.272216796875
62,0.019104704531250016,7.7459716796875
63,0.019457880507812497,5.49835205078125
64,0.01970624296875001,6.807861328125
65,0.020056814882812635,5.87310791015625
66,0.020307781406250003,8.69415283203125
67,0.020656074765625032,6.1468505859375
68,0.02090671578125014,7.39501953125
69,0.021257613203125025,6.558837890625
70,0.021505650156250056,9.25628662109375
71,0.021856547578125163,6.77154541015625
72,0.022104910039062453,8.287353515625
73,0.022458086015625156,7.00225830078125
74,0.022703844414062591,9.21875
75,0.023057020390625071,7.2979736328125
76,0.023256882187500105,8.804931640625
77,0.023656280273437469,7.6983642578125
78,0.023890320390625108,9.25048828125
79,0.024257818710937462,8.12744140625
80,0.024368165859375068,9.168701171875
81,0.024788721953125092,9.0679931640625
82,0.0248567530859376,8.47381591796875
83,0.025114555273437533,9.21875
84,0.025343387265625017,8.7176513671875
85,0.025458291523437593,8.963623046875
86,0.025476519960937472,8.59375
87,0.025514278867187601,8.02490234375
88,0.025514604375000083,7.56988525390625
curve_id,14
index,Z indent (µm),Force indent (µN)
0,0,0.49072265625
1,0.0011978687500000529,0.58837890625
2,0.0017971286328124503,0.574951171875
3,0.0021561637500000508,0.52520751953125
4,0.0023986670703124435,0.689697265625
5,0.0027603062499998998,0.59814453125
6,0.0030002055078124368,0.76873779296875
7,0.0033540325000001037,0.65643310546875
8,0.0035965358203124964,0.88409423828125
9,0.0039555709375000969,0.70281982421875
10,0.0041980742578124897,1.02783203125
11,0.0045545053125000123,0.74188232421875
12,0.0047921260156249534,1.06689453125
13,0.0051537651953124097,0.799560546875
14,0.0053910603906250909,1.28662109375
15,0.005755303632812403,0.88775634765625
16,0.0059493062890625392,1.25457763671875
17,0.0063542380078125404,0.987548828125
18,0.0065482406640624546,1.59271240234375
19,0.0069557764453125337,1.08154296875
20,0.0071497791015624479,1.54815673828125
21,0.0075547108203124491,1.2158203125
22,0.0077487134765625854,1.94366455078125
23,0.0081539707031250686,1.30340576171875
24,0.0083476478515625008,1.81427001953125
25,0.0087555091406250618,1.41510009765625
26,0.008949511796874976,2.30438232421875
27,0.0093544435156249772,1.52923583984375
28,0.0095484461718748914,2.13287353515625
29,0.0099585860156250483,1.71783447265625
30,0.010149984609375107,2.68096923828125
31,0.010554916328124886,1.83685302734375
32,0.010748918984375022,2.562255859375
33,0.011107954101562401,2.0465087890625
34,0.011350457421875015,3.20068359375
35,0.011706888476562538,2.1551513671875
36,0.011949717304687413,3.01361083984375
37,0.012306148359374935,2.3876953125
38,0.01254865167968755,3.61846923828125
39,0.012907686796874929,2.50823974609375
40,0.013147586054687466,3.5906982421875
41,0.013509225234374922,2.77008056640625
42,0.013698019765624903,4.07989501953125
43,0.014105555546874982,3.01605224609375
44,0.014343176249999923,4.2218017578125
45,0.014707093984374975,3.22052001953125
46,0.014901096640624889,4.52728271484375
47,0.015306353867187594,3.453369140625
48,0.015500031015625026,4.99542236328125
49,0.015910496367187443,3.6639404296875
50,0.016099290898437424,5.00396728515625
51,0.016506826679687503,3.9459228515625
52,0.016700829335937417,5.76690673828125
53,0.017108365117187496,4.19952392578125
54,0.017299763710937555,5.46295166015625
55,0.017707299492187412,4.43817138671875
56,0.017901302148437548,6.62506103515625
57,0.018306559375000031,4.73388671875
58,0.018500236523437463,5.99884033203125
59,0.018910701875000102,5.0189208984375
60,0.019101774960937457,7.20550537109375
61,0.01950703218749994,5.25177001953125
62,0.019698430781249998,6.5972900390625
63,0.020064952578124906,5.589599609375
64,0.020299969218749991,8.02276611328125
65,0.020659004335937592,5.8203125
66,0.020901507656249985,7.0263671875
67,0.021257938710937507,6.20574951171875
68,0.0215004420312499,8.87115478515625
69,0.021859477148437501,6.405029296875
70,0.02200237507812508,7.7960205078125
71,0.022101980468749893,9.21875
72,0.022461015585937494,6.7706298828125
73,0.023060275468749891,6.88873291015625
74,0.023659209843750029,7.14752197265625
75,0.024258144218749944,7.43194580078125
76,0.024859682656249937,7.88177490234375
77,0.025461221093749931,8.2159423828125
78,0.026057876914062472,8.63677978515625
79,0.026659415351562465,8.9544677734375
80,0.026715728203124955,7.70782470703125
curve_id,15
index,Z indent (µm),Force indent (µN)
0,0,0.572509765625
1,0.00060153843749999325,0.52978515625
2,0.0012007983203123906,0.67718505859375
3,0.0016119146874999934,0.55816650390625
4,0.0017997326953125281,0.67352294921875
5,0.0022108490624999089,0.61737060546875
6,0.0023986670703124435,0.83648681640625
7,0.0028127130078123841,0.6640625
8,0.0029517048437499582,0.95123291015625
9,0.003362821210937561,0.70953369140625
10,0.0035506392187498736,1.038818359375
11,0.0039620810937499584,0.7513427734375
12,0.0041521776562498669,1.2322998046875
13,0.0045610154687498738,0.8612060546875
14,0.0047537160937498601,1.21490478515625
15,0.0051625539062498671,0.909423828125
16,0.0053529759765624796,1.5191650390625
17,0.0057614882812500046,1.05682373046875
18,0.005951910351562395,1.42608642578125
19,0.0063656307812498536,1.13494873046875
20,0.0065508447265625325,1.85821533203125
21,0.0069622866015623952,1.28204345703125
22,0.0071549872265623815,1.7132568359375
23,0.0075638250390623885,1.33026123046875
24,0.007753921601562519,2.26715087890625
25,0.0081627594140625259,1.50604248046875
26,0.0083531814843749164,2.00225830078125
27,0.0087616937890624413,1.62261962890625
28,0.0089521158593750538,2.6446533203125
29,0.0093658362890625124,1.7791748046875
30,0.0095536542968750471,2.3907470703125
31,0.009962492109375054,1.94854736328125
32,0.01015519273437504,3.125
33,0.010515204374999865,2.125244140625
34,0.010754127109374956,2.87567138671875
35,0.011116742812499858,2.2821044921875
36,0.011350782929687497,3.56781005859375
37,0.011716002695312477,2.46185302734375
38,0.011949717304687413,3.438720703125
39,0.012314937070312393,2.69317626953125
40,0.012502755078124927,4.03289794921875
41,0.01291387144531253,2.90008544921875
42,0.013104293515624921,4.01397705078125
43,0.013512805820312446,3.17108154296875
44,0.013703227890625058,4.43878173828125
45,0.014114669765624921,3.3087158203125
46,0.014302162265624974,4.85443115234375
47,0.014716208203124914,3.62640380859375
48,0.014903700703124967,4.88494873046875
49,0.015317746640624907,3.818359375
50,0.015502960585937364,5.6329345703125
51,0.015914076953124967,4.129638671875
52,0.016104499023437358,5.377197265625
53,0.01651561539062496,4.2926025390625
54,0.016703433398437495,6.4825439453125
55,0.017114875273437358,4.69329833984375
56,0.017304971835937488,5.78643798828125
57,0.017716413710937351,4.83428955078125
58,0.017903906210937404,7.11456298828125
59,0.018317952148437566,5.19287109375
60,0.018503166093750023,6.45294189453125
61,0.018914282460937404,5.40985107421875
62,0.019104704531250016,7.864990234375
63,0.019515820898437397,5.78826904296875
64,0.019703638906249932,6.89605712890625
65,0.020114755273437535,5.97198486328125
66,0.020254072617187369,8.76708984375
67,0.020665188984374971,6.34185791015625
68,0.020855611054687362,7.6171875
69,0.021264448867187369,6.6241455078125
70,0.021454545429687499,9.25048828125
71,0.02186859136718744,6.8243408203125
72,0.022053479804687415,8.45550537109375
73,0.0224649216796875,7.03948974609375
74,0.02265534374999989,9.2486572265625
75,0.023066460117187493,7.2991943359375
76,0.023254278125000027,8.9654541015625
77,0.023665394492187408,7.7435302734375
78,0.023849631914062419,9.2138671875
79,0.024264654375000028,8.04901123046875
80,0.024366863828124918,9.2132568359375
81,0.02479002398437502,8.9288330078125
82,0.024868796874999877,8.50830078125
83,0.025115531796874979,8.90625
84,0.025346316835937355,8.5748291015625
85,0.025465127187499936,8.8232421875
86,0.025480426054687477,8.59375
87,0.025518835976562571,8.90625
curve_id,16
index,Z indent (µm),Force indent (µN)
0,0,0.5633544921875
1,0.00035968613281256445,0.49163818359375
2,0.00059893437499991542,0.535888671875
3,0.00095862050781247987,0.52032470703125
4,0.0011978687500000529,0.69854736328125
5,0.0015575548828126173,0.56915283203125
6,0.0017997326953125281,0.69427490234375
7,0.0021568147656250147,0.5908203125
8,0.0024012711328125214,0.85479736328125
9,0.0027557491406249301,0.64056396484375
10,0.0030002055078124368,0.9014892578125
11,0.0033572875781249234,0.6951904296875
12,0.00360174394531243,1.075439453125
13,0.0039588260156249166,0.78460693359375
14,0.0042006783203125675,1.2017822265625
15,0.0045603644531249099,0.8734130859375
16,0.0047947300781250313,1.29547119140625
17,0.0051570202734374515,0.955810546875
18,0.0053500464062499198,1.48284912109375
19,0.005755954648437589,1.025390625
20,0.0059952028906249399,1.47705078125
21,0.0063574930859375822,1.12457275390625
22,0.0065508447265625325,1.81671142578125
23,0.0069590315234375755,1.25518798828125
24,0.0071523831640625257,1.7315673828125
25,0.0075605699609375687,1.3775634765625
26,0.0077513175390624411,2.2601318359375
27,0.0081136077343750834,1.5240478515625
28,0.0083528559765624344,2.0318603515625
29,0.0087151461718750767,1.6534423828125
30,0.0089517903515625719,2.696533203125
31,0.0093140805468749921,1.79229736328125
32,0.0095510502343749692,2.396240234375
33,0.0099081323046874559,1.9122314453125
34,0.010152588671874963,3.14697265625
35,0.010507066679687593,2.1405029296875
36,0.0107515230468751,2.85797119140625
37,0.011108605117187587,2.26776123046875
38,0.011353061484375093,3.61297607421875
39,0.011707539492187502,2.5421142578125
40,0.011951995859375009,3.40911865234375
41,0.012309403437499977,2.68096923828125
42,0.012551255742187628,4.1204833984375
43,0.012908337812500115,2.94403076171875
44,0.013152794179687621,4.01611328125
45,0.01350727218750003,3.1256103515625
46,0.013746520429687603,4.51568603515625
47,0.014108810625000023,3.372802734375
48,0.014348058867187596,4.78759765625
49,0.014707744999999939,3.58673095703125
50,0.014947318749999994,4.95391845703125
51,0.01531188750000001,3.87115478515625
52,0.01550523914062496,5.614013671875
53,0.015908543320312551,4.102783203125
54,0.016104173515625098,5.394287109375
55,0.016510081757812545,4.35394287109375
56,0.016703433398437495,6.50177001953125
57,0.017068002148437511,4.61578369140625
58,0.01730236777343741,5.85723876953125
59,0.017667262031249908,4.87548828125
60,0.017906510273437481,7.0623779296875
61,0.018268800468750124,5.14923095703125
62,0.018505444648437619,6.45843505859375
63,0.018859922656250028,5.45135498046875
64,0.019104379023437534,7.9718017578125
65,0.019461461093750021,5.7666015625
66,0.019703638906249932,6.87347412109375
67,0.020063325039062496,5.98419189453125
68,0.020305177343749925,8.84735107421875
69,0.020662259414062412,6.34429931640625
70,0.020804180820312546,7.54180908203125
71,0.020906715781249918,9.21875
72,0.021261193789062549,6.55548095703125
73,0.021860128164062465,6.87713623046875
74,0.022461666601562458,6.97967529296875
75,0.023063530546874933,7.40478515625
76,0.023659860859374993,7.677001953125
77,0.024261399296874986,8.12744140625
78,0.024860333671875123,8.44818115234375
79,0.025461872109375117,8.86138916015625
80,0.025518184960937607,7.576904296875
curve_id,17
index,Z indent (µm),Force indent (µN)
0,0,0.50048828125
1,0.001195590195312457,0.59600830078125
2,0.0016054045312499099,0.5255126953125
3,0.0017997326953125281,0.55572509765625
4,0.0022069429687501252,0.55419921875
5,0.0023960630078125877,0.76324462890625
6,0.0028062028515625226,0.58349609375
7,0.0029517048437499582,0.75958251953125
8,0.0034077412890625158,0.6292724609375
9,0.0035916532031250448,0.96954345703125
10,0.0039656616796874822,0.6866455078125
11,0.0041495735937500111,0.99365234375
12,0.0045623175000000238,0.77484130859375
13,0.0047511120312500044,1.12152099609375
14,0.005163855937500017,0.867919921875
15,0.0053503719140626238,1.27960205078125
16,0.0057575821874999988,0.92315673828125
17,0.0059519103515626171,1.353759765625
18,0.0063565165624999143,1.01043701171875
19,0.0065508447265625325,1.6119384765625
20,0.0069583805078126115,1.11419677734375
21,0.0070524522656250088,1.585693359375
22,0.0071523831640625257,1.97021484375
23,0.0075573148828125269,1.22161865234375
24,0.0081588533203125202,1.3543701171875
25,0.0083528559765624344,1.8109130859375
26,0.0087577876953124356,1.490478515625
27,0.0089521158593750538,2.38494873046875
28,0.0093593261328124289,1.63970947265625
29,0.0095536542968750471,2.11700439453125
30,0.0099585860156250483,1.72027587890625
31,0.010149984609375107,2.85675048828125
32,0.010557520390624964,1.9183349609375
33,0.010748918984375022,2.55218505859375
34,0.011159058828124957,2.0465087890625
35,0.011353061484375093,3.29376220703125
36,0.011757993203125094,2.27325439453125
37,0.01190349519531253,2.98828125
38,0.012359531640625088,2.4346923828125
39,0.012502429570312446,3.787841796875
40,0.012958466015625003,2.66265869140625
41,0.013104293515624921,3.5638427734375
42,0.013516711914062451,2.8485107421875
43,0.013703227890625058,4.22943115234375
44,0.014115646289062589,3.06732177734375
45,0.014302162265624974,4.24560546875
46,0.014709698046875053,3.27423095703125
47,0.014903700703124967,4.7235107421875
48,0.015311236484375046,3.544921875
49,0.015502635078125104,5.001220703125
50,0.015910170859374961,3.79730224609375
51,0.01610449902343758,5.07232666015625
52,0.016509105234375099,4.05975341796875
53,0.016703433398437495,5.88653564453125
54,0.017110643671875092,4.296875
55,0.017304971835937488,5.5859375
56,0.017709903554687489,4.51812744140625
57,0.017903906210937626,6.6522216796875
58,0.018308837929687627,4.87518310546875
59,0.018505444648437619,6.11358642578125
60,0.01891037636718762,5.0421142578125
61,0.019102100468749938,7.33642578125
62,0.019509310742187536,5.45654296875
63,0.019701034843750076,6.6070556640625
64,0.020110849179687529,5.61859130859375
65,0.020302573281250069,8.16925048828125
66,0.020710109062499926,6.01654052734375
67,0.020894020976562455,7.0880126953125
68,0.021311647499999919,6.19171142578125
69,0.021454545429687499,9.0679931640625
70,0.02186696382812503,6.612548828125
71,0.022056083867187493,7.769775390625
72,0.022468502265625023,6.7999267578125
73,0.022655018242187408,8.90625
74,0.023065158085937565,6.97662353515625
75,0.023256556679687623,8.743896484375
76,0.02366409246093748,7.22198486328125
77,0.023855816562500021,9.21875
78,0.024263026835937618,7.69683837890625
79,0.024454750937499936,9.14031982421875
80,0.024862286718750015,7.92724609375
81,0.025050430234375032,9.21875
82,0.025461221093749931,8.387451171875
83,0.025567662148437531,9.21875
84,0.025991147812500115,9.13848876953125
85,0.026062759531249924,8.7481689453125
86,0.026316981132812556,8.59375
87,0.026547766171874931,8.86932373046875
88,0.026661693906250061,9.1229248046875
89,0.026681549882812572,8.59375
90,0.026720610820312407,8.90625
curve_id,18
index,Z indent (µm),Force indent (µN)
0,0,0.53863525390625
1,0.00059893437499991542,0.5267333984375
2,0.00097847648437499046,0.5316162109375
3,0.0012004728124999087,0.71441650390625
4,0.0015695986718751165,0.533447265625
5,0.0017968031249999683,0.75286865234375
6,0.0021688585546875139,0.60638427734375
7,0.0023983415624999616,0.88043212890625
8,0.0027703969921875071,0.63446044921875
9,0.0029949973828125032,0.98175048828125
10,0.0033693313671874225,0.68695068359375
11,0.0035503137109376137,1.0333251953125
12,0.0039708698046874158,0.84930419921875
13,0.0041902620703124782,1.2420654296875
14,0.0045698041796875533,0.8856201171875
15,0.0047511120312500044,1.27655029296875
16,0.0051690640624999507,0.93475341796875
17,0.0053500464062499198,1.57257080078125
18,0.0057706024999999439,1.0528564453125
19,0.0059489807812500572,1.52923583984375
20,0.0063695368750000814,1.17431640625
21,0.0065505192187500505,1.8695068359375
22,0.0069710753125000746,1.28692626953125
23,0.0071497791015624479,1.77276611328125
24,0.00757000968749999,1.395263671875
25,0.0077513175390624411,2.29217529296875
26,0.0081718736328124653,1.5521240234375
27,0.0083502519140625786,1.9903564453125
28,0.0087708080078126027,1.75506591796875
29,0.0089517903515625719,2.80181884765625
30,0.0093697423828125181,1.7681884765625
31,0.0095507247265624873,2.5067138671875
32,0.0099712808203125114,1.93603515625
33,0.010152263164062481,3.1610107421875
34,0.010521714531249948,2.22747802734375
35,0.010748918984375022,2.91168212890625
36,0.011123252968749942,2.40264892578125
37,0.011350457421875015,3.5772705078125
38,0.011722187343750079,2.4517822265625
39,0.011946787734375075,3.68316650390625
40,0.012324051289062554,2.80242919921875
41,0.012543443554687617,4.04449462890625
42,0.01292298566406247,3.04534912109375
43,0.013101363945312583,4.0283203125
44,0.013521920039062607,3.1463623046875
45,0.013702902382812576,4.7271728515625
46,0.014120854414062523,3.28460693359375
47,0.014301836757812492,4.90997314453125
48,0.014722392851562516,3.80645751953125
49,0.014903700703124967,4.8419189453125
50,0.015321652734374913,4.01123046875
51,0.015502635078125104,5.79864501953125
52,0.015923191171874906,3.97705078125
53,0.01610156945312502,5.439453125
54,0.016522125546875044,4.4287109375
55,0.016703107890625013,6.58905029296875
56,0.017123663984375037,4.8077392578125
57,0.017302042265624928,5.92071533203125
58,0.017722598359374953,4.86297607421875
59,0.017903906210937626,7.13714599609375
60,0.018283448320312479,5.15869140625
61,0.018502840585937541,6.5130615234375
62,0.018923396679687565,5.56640625
63,0.019104379023437534,8.1048583984375
64,0.019473830390625002,5.88226318359375
65,0.01970331339843745,6.84356689453125
66,0.020072764765624918,6.082763671875
67,0.020302247773437587,8.96514892578125
68,0.020674303203124911,6.171875
69,0.020896299531250051,7.81341552734375
70,0.021273237578125048,6.81732177734375
71,0.021454219921875017,9.2584228515625
72,0.021874776015625041,6.89483642578125
73,0.022053479804687415,8.4783935546875
74,0.022474035898437439,6.99920654296875
75,0.022655018242187408,9.21875
76,0.023075574335937432,7.4627685546875
77,0.023253952617187545,8.97705078125
78,0.02367450871093757,7.9541015625
79,0.023850282929687605,9.25994873046875
80,0.024273443085937485,8.106689453125
81,0.024369793398437478,9.22515869140625
82,0.024795232109374954,9.16290283203125
83,0.024874981523437478,8.544921875
84,0.025123018476562509,8.90625
85,0.025355105546875034,8.751220703125
86,0.025474241406250098,8.98406982421875
87,0.025492144335937494,8.59375
88,0.025532832812499962,8.90625
curve_id,19
index,Z indent (µm),Force indent (µN)
0,0,0.589599609375
1,0.00059893437499991542,0.5743408203125
2,0.00097587242187491263,0.55084228515625
3,0.0012004728124999087,0.76385498046875
4,0.0015416050000001125,0.594482421875
5,0.0017994071875000461,0.73883056640625
6,0.0021483515625000393,0.62774658203125
7,0.0023882508203125763,0.93780517578125
8,0.0027397992578124253,0.68328857421875
9,0.0029871851953124917,0.9466552734375
10,0.0033286428906249554,0.71929931640625
11,0.0035864450781251112,1.13433837890625
12,0.0039275772656250929,0.810546875
13,0.0041827753906249487,1.26251220703125
14,0.0045291157031250862,0.9002685546875
15,0.004784313828124942,1.38519287109375
16,0.0051280500781250016,1.021728515625
17,0.0053500464062499198,1.56951904296875
18,0.005727309960937399,1.10595703125
19,0.005951584843749913,1.58111572265625
20,0.0063288483984376143,1.19873046875
21,0.0065505192187500505,1.905517578125
22,0.0069277827734375297,1.3079833984375
23,0.0071523831640625257,1.83380126953125
24,0.0075293212109375229,1.44683837890625
25,0.0077513175390624411,2.33978271484375
26,0.0081282555859374384,1.59454345703125
27,0.0083528559765624344,2.177734375
28,0.0087297940234374316,1.73797607421875
29,0.0089517903515625719,2.7734375
30,0.009329053906250051,1.8939208984375
31,0.0095507247265624873,2.548828125
32,0.0099305923437500443,2.0379638671875
33,0.010152588671874963,3.2293701171875
34,0.01052952671874996,2.21954345703125
35,0.0107515230468751,3.00018310546875
36,0.011128461093750097,2.38739013671875
37,0.011353061484375093,3.72222900390625
38,0.011678894804687534,2.62725830078125
39,0.011939301054687546,3.54461669921875
40,0.012283037304687605,2.78778076171875
41,0.012502429570312446,4.21417236328125
42,0.012879367617187443,3.0596923828125
43,0.013103968007812439,4.2120361328125
44,0.013481231562499918,3.23150634765625
45,0.013702902382812576,4.67529296875
46,0.014080165937500055,3.5198974609375
47,0.014302162265624974,4.91302490234375
48,0.014681704375000049,3.67919921875
49,0.014903700703124967,5.12908935546875
50,0.015280638749999964,4.01397705078125
51,0.015502635078125104,5.7977294921875
52,0.015879573125000102,4.23126220703125
53,0.016104173515625098,5.560302734375
54,0.016481437070312577,4.51812744140625
55,0.016703107890625013,6.64794921875
56,0.017080371445312492,4.739990234375
57,0.017304646328125006,6.06719970703125
58,0.017681909882812485,5.05218505859375
59,0.017903906210937404,7.24822998046875
60,0.018280844257812401,5.286865234375
61,0.018505444648437397,6.5826416015625
62,0.018882382695312616,5.59906005859375
63,0.019104379023437534,8.17291259765625
64,0.019448115273437594,5.9002685546875
65,0.019690618593749987,7.03460693359375
66,0.020049653710937587,6.199951171875
67,0.02029215703124998,9.0020751953125
68,0.020633289218749962,6.49200439453125
69,0.020791486015625082,7.7081298828125
70,0.020904111718750062,8.90625
71,0.021232549101562581,6.72576904296875
72,0.021831483476562497,6.93695068359375
73,0.02243302191406249,7.1575927734375
74,0.023031956289062405,7.5726318359375
75,0.023633494726562398,7.8485107421875
76,0.024232754609375018,8.345947265625
77,0.024831688984374933,8.60260009765625
78,0.025433227421874927,9.102783203125
79,0.025499956523437506,7.56866455078125
curve_id,20
index,Z indent (µm),Force indent (µN)
0,0,0.56884765625
1,0.00059925988281239739,0.52032470703125
2,0.00096382863281241349,0.4937744140625
3,0.0012007983203123906,0.68328857421875
4,0.0015653670703124067,0.576171875
5,0.0017997326953125281,0.71197509765625
6,0.0021568147656250147,0.61920166015625
7,0.0023986670703124435,0.88623046875
8,0.002758353203125008,0.6671142578125
9,0.0029953228906249851,0.98175048828125
10,0.0033572875781249234,0.7257080078125
11,0.0035506392187498736,1.04522705078125
12,0.0039562219531248388,0.75408935546875
13,0.0041495735937500111,1.24298095703125
14,0.0045577603906250541,0.86395263671875
15,0.0047895219531248756,1.24420166015625
16,0.0051570202734374515,0.9405517578125
17,0.0053503719140624018,1.5570068359375
18,0.0057585587109374448,1.0760498046875
19,0.005951910351562395,1.47674560546875
20,0.0063574930859373602,1.1676025390625
21,0.0065508447265625325,1.9232177734375
22,0.0069590315234373534,1.27410888671875
23,0.0071497791015624479,1.76025390625
24,0.0075579658984374909,1.3818359375
25,0.0077513175390624411,2.303466796875
26,0.0081598298437499661,1.51824951171875
27,0.0083505774218748385,2.0538330078125
28,0.0087587642187498815,1.6668701171875
29,0.0088521849609375369,2.69012451171875
30,0.0089521158593750538,2.4517822265625
31,0.009357698593750019,1.82525634765625
32,0.0099182230468748411,1.98394775390625
33,0.010152588671874963,3.148193359375
34,0.010512274804687527,2.14630126953125
35,0.010751523046874878,2.9559326171875
36,0.011111209179687442,2.32452392578125
37,0.011350782929687497,3.590087890625
38,0.011710143554687358,2.503662109375
39,0.011947113242187335,3.45184326171875
40,0.012309403437499977,2.73712158203125
41,0.012502755078124927,4.0130615234375
42,0.012908337812499893,2.91412353515625
43,0.013142703437500014,4.13421630859375
44,0.013509876249999886,3.1829833984375
45,0.013741637812499929,4.4891357421875
46,0.014108810625000023,3.37127685546875
47,0.014302162265624974,4.88128662109375
48,0.014710349062500017,3.6529541015625
49,0.014903700703124967,4.932861328125
50,0.015309608945312414,3.81378173828125
51,0.015502960585937364,5.71563720703125
52,0.015911147382812407,4.14520263671875
53,0.016101894960937502,5.39337158203125
54,0.016510081757812545,4.37713623046875
55,0.016703433398437495,6.49169921875
56,0.017111620195312538,4.69451904296875
57,0.017151332148437337,5.93170166015625
58,0.01730236777343741,7.13531494140625
59,0.017710554570312453,4.8956298828125
60,0.018312093007812447,5.2264404296875
61,0.018503166093750023,6.46453857421875
62,0.018867734843750039,5.4656982421875
63,0.019104704531250016,7.979736328125
64,0.019461786601562503,5.74981689453125
65,0.019703638906249932,6.94091796875
66,0.020060720976562418,6.1016845703125
67,0.020299969218749991,8.80950927734375
68,0.020662259414062412,6.3922119140625
69,0.020799298203124872,7.61138916015625
70,0.021261193789062549,6.6552734375
71,0.021862732226562542,6.82647705078125
72,0.02246199210937494,7.099609375
73,0.023060926484374855,7.36572265625
74,0.023662464921874848,7.78411865234375
75,0.024261399296874986,8.0413818359375
76,0.024862937734374979,8.565673828125
77,0.025462197617187377,8.8482666015625
78,0.025520789023437462,7.62481689453125
curve_id,21
index,Z indent (µm),Force indent (µN)
0,0,0.53741455078125
1,0.00038116964843748491,0.49468994140625
2,0.00060153843749999325,0.5145263671875
3,0.00098010402343740033,0.5157470703125
4,0.0012007983203126127,0.6683349609375
5,0.001533141796874915,0.52825927734375
6,0.0018023367578126059,0.68359375
7,0.0021320761718750525,0.595703125
8,0.0024012711328125214,0.89202880859375
9,0.0027310105468749679,0.64971923828125
10,0.0030002055078124368,0.91888427734375
11,0.0033299449218751054,0.73883056640625
12,0.00360174394531243,1.06353759765625
13,0.0039318088671875806,0.79833984375
14,0.0042006783203125675,1.18499755859375
15,0.004530743242187496,0.8624267578125
16,0.0047820352734375682,1.25457763671875
17,0.0051322816796874893,0.94757080078125
18,0.0053861777734374172,1.480712890625
19,0.0057312160546874047,1.01043701171875
20,0.005951910351562395,1.5228271484375
21,0.0063301504296875422,1.1468505859375
22,0.0065534487890626103,1.83868408203125
23,0.0069320143750000174,1.2554931640625
24,0.0071523831640625257,1.7767333984375
25,0.0075309487499999328,1.4044189453125
26,0.007753921601562519,2.20855712890625
27,0.0081324871874999261,1.5185546875
28,0.0083528559765624344,2.07427978515625
29,0.0087314215625000635,1.63238525390625
30,0.0089521158593750538,2.65167236328125
31,0.0093329600000000568,1.77154541015625
32,0.0095536542968750471,2.42218017578125
33,0.0098833937109374936,1.95098876953125
34,0.010152588671874963,3.1243896484375
35,0.010487536210937565,2.1173095703125
36,0.010754127109374956,2.89886474609375
37,0.011083866523437402,2.32696533203125
38,0.011353061484375093,3.58673095703125
39,0.011683126406250022,2.51007080078125
40,0.011954925429687568,3.3544921875
41,0.012282060781249937,2.6806640625
42,0.012553859804687484,4.0484619140625
43,0.01288359921874993,2.889404296875
44,0.013150190117187543,4.00604248046875
45,0.013482533593750068,3.10577392578125
46,0.013703227890625058,4.520263671875
47,0.014084072031250061,3.3673095703125
48,0.014304766328125051,4.72869873046875
49,0.014683331914062459,3.55743408203125
50,0.014903700703124967,4.993896484375
51,0.015284870351562452,3.857421875
52,0.01550523914062496,5.56732177734375
53,0.015883804726562589,4.0606689453125
54,0.01610449902343758,5.40069580078125
55,0.016482739101562505,4.349365234375
56,0.016706037460937573,6.44256591796875
57,0.017084277539062498,4.5806884765625
58,0.017304971835937488,5.91827392578125
59,0.017647731562500102,4.920654296875
60,0.017906510273437481,7.04742431640625
61,0.018249270000000095,5.12237548828125
62,0.018505444648437397,6.44989013671875
63,0.018838113632812403,5.4705810546875
64,0.019104704531250016,7.958984375
65,0.019434443945312463,5.7269287109375
66,0.01970624296875001,6.87896728515625
67,0.020035982382812456,6.036376953125
68,0.020305177343749925,8.836669921875
69,0.020634916757812594,6.28814697265625
70,0.020806784882812401,7.4737548828125
71,0.020906715781249918,9.21875
72,0.021234176640624991,6.640625
73,0.021835715078124984,6.82708740234375
74,0.0224346494531249,7.0318603515625
75,0.023036187890625115,7.314453125
76,0.02363512226562503,7.63916015625
77,0.024236660703125024,8.09112548828125
78,0.024835920585937421,8.414306640625
79,0.025437459023437414,8.84979248046875
80,0.025498654492187578,7.54974365234375
curve_id,22
index,Z indent (µm),Force indent (µN)
0,0,0.49713134765625
1,0.00059633031250005963,0.52001953125
2,0.00083102144531244093,0.58502197265625
3,0.001195590195312457,0.52947998046875
4,0.0014325598828124342,0.56304931640625
5,0.0017945245703125945,0.5718994140625
6,0.0020318197656250536,0.7000732421875
7,0.0023934589453125099,0.601806640625
8,0.002630754140624969,0.72723388671875
9,0.0029949973828125032,0.6622314453125
10,0.0032322925781249623,0.92315673828125
11,0.0035942572656251226,0.71868896484375
12,0.0038312269531250998,0.97808837890625
13,0.0041957957031251158,0.80108642578125
14,0.004432765390625093,1.0919189453125
15,0.0047947300781250313,0.86212158203125
16,0.0050320252734374904,1.26556396484375
17,0.0053936644531249467,0.90789794921875
18,0.0056309596484376279,1.28326416015625
19,0.0059952028906249399,1.00982666015625
20,0.0062324980859376211,1.54541015625
21,0.0065944627734375594,1.08184814453125
22,0.006782931796875058,1.54449462890625
23,0.0071549872265626036,1.22467041015625
24,0.0073818661718749734,1.94793701171875
25,0.007753921601562519,1.34063720703125
26,0.0080218145312500599,1.78955078125
27,0.0083528559765624344,1.46148681640625
28,0.0085823389843751041,2.32147216796875
29,0.0089469077343751202,1.56219482421875
30,0.0091838774218750974,2.1148681640625
31,0.0095484461718751135,1.6900634765625
32,0.0097831373046874948,2.72430419921875
33,0.010144776484374951,1.86004638671875
34,0.010384675742187488,2.48870849609375
35,0.010746314921874944,2.0306396484375
36,0.010983610117187625,3.2470703125
37,0.011345574804687564,2.19573974609375
38,0.011585148554687619,2.947998046875
39,0.011947113242187557,2.423095703125
40,0.012184082929687534,3.6572265625
41,0.012546047617187472,2.542724609375
42,0.012783342812499932,3.4698486328125
43,0.013147586054687466,2.76092529296875
44,0.013384881249999925,4.11529541015625
45,0.013746520429687603,2.9833984375
46,0.013983815625000062,4.13116455078125
47,0.014348384375000078,3.2196044921875
48,0.014582749999999978,4.578857421875
49,0.014947318749999994,3.42559814453125
50,0.015184288437499971,4.86602783203125
51,0.015546253125000131,3.67767333984375
52,0.015775736132812579,5.05157470703125
53,0.016147791562500124,3.9080810546875
54,0.016333982031250027,5.6903076171875
55,0.01674672593750004,4.1607666015625
56,0.016973930390625114,5.4937744140625
57,0.017302367773437632,4.41802978515625
58,0.017534454843749936,6.51824951171875
59,0.017906510273437481,4.70794677734375
60,0.018135993281249929,6.007080078125
61,0.018497957968750089,4.9859619140625
62,0.018734927656250067,7.15484619140625
63,0.019099496406250083,5.2313232421875
64,0.01933646609375006,6.54022216796875
65,0.019698430781249998,5.5560302734375
66,0.019935725976562457,8.06121826171875
67,0.020297365156250136,5.82489013671875
68,0.020537264414062451,6.95098876953125
69,0.020898903593750129,6.14898681640625
70,0.021136198789062588,8.9276123046875
71,0.021498163476562526,6.38702392578125
72,0.021635527773437468,7.60955810546875
73,0.021735133164062503,9.21875
74,0.022099701914062519,6.72821044921875
75,0.022698636289062435,6.8768310546875
76,0.023300174726562428,7.14874267578125
77,0.023899109101562566,7.4041748046875
78,0.024500647539062559,7.822265625
79,0.025099907421874956,8.1494140625
80,0.025657827812499923,8.62396240234375
81,0.026300380234375087,8.9208984375
82,0.026359297148437433,7.476806640625
curve_id,23
index,Z indent (µm),Force indent (µN)
0,0,0.5780029296875
1,0.00059893437499991542,0.61004638671875
2,0.00092834828125010205,0.56884765625
3,0.0012004728124999087,0.72784423828125
4,0.0015272826562500175,0.6072998046875
5,0.0017994071875000461,0.75897216796875
6,0.0021288210937500107,0.67779541015625
7,0.0024009456250000394,0.8502197265625
8,0.0027277554687499261,0.7110595703125
9,0.0030002055078124368,0.9503173828125
10,0.0033270153515625456,0.75225830078125
11,0.0035503137109376137,1.04278564453125
12,0.0039285537890625388,0.8453369140625
13,0.004151852148437607,1.256103515625
14,0.0045274881640624542,0.91766357421875
15,0.0047511120312500044,1.268310546875
16,0.0051290266015624475,1.04339599609375
17,0.0053500464062499198,1.60552978515625
18,0.005727960976562585,1.12213134765625
19,0.005951584843749913,1.49871826171875
20,0.0063294994140625782,1.24755859375
21,0.0065505192187500505,1.92230224609375
22,0.0069287592968749756,1.29638671875
23,0.0071520576562500437,1.7938232421875
24,0.0075302977343749689,1.47430419921875
25,0.0077513175390624411,2.3828125
26,0.0080960303124999466,1.5625
27,0.0083528559765624344,2.19024658203125
28,0.008682269882812621,1.77093505859375
29,0.0089517903515625719,2.833251953125
30,0.0092812042578125364,1.866455078125
31,0.0095533287890625651,2.62115478515625
32,0.0098827426953125297,2.100830078125
33,0.010152263164062481,3.28582763671875
34,0.010479073007812589,2.23236083984375
35,0.010748918984375022,3.13812255859375
36,0.011080936953125065,2.43743896484375
37,0.011353061484375093,3.7811279296875
38,0.01167987132812498,2.64007568359375
39,0.011951995859375009,3.80401611328125
40,0.012281409765624973,2.87689208984375
41,0.012502429570312446,4.2205810546875
42,0.012880344140625111,3.1610107421875
43,0.013103968007812439,4.493408203125
44,0.013479278515625026,3.34625244140625
45,0.013702902382812576,4.75494384765625
46,0.014081142460937501,3.6602783203125
47,0.014304440820312569,5.29632568359375
48,0.014680076835937417,3.91204833984375
49,0.014903700703124967,5.2154541015625
50,0.01528161527343741,4.1949462890625
51,0.015502635078125104,6.2176513671875
52,0.015880549648437547,4.45098876953125
53,0.016104173515625098,5.75958251953125
54,0.016446282226562525,4.85565185546875
55,0.016703107890625013,6.93450927734375
56,0.017047820664062519,5.09765625
57,0.017304646328125006,6.31927490234375
58,0.017631456171875115,5.477294921875
59,0.017903906210937404,7.81280517578125
60,0.018232994609375108,5.6585693359375
61,0.018505444648437619,6.84112548828125
62,0.018832254492187506,6.16607666015625
63,0.019104379023437534,8.78692626953125
64,0.019431188867187421,6.31988525390625
65,0.01970331339843745,7.47039794921875
66,0.020032727304687414,6.77581787109375
67,0.020302247773437587,9.21875
68,0.020631661679687552,6.866455078125
69,0.020891091406250117,8.29193115234375
70,0.021233200117187545,7.17681884765625
71,0.021454219921875017,9.21875
72,0.021832459999999942,7.43133544921875
73,0.022056083867187493,8.798828125
74,0.02243139437500008,7.8594970703125
75,0.022647857070312583,9.21875
76,0.023032932812500073,8.20648193359375
77,0.023163786953124932,9.10552978515625
78,0.0235817389843751,9.16839599609375
79,0.023631867187499989,8.572998046875
80,0.023903991718750017,9.21875
81,0.024131196171875091,8.87908935546875
82,0.024233405624999982,8.9501953125
83,0.024261724804687468,8.59375
84,0.024297530664062483,8.167724609375
curve_id,24
index,Z indent (µm),Force indent (µN)
0,0,0.56304931640625
1,0.00064255242187494233,0.552978515625
2,0.0010569238671873649,0.53802490234375
3,0.0011978687499998308,0.7208251953125
4,0.0016610663671874359,0.59051513671875
5,0.0017997326953123061,0.709228515625
6,0.0022600007421873514,0.6561279296875
7,0.0024012711328122993,0.86822509765625
8,0.002856656562499893,0.68878173828125
9,0.0030002055078124368,0.931396484375
10,0.0034581949999998862,0.73455810546875
11,0.0035991398828123522,1.06475830078125
12,0.0040571293749998016,0.7916259765625
13,0.0041980742578124897,1.2158203125
14,0.0046612718749998727,0.8984375
15,0.0047999382031249649,1.31927490234375
16,0.0052602062500000102,0.98968505859375
17,0.0054014766406249581,1.5496826171875
18,0.0058106399609374471,1.0919189453125
19,0.0060004110156248736,1.50299072265625
20,0.0064098998437498445,1.221923828125
21,0.006599345390625011,1.866455078125
22,0.0070088342187499819,1.29486083984375
23,0.0071982797656249264,1.75018310546875
24,0.0076077685937498973,1.4080810546875
25,0.0078001437109374017,2.34588623046875
26,0.0082093070312498906,1.54998779296875
27,0.0083528559765624344,2.06756591796875
28,0.008808241406249806,1.710205078125
29,0.0089517903515623498,2.777099609375
30,0.0094101053515625033,1.85943603515625
31,0.009553654296874825,2.4566650390625
32,0.010009039726562419,2.02789306640625
33,0.010152588671874963,3.15673828125
34,0.010610578164062412,2.18170166015625
35,0.010754127109374956,2.9144287109375
36,0.011209512539062327,2.37579345703125
37,0.011353061484374871,3.653564453125
38,0.011808446914062465,2.53814697265625
39,0.011954599921874864,3.49639892578125
40,0.01241031085937494,2.80242919921875
41,0.012553859804687484,4.0399169921875
42,0.013009245234374855,2.99285888671875
43,0.013152794179687399,4.11163330078125
44,0.013564561562499966,3.2293701171875
45,0.013754332617187393,4.51629638671875
46,0.014163821445312363,3.4136962890625
47,0.014353266992187308,4.84527587890625
48,0.014762755820312501,3.695068359375
49,0.014954805429687301,4.908447265625
50,0.015359086132812338,3.90472412109375
51,0.015554065312499921,5.72479248046875
52,0.015960624570312332,4.16473388671875
53,0.016155603749999914,5.44189453125
54,0.016559884453124951,4.45404052734375
55,0.016754538124999829,6.5142822265625
56,0.0171640269531248,4.74212646484375
57,0.017356076562499823,5.92132568359375
58,0.017762961328124938,4.9530029296875
59,0.017950128320312508,7.17803955078125
60,0.018359291640624997,5.2935791015625
61,0.018546458632812346,6.4825439453125
62,0.018960830078124991,5.55084228515625
63,0.019102100468749938,8.0047607421875
64,0.019560089960937388,5.880126953125
65,0.019701034843749854,6.9842529296875
66,0.020164232460937459,6.15081787109375
67,0.020302573281249847,8.87451171875
68,0.020763166835937374,6.48681640625
69,0.02090411171874984,7.6641845703125
70,0.021362101210937512,6.72821044921875
71,0.021961035585937427,6.9232177734375
72,0.022104584531249971,8.58154296875
73,0.022560295468749825,7.10205078125
74,0.022701240351562513,9.21875
75,0.023115611796874935,7.4932861328125
76,0.023305382851562362,8.98895263671875
77,0.023711942109374995,7.87109375
78,0.02389845808593738,9.24560546875
79,0.024311201992187392,8.20037841796875
80,0.024417643046874993,9.23370361328125
81,0.024838850156249981,9.06951904296875
82,0.024912740429687386,8.57818603515625
83,0.025163381445312494,8.90625
84,0.025379518632812514,8.67919921875
85,0.025511674804687301,8.9715576171875
86,0.025528275703124992,8.59375
87,0.025567662148437309,8.018798828125
88,0.025567987656250013,7.655029296875
curve_id,25
index,Z indent (µm),Force indent (µN)
0,0,0.511474609375
1,0.00060153843749999325,0.52337646484375
2,0.0012004728124999087,0.62347412109375
3,0.0017919205078125167,0.63140869140625
4,0.0021447709765625156,0.5029296875
5,0.0024009456250000394,0.76141357421875
6,0.002744030859374913,0.5712890625
7,0.0029871851953124917,0.82794189453125
8,0.0033429652343750504,0.6390380859375
9,0.0035838410156250333,0.95703125
10,0.0039318088671875806,0.72998046875
11,0.0041853794531250266,1.11724853515625
12,0.004530743242187496,0.77667236328125
13,0.0047511120312500044,1.13739013671875
14,0.0051322816796874893,0.887451171875
15,0.0053526504687499976,1.3702392578125
16,0.0057312160546874047,0.9429931640625
17,0.005951584843749913,1.302490234375
18,0.0063330799999998799,1.04034423828125
19,0.0065531232812499063,1.739501953125
20,0.0069320143750000174,1.17462158203125
21,0.0071523831640625257,1.6162109375
22,0.0075309487499999328,1.33026123046875
23,0.007753921601562519,2.11334228515625
24,0.0081324871874999261,1.4111328125
25,0.0083528559765624344,1.89422607421875
26,0.0087314215625000635,1.57867431640625
27,0.0089517903515625719,2.53936767578125
28,0.0093329600000000568,1.671142578125
29,0.0095533287890625651,2.25006103515625
30,0.0099322198828124542,1.8536376953125
31,0.010152588671874963,2.95928955078125
32,0.010533758320312447,1.98089599609375
33,0.010754127109374956,2.760009765625
34,0.011084192031249884,2.19207763671875
35,0.011340366679687408,3.41766357421875
36,0.011685730468749878,2.36572265625
37,0.011936696992187468,3.284912109375
38,0.012284664843750015,2.52899169921875
39,0.012505033632812523,3.8433837890625
40,0.01288359921874993,2.70599365234375
41,0.013134891250000003,3.90472412109375
42,0.01348285910156255,2.93426513671875
43,0.013702902382812576,4.30267333984375
44,0.014084397539062543,3.131103515625
45,0.014304766328125051,4.58892822265625
46,0.014683331914062459,3.35601806640625
47,0.014903700703124967,4.76165771484375
48,0.015284870351562452,3.5955810546875
49,0.01550523914062496,5.48492431640625
50,0.015883804726562589,3.80096435546875
51,0.016104173515624876,5.1727294921875
52,0.016483064609374987,4.11773681640625
53,0.016705711953124869,6.31988525390625
54,0.01708460304687498,4.30694580078125
55,0.017304646328125006,5.62744140625
56,0.017683537421874895,4.6026611328125
57,0.017803975312499887,7.0050048828125
58,0.017906510273437481,6.20025634765625
59,0.018251874062499951,4.94598388671875
60,0.018856016562500022,5.21575927734375
61,0.019104379023437534,7.7984619140625
62,0.019449742812500004,5.51849365234375
63,0.019705917460937528,6.8109130859375
64,0.020035982382812456,5.8563232421875
65,0.020304851835937443,8.64166259765625
66,0.020634916757812372,6.16363525390625
67,0.02085528554687488,7.41455078125
68,0.021236780703125069,6.54754638671875
69,0.021456823984374873,9.25048828125
70,0.021835715078124984,6.8084716796875
71,0.022056083867187493,8.3062744140625
72,0.0224346494531249,7.00439453125
73,0.022655018242187408,9.2608642578125
74,0.023036187890624893,7.30926513671875
75,0.023256556679687401,8.89007568359375
76,0.02363512226562503,7.63336181640625
77,0.023848655390624973,9.21875
78,0.024236986210937506,8.10577392578125
79,0.024365236289062508,9.19952392578125
80,0.024783513828124937,8.9697265625
81,0.024835920585937421,8.47381591796875
82,0.025107394101562486,8.90625
83,0.025334273046875078,8.583984375
84,0.025437459023437414,8.83392333984375
85,0.025465452695312418,8.59375
86,0.025501258554687434,7.90313720703125
87,0.025501584062499916,7.45025634765625
curve_id,26
index,Z indent (µm),Force indent (µN)
0,0,0.5194091796875
1,0.00055043371093743687,0.51239013671875
2,0.0011493680859375743,0.654296875
3,0.0016021494531250902,0.51422119140625
4,0.0017509065234375676,0.6927490234375
5,0.0022036878906250834,0.5548095703125
6,0.002350166406249965,0.84014892578125
7,0.0028026222656249988,0.599365234375
8,0.0029517048437499582,0.93719482421875
9,0.0034041607031249921,0.665283203125
10,0.0035506392187500957,0.9869384765625
11,0.0040034205859376115,0.76324462890625
12,0.0041521776562500889,1.16546630859375
13,0.0045561328515624222,0.86181640625
14,0.0047511120312500044,1.19232177734375
15,0.0051576712890624155,0.9564208984375
16,0.0053503719140624018,1.47003173828125
17,0.0057569311718750349,1.03271484375
18,0.0059519103515626171,1.417236328125
19,0.0063558655468749503,1.15081787109375
20,0.0065482406640624546,1.8621826171875
21,0.0069521958593750099,1.231689453125
22,0.0071497791015624479,1.69647216796875
23,0.0075537342968750032,1.40869140625
24,0.0077487134765625854,2.23907470703125
25,0.0081529941796876226,1.53564453125
26,0.0083479733593749827,1.98089599609375
27,0.0087545326171876159,1.685791015625
28,0.008949511796874976,2.66448974609375
29,0.0093534669921875313,1.8011474609375
30,0.0095510502343749692,2.4627685546875
31,0.0099550054296875246,1.98486328125
32,0.010101483945312406,3.076171875
33,0.01055393980468744,2.098388671875
34,0.010703022382812621,2.94342041015625
35,0.011155803749999915,2.3486328125
36,0.011301956757812537,3.5601806640625
37,0.011754738125000053,2.50701904296875
38,0.01190349519531253,3.448486328125
39,0.012353672499999968,2.703857421875
40,0.012502429570312446,3.9923095703125
41,0.012955210937499961,2.88818359375
42,0.013104293515624921,4.1326904296875
43,0.013554145312500099,3.08074951171875
44,0.013703227890625058,4.46990966796875
45,0.014109787148437469,3.31756591796875
46,0.014302162265624974,4.89013671875
47,0.014708721523437607,3.560791015625
48,0.014903700703124967,4.844970703125
49,0.0153102599609376,3.7762451171875
50,0.015500356523437508,5.76995849609375
51,0.015909519843749997,4.0301513671875
52,0.016101894960937502,5.330810546875
53,0.016505850156250057,4.31854248046875
54,0.016700829335937417,6.52923583984375
55,0.01710738859375005,4.54620361328125
56,0.017256145664062528,5.8837890625
57,0.017706322968749966,4.85382080078125
58,0.017901302148437548,7.18017578125
59,0.018307861406249959,5.11322021484375
60,0.018454339921875063,6.47186279296875
61,0.018909725351562434,5.50018310546875
62,0.019055878359375056,7.9937744140625
63,0.019506055664062494,5.767822265625
64,0.019654812734374971,6.9580078125
65,0.020107594101562487,6.08428955078125
66,0.020254072617187591,8.86810302734375
67,0.020706528476562402,6.45294189453125
68,0.020855611054687584,7.7606201171875
69,0.021308066914062618,6.7572021484375
70,0.021454545429687499,9.21875
71,0.021909930859375093,6.93878173828125
72,0.022056083867187493,8.79791259765625
73,0.022460039062500048,7.27020263671875
74,0.022655018242187408,9.21875
75,0.023061577500000041,7.57598876953125
76,0.023256556679687623,9.20135498046875
77,0.023660837382812439,8.01727294921875
78,0.024259771757812576,8.35845947265625
79,0.024364585273437545,9.21875
80,0.024789372968750056,9.08660888671875
81,0.024858706132812491,8.78082275390625
82,0.025113253242187605,8.59375
83,0.025344038281249981,8.726806640625
84,0.025457640507812407,9.14947509765625
85,0.025470986328125056,8.59375
86,0.025516231914062493,8.08990478515625
87,0.025516557421874975,8.90625
curve_id,27
index,Z indent (µm),Force indent (µN)
0,0,0.548095703125
1,0.00064515648437502016,0.51544189453125
2,0.0012004728124999087,0.60546875
3,0.0016565092578124663,0.5242919921875
4,0.0017994071874998241,0.63690185546875
5,0.0022580476953124595,0.51666259765625
6,0.0024009456249998173,0.83160400390625
7,0.0028569820703123749,0.5841064453125
8,0.0030002055078124368,0.89019775390625
9,0.0034149024609373413,0.64422607421875
10,0.00360174394531243,0.936279296875
11,0.0040167664062498165,0.71044921875
12,0.0042006783203123454,1.1444091796875
13,0.0046104926562500204,0.83526611328125
14,0.0048022167578123387,1.202392578125
15,0.0052094270312499358,0.9124755859375
16,0.0054011511328124762,1.36383056640625
17,0.0058086869140623332,1.0003662109375
18,0.0060004110156248736,1.32598876953125
19,0.0064102253515623264,1.0443115234375
20,0.0066019494531248668,1.84783935546875
21,0.0070091597265624639,1.22802734375
22,0.0072008838281250043,1.64459228515625
23,0.0076080941015623793,1.35711669921875
24,0.0078024222656249975,2.127685546875
25,0.0082096325390623726,1.448974609375
26,0.0084013566406249129,1.98211669921875
27,0.008808892421874992,1.62994384765625
28,0.008949186289062494,2.54150390625
29,0.0094104308593749852,1.7559814453125
30,0.0095507247265624873,2.3297119140625
31,0.010011969296874978,1.9219970703125
32,0.01019327714843743,3.01849365234375
33,0.010608299609374816,2.044677734375
34,0.010751523046874878,2.890625
35,0.011209838046874809,2.2113037109375
36,0.011350457421875015,3.39569091796875
37,0.011809097929687429,2.53387451171875
38,0.011949391796874931,3.37127685546875
39,0.012367018320312395,2.54302978515625
40,0.012553534296875002,3.89495849609375
41,0.013012174804687415,2.7880859375
42,0.013152794179687399,4.05731201171875
43,0.013608505117187475,3.11676025390625
44,0.013751728554687315,4.305419921875
45,0.014158938828124912,3.216552734375
46,0.014353266992187308,4.71954345703125
47,0.014760477265624905,3.3245849609375
48,0.014949597304687368,4.7882080078125
49,0.015362015703124898,3.77166748046875
50,0.015553739804687439,5.6646728515625
51,0.015960950078124814,3.98406982421875
52,0.016152999687499836,5.0982666015625
53,0.016754538124999829,6.513671875
54,0.017118130351562399,4.13421630859375
55,0.017261679296874943,4.38018798828125
56,0.017353472499999967,5.7147216796875
57,0.017760682773437342,4.776611328125
58,0.017906510273437481,7.01629638671875
59,0.018359617148437479,5.03631591796875
60,0.018505444648437397,6.32232666015625
61,0.018961155585937473,5.2435302734375
62,0.019104379023437312,8.01666259765625
63,0.01956041546874987,5.73822021484375
64,0.01970331339843745,6.80877685546875
65,0.020161953906249863,5.95672607421875
66,0.020304851835937443,8.59375
67,0.020760888281250001,6.1669921875
68,0.020804180820312324,7.8192138671875
69,0.020952612382812319,9.2095947265625
70,0.021362426718749994,6.71875
71,0.021961361093749909,6.849365234375
72,0.022519606992187358,7.044677734375
73,0.023113333242187339,7.4542236328125
74,0.023714871679687333,7.81097412109375
75,0.024311527499999874,8.28948974609375
76,0.024915669999999945,8.53485107421875
77,0.025514604374999861,8.98345947265625
78,0.025568313164062495,7.62237548828125
curve_id,28
index,Z indent (µm),Force indent (µN)
0,0,0.4986572265625
1,0.00060153843749999325,0.6256103515625
2,0.0012004728125001307,0.65643310546875
3,0.0016636704296875138,0.5145263671875
4,0.001802011250000124,0.7720947265625
5,0.0022167082031250285,0.59539794921875
6,0.0024009456250000394,0.8416748046875
7,0.0028156425781251659,0.65673828125
8,0.0030028095703125146,0.90972900390625
9,0.0034145769531250814,0.70556640625
10,0.0036017439453126521,1.12213134765625
11,0.0040135113281249968,0.75927734375
12,0.0042006783203125675,1.1181640625
13,0.00461504976562499,0.8599853515625
14,0.0048022167578125607,1.43096923828125
15,0.0052143096484376095,0.96435546875
16,0.0054011511328126982,1.33575439453125
17,0.0058132440234375249,1.07513427734375
18,0.0060030150781251734,1.754150390625
19,0.0064147824609375181,1.2078857421875
20,0.0066019494531250889,1.5869140625
21,0.0070137168359376556,1.33819580078125
22,0.0072034878906250821,2.11395263671875
23,0.0076152552734376489,1.41632080078125
24,0.0078024222656249975,1.94122314453125
25,0.0082145151562500462,1.5771484375
26,0.0083990780859375391,2.55340576171875
27,0.0088160535937500395,1.71478271484375
28,0.0089980124609376766,2.31414794921875
29,0.009414987968750177,1.88934326171875
30,0.0095533287890625651,2.9693603515625
31,0.0099755124218749991,2.08648681640625
32,0.010152588671875185,2.77191162109375
33,0.010574772304687619,2.22381591796875
34,0.010754127109375178,3.387451171875
35,0.011165894492187523,2.3931884765625
36,0.011353061484375093,3.343505859375
37,0.011767432929687516,2.5927734375
38,0.011954599921875086,3.84552001953125
39,0.012368971367187509,2.76947021484375
40,0.012553534296875002,3.997802734375
41,0.012965627187500051,3.0303955078125
42,0.013152794179687621,4.26422119140625
43,0.013567165625000044,3.214111328125
44,0.013754332617187615,4.66461181640625
45,0.014166100000000181,3.42529296875
46,0.01435326699218753,4.74945068359375
47,0.014767638437500175,3.64898681640625
48,0.014954805429687523,5.51483154296875
49,0.015366898320312572,3.90045166015625
50,0.015553739804687661,5.13275146484375
51,0.015965832695312487,4.16290283203125
52,0.016152999687500058,6.44317626953125
53,0.016567371132812703,4.38201904296875
54,0.016751934062500196,5.6536865234375
55,0.017166305507812618,4.693603515625
56,0.017353472500000189,7.00408935546875
57,0.017767843945312611,4.99237060546875
58,0.017955010937500182,6.2353515625
59,0.018367103828125009,5.2734375
60,0.018546458632812568,7.7947998046875
61,0.018968642265625002,5.54656982421875
62,0.019104379023437534,6.85333251953125
63,0.019567576640625139,5.909423828125
64,0.019744327382812621,8.61083984375
65,0.020125497031250106,6.21612548828125
66,0.020246260429687579,7.48992919921875
67,0.020356282070312703,9.2376708984375
68,0.02071954878906257,6.56402587890625
69,0.021318483164062707,6.820068359375
70,0.0219200216015627,7.00836181640625
71,0.022518955976562616,7.4005126953125
72,0.023118215859375013,7.7008056640625
73,0.023719754296875006,8.20465087890625
74,0.024318688671875144,8.52996826171875
75,0.024917623046875059,8.90899658203125
76,0.024976539960937627,7.55401611328125
curve_id,29
index,Z indent (µm),Force indent (µN)
0,0,0.5908203125
1,0.0005530377734375147,0.5712890625
2,0.001154576210937508,0.73944091796875
3,0.0011796403124999522,0.5224609375
4,0.0017535105859374234,0.71044921875
5,0.0017736920703124159,0.59478759765625
6,0.0023550490234374166,0.928955078125
7,0.0023726264453125534,0.628662109375
8,0.0029543089062500361,0.8807373046875
9,0.0029715608203124688,0.697021484375
10,0.0035558473437500293,1.14654541015625
11,0.0035730992578124621,0.72998046875
12,0.0041547817187499447,1.1590576171875
13,0.0041723591406248595,0.8355712890625
14,0.0047537160937498601,1.40655517578125
15,0.0047738975781248527,0.97808837890625
16,0.0053552545312498534,1.40960693359375
17,0.0053728319531249902,1.058349609375
18,0.0059545144140624728,1.690673828125
19,0.0059717663281249056,1.163330078125
20,0.0065560528515624661,1.73187255859375
21,0.0065733047656248988,1.2799072265625
22,0.0071549872265623815,1.9818115234375
23,0.0071725646484375183,1.39007568359375
24,0.0077565256640623748,2.1380615234375
25,0.0077741030859375115,1.55853271484375
26,0.0083505774218748385,2.333984375
27,0.008373037460937427,1.68182373046875
28,0.0089286792968750195,1.861572265625
29,0.0089364914843750309,2.66998291015625
30,0.0095048281249998645,2.6605224609375
31,0.0095276136718749349,2.0355224609375
32,0.010106366562499858,3.12286376953125
33,0.010129152109374928,2.16705322265625
34,0.010705626445312477,3.11004638671875
35,0.01072287835937491,2.32757568359375
36,0.01130716488281247,3.7091064453125
37,0.011324742304687385,2.53021240234375
38,0.011906099257812386,3.55743408203125
39,0.011923676679687523,2.784423828125
40,0.012507637695312379,4.33624267578125
41,0.012525215117187516,2.91961669921875
42,0.013106572070312517,4.0576171875
43,0.013124149492187431,3.13507080078125
44,0.013705831953124914,4.92584228515625
45,0.013725687929687425,3.41522216796875
46,0.014307370390624907,4.64813232421875
47,0.014324947812500044,3.56964111328125
48,0.014906304765625045,5.56884765625
49,0.014926486250000037,3.7957763671875
50,0.01550523914062496,5.30914306640625
51,0.015525420624999953,4.10980224609375
52,0.016106777578124953,6.20758056640625
53,0.016126959062499946,4.35546875
54,0.016706037460937351,6.087646484375
55,0.016725893437499861,4.60479736328125
56,0.01730236777343741,6.717529296875
57,0.017324827812499999,4.83154296875
58,0.017893164453125054,5.22796630859375
59,0.017901302148437548,6.82525634765625
60,0.01848461214843744,5.49102783203125
61,0.018490145781249856,7.03826904296875
62,0.019058482421874912,7.6611328125
63,0.019083546523437356,5.7403564453125
64,0.019657416796875049,7.640380859375
65,0.019677598281250042,6.15478515625
66,0.020258955234375042,8.5906982421875
67,0.020276532656249957,6.4971923828125
68,0.02085821511718744,8.25714111328125
69,0.020875467031249872,6.719970703125
70,0.021459753554687433,9.21875
71,0.021477005468749866,6.93695068359375
72,0.022058687929687348,8.56719970703125
73,0.022076265351562485,7.26531982421875
74,0.022660226367187342,8.59375
75,0.022677803789062478,7.57171630859375
76,0.023259160742187479,8.88580322265625
77,0.023276738164062394,7.984619140625
78,0.023812524023437476,8.59375
79,0.023878276601562387,8.4881591796875
80,0.024202482382812418,8.84735107421875
81,0.024271815546874853,8.59375
82,0.024477210976562525,8.7786865234375
83,0.025079074921875,9.095458984375
84,0.025148082578124953,7.58544921875
curve_id,30
index,Z indent (µm),Force indent (µN)
0,0,0.51910400390625
1,0.00059925988281261944,0.562744140625
2,0.0011981942578125349,0.66314697265625
3,0.0016558582421875023,0.5267333984375
4,0.0017997326953125281,0.7318115234375
5,0.0022551181250001218,0.59844970703125
6,0.0023986670703124435,0.7904052734375
7,0.002856656562500115,0.63201904296875
8,0.0030002055078124368,0.9173583984375
9,0.0034555909375000304,0.68023681640625
10,0.0035994653906250562,0.98358154296875
11,0.0040571293750000237,0.7342529296875
12,0.0042010038281250495,1.1865234375
13,0.0046560637499999391,0.81329345703125
14,0.0047999382031249649,1.22894287109375
15,0.0052143096484376095,0.9515380859375
16,0.0053988725781251024,1.49566650390625
17,0.0058080358984375913,1.03851318359375
18,0.0060004110156250956,1.44561767578125
19,0.0064072957812499887,1.1724853515625
20,0.006599670898437493,1.8353271484375
21,0.0070062301562501261,1.25946044921875
22,0.0072012093359374862,1.68548583984375
23,0.0076077685937501194,1.3818359375
24,0.0077900529687500164,2.255859375
25,0.0082067029687500348,1.51092529296875
26,0.0083505774218750606,2.076416015625
27,0.008808241406250028,1.6912841796875
28,0.0089905257812499251,2.66876220703125
29,0.0094075012890624254,1.83197021484375
30,0.0095510502343749692,2.45391845703125
31,0.010006435664062563,2.01904296875
32,0.010149984609375107,3.10638427734375
33,0.010607974101562556,2.15423583984375
34,0.010751848554687582,2.9150390625
35,0.011206908476562472,2.3480224609375
36,0.011350782929687497,3.55010986328125
37,0.011808446914062465,2.50213623046875
38,0.011952321367187491,3.4991455078125
39,0.012407706796875084,2.74322509765625
40,0.012551255742187628,4.01947021484375
41,0.013009245234375078,2.93243408203125
42,0.013152794179687621,4.1461181640625
43,0.013608179609374993,3.16497802734375
44,0.013752054062500019,4.42352294921875
45,0.014166099999999959,3.3349609375
46,0.014353592500000012,4.873046875
47,0.014762755820312501,3.57086181640625
48,0.014949922812500072,4.91424560546875
49,0.015359086132812561,3.8031005859375
50,0.015551461250000065,5.66650390625
51,0.015960624570312554,4.0728759765625
52,0.016148117070312606,5.36712646484375
53,0.016559884453124951,4.312744140625
54,0.0167496555078126,6.59820556640625
55,0.017158818828125089,4.5526123046875
56,0.01730236777343741,5.87860107421875
57,0.017760357265625082,4.87823486328125
58,0.017942316132812497,7.1405029296875
59,0.018359291640624997,5.15411376953125
60,0.018503166093750023,6.43951416015625
61,0.018960830078124991,5.4180908203125
62,0.019104704531250016,8.03466796875
63,0.019559764453125128,5.7745361328125
64,0.019703638906249932,6.9464111328125
65,0.020159024335937525,6.0980224609375
66,0.020302573281250069,8.8604736328125
67,0.020760562773437519,6.41082763671875
68,0.020904111718750062,7.72674560546875
69,0.021359497148437434,6.71966552734375
70,0.021961035585937427,6.89178466796875
71,0.022104910039062453,8.75213623046875
72,0.022559969960937565,7.232666015625
73,0.022703844414062591,9.21875
74,0.023115611796874935,7.56805419921875
75,0.023302778789062506,9.16778564453125
76,0.023714546171875073,7.984619140625
77,0.023898458085937602,9.21875
78,0.024311201992187614,8.3685302734375
79,0.024416341015625065,9.21875
80,0.024840152187499909,9.168701171875
81,0.02491013636718753,8.758544921875
82,0.02516110289062512,8.59375
83,0.025381146171874924,8.80401611328125
84,0.025511674804687523,9.1156005859375
85,0.025529903242187624,8.59375
86,0.025570591718750091,8.90625
curve_id,31
index,Z indent (µm),Force indent (µN)
0,0,0.54779052734375
1,0.00059925988281239739,0.52642822265625
2,0.0012007983203123906,0.6256103515625
3,0.0015272826562500175,0.496826171875
4,0.0017997326953125281,0.6781005859375
5,0.0021314251562500885,0.55267333984375
6,0.0023960630078125877,0.780029296875
7,0.0027251514062500704,0.5950927734375
8,0.002997601445312581,0.92498779296875
9,0.0033240857812499858,0.682373046875
10,0.0035916532031250448,0.975341796875
11,0.0039233456640623832,0.7501220703125
12,0.0041495735937500111,1.17279052734375
13,0.0045248841015623764,0.83404541015625
14,0.0047514375390624863,1.153564453125
15,0.0051238184765625139,0.90484619140625
16,0.0053503719140624018,1.4459228515625
17,0.0057253569140625071,0.99212646484375
18,0.005951910351562395,1.3909912109375
19,0.0063242912890624225,1.10595703125
20,0.0065508447265625325,1.8096923828125
21,0.006923551171875042,1.24176025390625
22,0.0071523831640625257,1.69830322265625
23,0.0075250896093750352,1.3775634765625
24,0.0077516430468749231,2.2271728515625
25,0.0081240239843749507,1.50146484375
26,0.0083505774218750606,1.9818115234375
27,0.0087255624218749439,1.6534423828125
28,0.0089521158593750538,2.6190185546875
29,0.0092834828124999103,1.7584228515625
30,0.0095510502343749692,2.3834228515625
31,0.0099260352343750746,1.92535400390625
32,0.010052983281249928,3.08868408203125
33,0.010152588671874963,2.88604736328125
34,0.010476468945312511,2.11578369140625
35,0.011075403320312427,2.31414794921875
36,0.011353386992187575,3.50982666015625
37,0.011677267265624902,2.4822998046875
38,0.011949717304687413,3.44268798828125
39,0.01227620164062504,2.65869140625
40,0.012543769062499877,3.93646240234375
41,0.012875136015624955,2.84088134765625
42,0.013145307500000092,4.080810546875
43,0.013476674453124948,3.057861328125
44,0.013703227890625058,4.40643310546875
45,0.014075608828125086,3.27972412109375
46,0.014302162265624974,4.83428955078125
47,0.014677472773437561,3.53271484375
48,0.014903700703124967,4.83673095703125
49,0.015276407148437476,3.7286376953125
50,0.015502960585937586,5.63690185546875
51,0.01587794558593747,3.9788818359375
52,0.016101894960937502,5.30670166015625
53,0.016476879960937385,4.1961669921875
54,0.016703433398437495,6.48162841796875
55,0.017075814335937523,4.53033447265625
56,0.017304971835937488,5.79681396484375
57,0.017677678281249998,4.73358154296875
58,0.017903906210937404,7.1063232421875
59,0.018238202734375042,5.0537109375
60,0.018503166093750023,6.37542724609375
61,0.01883453304687488,5.3936767578125
62,0.019104704531250016,7.96875
63,0.019438675546874951,5.6610107421875
64,0.019703638906249932,6.87774658203125
65,0.020027519179687481,5.9820556640625
66,0.020299969218749991,8.85101318359375
67,0.020629057617187474,6.3140869140625
68,0.020804506328125028,7.52716064453125
69,0.020904111718750062,9.21875
70,0.021227991992187389,6.62200927734375
71,0.021827251875000009,6.87164306640625
72,0.022428790312500002,7.06787109375
73,0.023027724687499918,7.49420166015625
74,0.023629263124999911,7.8497314453125
75,0.024228197500000048,8.2000732421875
76,0.024829735937500041,8.6810302734375
77,0.025428995820312439,9.02740478515625
78,0.025487912734375007,7.61474609375
curve_id,32
index,Z indent (µm),Force indent (µN)
0,0,0.51177978515625
1,0.00059893437500013746,0.535888671875
2,0.0012004728125001307,0.60546875
3,0.0016630194140625498,0.50140380859375
4,0.0017997326953125281,0.69366455078125
5,0.0022645578515625431,0.55389404296875
6,0.0024012711328125214,0.78277587890625
7,0.0028634922265624585,0.6201171875
8,0.0030002055078124368,0.91400146484375
9,0.0034650306640624517,0.6890869140625
10,0.00360174394531243,0.9814453125
11,0.0040639650390625892,0.75714111328125
12,0.0042006783203125675,1.14288330078125
13,0.0046248150000001154,0.81146240234375
14,0.0048022167578125607,1.1566162109375
15,0.0052237493750000308,0.902099609375
16,0.0054014766406249581,1.4306640625
17,0.0058174756250000126,0.9942626953125
18,0.0060004110156250956,1.40350341796875
19,0.006416735507812632,1.12396240234375
20,0.006599345390625011,1.8243408203125
21,0.0070182739453126253,1.24725341796875
22,0.0071982797656249264,1.663818359375
23,0.0076146042578124629,1.392822265625
24,0.0077998182031251417,2.1966552734375
25,0.0082161426953124561,1.4801025390625
26,0.0083528559765624344,1.99310302734375
27,0.0088154025781250756,1.6510009765625
28,0.0089517903515625719,2.57293701171875
29,0.0094169410156250688,1.74957275390625
30,0.0095536542968750471,2.42645263671875
31,0.010015875390624984,1.98150634765625
32,0.010152588671874963,3.02520751953125
33,0.010614809765625122,2.10906982421875
34,0.0107515230468751,2.9095458984375
35,0.011216348203125115,2.34832763671875
36,0.011353061484375093,3.45916748046875
37,0.011815608085937512,2.4444580078125
38,0.011951995859375009,3.443603515625
39,0.012417146523437506,2.6806640625
40,0.012553859804687484,3.878173828125
41,0.013016080898437643,2.85247802734375
42,0.013152794179687621,4.10797119140625
43,0.013576605351562465,3.08319091796875
44,0.013754332617187615,4.31854248046875
45,0.014173261171875007,3.304443359375
46,0.01435326699218753,4.86053466796875
47,0.014769591484375066,3.52813720703125
48,0.014954805429687523,4.7906494140625
49,0.015368525859374982,3.7255859375
50,0.015554065312500143,5.63812255859375
51,0.015972668359375053,4.024658203125
52,0.016152999687500058,5.20111083984375
53,0.016566720117187517,4.2169189453125
54,0.016751934062499974,6.5435791015625
55,0.01716825855468751,4.47906494140625
56,0.017304971835937488,5.751953125
57,0.017767192929687425,4.805908203125
58,0.017947524257812431,7.0806884765625
59,0.018368731367187641,5.07080078125
60,0.018505444648437619,6.361083984375
61,0.018967665742187556,5.40496826171875
62,0.019101774960937457,7.8900146484375
63,0.019566925624999953,5.63079833984375
64,0.019705917460937528,6.90826416015625
65,0.020168464062499947,6.04583740234375
66,0.020305177343749925,8.680419921875
67,0.020767398437500084,6.30828857421875
68,0.020804180820312546,7.67669677734375
69,0.020952612382812541,9.23736572265625
70,0.021368936875000077,6.658935546875
71,0.021967871249999993,6.859130859375
72,0.022569735195312468,7.15179443359375
73,0.023168669570312606,7.4530029296875
74,0.023726589960937572,7.8985595703125
75,0.024323245781250113,8.2464599609375
76,0.024922180156250029,8.70574951171875
77,0.025518510468750089,9.03656005859375
78,0.025577427382812434,7.59765625
curve_id,33
index,Z indent (µm),Force indent (µN)
0,0,0.50323486328125
1,0.00059893437499991542,0.52520751953125
2,0.0012004728125001307,0.6512451171875
3,0.0016578112890626162,0.50811767578125
4,0.0017994071875000461,0.7110595703125
5,0.0022593497265626095,0.5999755859375
6,0.0024009456250000394,0.75897216796875
7,0.0028582841015625249,0.62103271484375
8,0.0030002055078124368,0.89508056640625
9,0.0034188085546875691,0.69244384765625
10,0.00360174394531243,0.9088134765625
11,0.0040587569140624336,0.71044921875
12,0.0042006783203125675,1.158447265625
13,0.0046143987500000261,0.8056640625
14,0.0048022167578125607,1.1505126953125
15,0.0052107290625000857,0.90362548828125
16,0.0054011511328124762,1.455078125
17,0.0058096634375000011,1.0186767578125
18,0.0060004110156250956,1.380615234375
19,0.0064089233203126206,1.12091064453125
20,0.0065967413281249332,1.77337646484375
21,0.0070104617578126138,1.246337890625
22,0.0071982797656249264,1.630859375
23,0.0076093961328125292,1.336669921875
24,0.0077972141406250639,2.17254638671875
25,0.0082109345703125225,1.45660400390625
26,0.0083912658984375277,1.95648193359375
27,0.0088098689453124379,1.6259765625
28,0.0089928043359375209,2.6104736328125
29,0.0094117328906249131,1.7828369140625
30,0.0095533287890625651,2.35595703125
31,0.010010667265625051,1.94305419921875
32,0.010152588671874963,3.02978515625
33,0.010609601640624966,2.0758056640625
34,0.0107515230468751,2.8094482421875
35,0.011211140078124959,2.27996826171875
36,0.011353061484375093,3.4381103515625
37,0.011810074453125097,2.4163818359375
38,0.011951995859375009,3.3978271484375
39,0.012411938398437572,2.667236328125
40,0.012553534296875002,3.8861083984375
41,0.013010872773437487,2.80029296875
42,0.013050259218750027,4.02069091796875
43,0.013193482656250088,4.278564453125
44,0.013612411210937481,3.08807373046875
45,0.014170331601562447,3.21014404296875
46,0.01435326699218753,4.79095458984375
47,0.014761779296875055,3.48907470703125
48,0.014952201367187445,4.6771240234375
49,0.015363317734375048,3.6651611328125
50,0.015553739804687439,5.594482421875
51,0.015962252109374964,3.9605712890625
52,0.01615039562499998,5.191650390625
53,0.016561511992187583,4.14337158203125
54,0.016754538125000051,6.4483642578125
55,0.017163050429687576,4.4677734375
56,0.017345660312499955,5.706787109375
57,0.017761984804687492,4.7222900390625
58,0.017903906210937626,7.00225830078125
59,0.018363523242187485,5.01007080078125
60,0.018546458632812568,6.31378173828125
61,0.018962457617187622,5.27435302734375
62,0.019104379023437534,7.7935791015625
63,0.01956171750000002,5.6072998046875
64,0.01970331339843745,6.8536376953125
65,0.020163255937500013,5.9710693359375
66,0.020305177343749925,8.67645263671875
67,0.020762190312499929,6.2481689453125
68,0.020904111718750062,7.53509521484375
69,0.021322714765624973,6.57958984375
70,0.021505650156250056,9.2303466796875
71,0.02192164914062511,6.83319091796875
72,0.022104584531249971,8.53668212890625
73,0.02251830496093743,7.05078125
74,0.022706122968749964,9.25567626953125
75,0.023122447460937501,7.3443603515625
76,0.023305382851562584,9.08050537109375
77,0.02371877777343756,7.8265380859375
78,0.023901062148437457,9.21600341796875
79,0.024312829531250024,8.17474365234375
80,0.024418619570312439,9.25140380859375
81,0.024838850156249981,8.983154296875
82,0.024914367968750017,8.6029052734375
83,0.025166636523437536,8.90625
84,0.025398072578125097,8.5662841796875
85,0.025513302343749933,8.885498046875
86,0.025531530781250034,8.59375
87,0.025572219257812501,8.90625
curve_id,34
index,Z indent (µm),Force indent (µN)
0,0,0.55511474609375
1,0.00040948882812497089,0.494384765625
2,0.00060153843749999325,0.56915283203125
3,0.00095992253906240776,0.574951171875
4,0.0012030768749999865,0.6793212890625
5,0.001561460976562401,0.63385009765625
6,0.0018020112499999019,0.7891845703125
7,0.0021603953515623164,0.69091796875
8,0.0024012711328125214,0.859375
9,0.0027619337890623097,0.72662353515625
10,0.0030002055078124368,0.99639892578125
11,0.0033585896093748513,0.7818603515625
12,0.0035532432812499515,1.03240966796875
13,0.0039601280468748445,0.858154296875
14,0.0042006783203123454,1.25244140625
15,0.0045616664843748378,0.96923828125
16,0.0047511120312500044,1.2347412109375
17,0.0051606008593749753,1.05621337890625
18,0.0053526504687499976,1.6217041015625
19,0.0057598607421873727,1.17645263671875
20,0.005951584843749913,1.52679443359375
21,0.0063587951171875101,1.2884521484375
22,0.0065534487890623883,1.99798583984375
23,0.0069603335546875034,1.3519287109375
24,0.0071523831640625257,1.773681640625
25,0.0075618719921874966,1.510009765625
26,0.007753921601562519,2.4267578125
27,0.008160806367187412,1.61529541015625
28,0.0083528559765624344,2.1966552734375
29,0.0087600662500000315,1.842041015625
30,0.0089517903515623498,2.8759765625
31,0.0093616046875000247,1.92230224609375
32,0.009553654296874825,2.67364501953125
33,0.0099605390624999401,2.18414306640625
34,0.010152588671874963,3.377685546875
35,0.010513576835937455,2.28790283203125
36,0.010754127109374956,3.2537841796875
37,0.01111251121093737,2.55706787109375
38,0.011255734648437432,3.79119873046875
39,0.011353061484374871,3.91326904296875
40,0.011711445585937508,2.7197265625
41,0.012310379960937423,3.01849365234375
42,0.012553859804687484,4.2596435546875
43,0.012911918398437416,3.2354736328125
44,0.013103968007812439,4.66156005859375
45,0.013511178281249814,3.5205078125
46,0.013705506445312432,4.7833251953125
47,0.014112716718750029,3.77655029296875
48,0.014304766328124829,5.552978515625
49,0.014711651093749945,4.0643310546875
50,0.014903700703124967,5.2569580078125
51,0.015313189531249938,4.364013671875
52,0.01550523914062496,6.358642578125
53,0.015912123906249853,4.62310791015625
54,0.016104173515624876,5.8026123046875
55,0.016513987851562328,4.996337890625
56,0.016705711953124869,7.081298828125
57,0.017112922226562466,5.2734375
58,0.017304971835937488,6.3909912109375
59,0.017711856601562381,5.650634765625
60,0.017903906210937404,7.97149658203125
61,0.018313395039062375,5.87890625
62,0.018505444648437397,6.91192626953125
63,0.018912329414062512,6.287841796875
64,0.019104379023437312,8.907470703125
65,0.019462763124999949,6.54144287109375
66,0.019606312070312493,7.591552734375
67,0.019705917460937528,9.21875
68,0.02006690562500002,6.82952880859375
69,0.020665839999999935,6.96807861328125
70,0.021265099882812333,7.36602783203125
71,0.021866638320312326,7.59033203125
72,0.022465572695312463,8.0438232421875
73,0.023067111132812457,8.30535888671875
74,0.023663766953124998,8.78753662109375
75,0.024265305390624992,9.08294677734375
76,0.024319014179687404,7.469482421875
curve_id,35
index,Z indent (µm),Force indent (µN)
0,0,0.52276611328125
1,0.00061195468750008253,0.49591064453125
2,0.0011929861328126012,0.667724609375
3,0.0017945245703125945,0.660400390625
4,0.0018902238671876237,0.533447265625
5,0.0023960630078125877,0.88531494140625
6,0.0024891582421875391,0.61004638671875
7,0.0029643996484376434,0.80596923828125
8,0.0030906966796875324,0.6695556640625
9,0.0035633340234375588,1.0174560546875
10,0.0036896310546876698,0.69549560546875
11,0.004164872460937552,1.01043701171875
12,0.0042911694921876631,0.77301025390625
13,0.0047641323437501715,1.3275146484375
14,0.0048901038671875785,0.8734130859375
15,0.0053630667187500869,1.2750244140625
16,0.0054893637499999759,0.98907470703125
17,0.0059646051562500801,1.54693603515625
18,0.0060599789453126274,1.0760498046875
19,0.0065635395312499956,1.64764404296875
20,0.0066898365625001066,1.2274169921875
21,0.0071650779687499888,1.75323486328125
22,0.0072581732031251622,1.26800537109375
23,0.0077643378515626083,2.06390380859375
24,0.0078418087109375367,1.461181640625
25,0.0083658762890626015,2.06329345703125
26,0.0084459512109376078,1.5594482421875
27,0.0089622066015626611,2.47161865234375
28,0.0090422815234376674,1.7279052734375
29,0.0095637450390626544,2.48291015625
30,0.0096415414062500648,1.9049072265625
31,0.01016267941406257,2.90863037109375
32,0.01024047578124998,2.01873779296875
33,0.010715717187500085,2.89398193359375
34,0.010842014218749974,2.20458984375
35,0.0113146515625,3.47503662109375
36,0.011440948593750111,2.413330078125
37,0.011916515507812475,3.250732421875
38,0.012042487031250104,2.454833984375
39,0.012515449882812613,4.1278076171875
40,0.012641746914062502,2.83935546875
41,0.013116988320312606,3.77197265625
42,0.013243285351562495,2.95745849609375
43,0.013715922695312521,4.703369140625
44,0.013842219726562632,3.11309814453125
45,0.014314857070312659,4.3658447265625
46,0.014443758164062626,3.4954833984375
47,0.014916721015625134,5.24200439453125
48,0.015042692539062541,3.536376953125
49,0.015515655390625049,5.08941650390625
50,0.015611029179687597,3.9019775390625
51,0.016117193828125043,5.82794189453125
52,0.016197268750000049,4.0496826171875
53,0.01671612820312518,5.8563232421875
54,0.016796203124999964,4.400634765625
55,0.017317666640625173,6.385498046875
56,0.017395463007812584,4.75982666015625
57,0.017903906210937626,6.66595458984375
58,0.017994397382812499,4.8291015625
59,0.01851325683593763,6.8170166015625
60,0.018593331757812637,5.2655029296875
61,0.019066294609375145,7.36968994140625
62,0.01919487019531263,5.611572265625
63,0.019698430781249998,7.1563720703125
64,0.019794130078125027,5.7586669921875
65,0.020266767421875054,8.48358154296875
66,0.020393064453125165,6.35345458984375
67,0.020896625039062533,7.72186279296875
68,0.020994602890625158,6.47796630859375
69,0.021467240234374962,9.20867919921875
70,0.022068778671875178,8.39019775390625
71,0.022149179101562666,6.81243896484375
72,0.022295006601562584,7.05657958984375
73,0.022794335585937464,7.24761962890625
74,0.023269576992187568,8.59039306640625
75,0.023395874023437679,7.813720703125
76,0.023830752460937576,9.21875
77,0.023994808398437595,8.04595947265625
78,0.024296554140625037,8.4918212890625
79,0.024560540976562573,8.446044921875
80,0.024668284062500101,9.21875
81,0.024942361640625021,8.58612060546875
82,0.025149384609375103,8.98345947265625
83,0.025204069921875183,8.74053955078125
84,0.025210580078125044,9.23858642578125
curve_id,37
index,Z indent (µm),Force indent (µN)
0,0,0.5133056640625
1,0.00060153843749999325,0.6396484375
2,0.0010286046874998789,0.52032470703125
3,0.0012007983203123906,0.71014404296875
4,0.0016301431249998721,0.59661865234375
5,0.0018023367578123839,0.76324462890625
6,0.0022290775000000096,0.66925048828125
7,0.0024012711328125214,0.88653564453125
8,0.0028306159375000028,0.73974609375
9,0.0030002055078124368,0.8941650390625
10,0.0033989525781248364,0.782470703125
11,0.0035890491406249669,1.18194580078125
12,0.0040314142578123935,0.8642578125
13,0.0041905875781249602,1.12884521484375
14,0.0045945427734375155,0.95184326171875
15,0.0048025422656248207,1.5081787109375
16,0.0051830608984373416,1.06231689453125
17,0.0053526504687499976,1.36199951171875
18,0.0057823207812499611,1.2042236328125
19,0.005951910351562395,1.851806640625
20,0.0063812551562498765,1.2811279296875
21,0.0065534487890623883,1.62994384765625
22,0.006980189531250014,1.45111083984375
23,0.0071523831640623037,2.261962890625
24,0.0075817279687500072,1.517333984375
25,0.0077513175390624411,2.05810546875
26,0.0081809878515624046,1.70928955078125
27,0.0083528559765624344,2.6898193359375
28,0.0087825262890623979,1.807861328125
29,0.0089521158593748318,2.50152587890625
30,0.0093814606640623133,2.05963134765625
31,0.009553654296874825,3.13720703125
32,0.0099803950390624507,2.13165283203125
33,0.010152588671874963,3.06488037109375
34,0.010581933476562444,2.423095703125
35,0.010754127109374956,3.5321044921875
36,0.011181193359374841,2.51861572265625
37,0.011353061484374871,3.7237548828125
38,0.011782731796874835,2.7764892578125
39,0.011954925429687346,4.04266357421875
40,0.012348464374999812,2.93548583984375
41,0.012551255742187406,4.4775390625
42,0.012983204609374965,3.25958251953125
43,0.013152794179687399,4.4500732421875
44,0.013548937187499943,3.480224609375
45,0.013751728554687315,5.3179931640625
46,0.014135176757812395,3.72344970703125
47,0.014304766328124829,4.92034912109375
48,0.014731507070312455,3.99871826171875
49,0.014903700703124967,6.26861572265625
50,0.01533337101562493,4.2633056640625
51,0.01550523914062496,5.421142578125
52,0.015932305390624846,4.61212158203125
53,0.016104499023437358,6.9744873046875
54,0.016533843828124839,4.88677978515625
55,0.016706037460937351,6.1102294921875
56,0.017132778203124976,5.27099609375
57,0.017304971835937488,7.71026611328125
58,0.01773431664062497,5.5609130859375
59,0.017903906210937404,6.8255615234375
60,0.018333576523437367,5.9783935546875
61,0.018505444648437397,8.62396240234375
62,0.01893511496093736,6.16485595703125
63,0.019104704531250016,7.4908447265625
64,0.019534049335937498,6.71875
65,0.01970624296875001,9.23980712890625
66,0.020305177343749925,8.551025390625
67,0.02068341742187485,6.81182861328125
68,0.020801251249999986,7.1875
69,0.020906715781249918,9.26300048828125
70,0.021302858789062462,7.40692138671875
71,0.021505650156249834,9.07928466796875
72,0.021935320468750019,7.91259765625
73,0.022087983632812502,9.22454833984375
74,0.022534254843749935,8.19580078125
75,0.022614004257812459,9.2620849609375
76,0.023002009570312509,8.83087158203125
77,0.023087292617187449,8.6529541015625
78,0.02333239999999992,8.59375
79,0.023568067656249969,8.48480224609375
80,0.023686226992187365,9.03472900390625
81,0.023706733984374839,8.59375
82,0.023749701015624902,7.87109375
83,0.023750026523437384,8.90625
curve_id,38
index,Z indent (µm),Force indent (µN)
0,0,0.504150390625
1,0.00060186394531247522,0.4974365234375
2,0.0010064701562499945,0.51422119140625
3,0.0012007983203123906,0.66253662109375
4,0.0016080085937499877,0.55938720703125
5,0.0017512320312500496,0.69427490234375
6,0.002209547031249981,0.57861328125
7,0.0023986670703124435,0.80963134765625
8,0.0027573766796875621,0.65673828125
9,0.0029517048437499582,0.8843994140625
10,0.0033589151171875553,0.6842041015625
11,0.0035506392187498736,0.95550537109375
12,0.0039581749999999527,0.8154296875
13,0.0041521776562498669,1.1553955078125
14,0.004559713437499946,0.88409423828125
15,0.0047514375390624863,1.185302734375
16,0.0051586478124998614,0.99761962890625
17,0.0053529759765624796,1.480712890625
18,0.0057575821874999988,1.06658935546875
19,0.005951910351562395,1.44439697265625
20,0.0063591206249999921,1.15997314453125
21,0.0065508447265625325,1.86126708984375
22,0.0069583805078123895,1.2969970703125
23,0.0071523831640625257,1.695556640625
24,0.0075599189453123827,1.4404296875
25,0.0077516430468749231,2.2967529296875
26,0.0081588533203125202,1.5777587890625
27,0.0083531814843749164,2.05718994140625
28,0.0087577876953124356,1.73431396484375
29,0.0089521158593750538,2.77923583984375
30,0.0093593261328124289,1.8609619140625
31,0.0095510502343749692,2.51434326171875
32,0.0099585860156250483,2.0263671875
33,0.010104088007812484,3.23577880859375
34,0.010560124453125042,2.20428466796875
35,0.01075184855468736,3.0828857421875
36,0.011159058828124957,2.36968994140625
37,0.011353386992187353,3.682861328125
38,0.01176059726562495,2.63671875
39,0.01190349519531253,3.66455078125
40,0.012313635039062465,2.760009765625
41,0.012502755078124927,4.23309326171875
42,0.012909965351562525,3.03009033203125
43,0.013104293515624921,4.429931640625
44,0.013511503789062518,3.2305908203125
45,0.013703227890625058,4.68017578125
46,0.014113042226562511,3.53271484375
47,0.014304766328125051,5.2813720703125
48,0.014712302109374908,3.70635986328125
49,0.014903700703124967,5.12115478515625
50,0.015313840546874902,4.08843994140625
51,0.015505564648437442,6.22161865234375
52,0.015910170859374961,4.29931640625
53,0.016104499023437358,5.64697265625
54,0.016511709296874955,4.6697998046875
55,0.016706037460937573,6.94488525390625
56,0.017113247734374948,4.910888671875
57,0.017304971835937488,6.246337890625
58,0.017712507617187567,5.252685546875
59,0.017903906210937404,7.80853271484375
60,0.018314046054687561,5.61126708984375
61,0.018456943984374918,6.83197021484375
62,0.018912980429687476,5.94573974609375
63,0.019104704531250016,8.85040283203125
64,0.019511914804687391,6.3232421875
65,0.019606312070312493,7.4517822265625
66,0.01970624296875001,9.21875
67,0.020064952578124906,6.67388916015625
68,0.020663886953125044,6.86767578125
69,0.021262821328124959,7.1173095703125
70,0.021862081210937356,7.58392333984375
71,0.022463619648437572,7.87567138671875
72,0.023062554023437487,8.37646484375
73,0.023661488398437402,8.646240234375
74,0.024263026835937396,9.14825439453125
75,0.024319339687499886,7.3681640625
curve_id,39
index,Z indent (µm),Force indent (µN)
0,0,0.51300048828125
1,0.0011978687500000529,0.64239501953125
2,0.0016154952734375172,0.5206298828125
3,0.0017893164453124388,0.6585693359375
4,0.0022144296484374326,0.57281494140625
5,0.0023934589453125099,0.79071044921875
6,0.0027648633593748695,0.609130859375
7,0.0029513793359374763,0.93536376953125
8,0.0033664017968748627,0.69610595703125
9,0.0035503137109373917,0.91278076171875
10,0.0039656616796874822,0.76171875
11,0.0041495735937500111,1.17095947265625
12,0.0045672001171874754,0.8929443359375
13,0.0047511120312500044,1.15386962890625
14,0.0051661344921873908,0.95306396484375
15,0.0053500464062499198,1.46484375
16,0.0057650688671875283,1.0430908203125
17,0.005951584843749913,1.39434814453125
18,0.0063666073046875216,1.14532470703125
19,0.0065505192187500505,1.89483642578125
20,0.006965867187499919,1.28997802734375
21,0.0071523831640625257,1.66656494140625
22,0.0075674056249999122,1.3934326171875
23,0.0077513175390624411,2.27874755859375
24,0.0081663400000000497,1.60247802734375
25,0.0083528559765624344,2.03582763671875
26,0.0087652743749999651,1.6571044921875
27,0.0089517903515623498,2.7325439453125
28,0.0093668128124999583,1.8743896484375
29,0.0095507247265624873,2.46002197265625
30,0.0099660726953123557,1.99798583984375
31,0.010142172421874873,3.2421875
32,0.0105265971484374,2.14599609375
33,0.010702696874999917,3.0670166015625
34,0.011117719335937526,2.3675537109375
35,0.011342645234375004,3.58184814453125
36,0.011721861835937375,2.62298583984375
37,0.01190349519531253,3.68621826171875
38,0.012318517656249917,2.70599365234375
39,0.012502429570312446,4.23126220703125
40,0.012917452031250054,2.99041748046875
41,0.013103968007812439,4.35882568359375
42,0.013516386406249969,3.2684326171875
43,0.013702902382812354,4.5294189453125
44,0.014117924843749963,3.3905029296875
45,0.014302162265624974,5.46417236328125
46,0.01471718472656236,3.739013671875
47,0.014903700703124967,5.01495361328125
48,0.015318723164062353,3.9947509765625
49,0.015502635078124882,6.15447998046875
50,0.015917657539062491,4.356689453125
51,0.016104173515624876,5.650634765625
52,0.016519195976562484,4.49371337890625
53,0.016703107890625013,6.9183349609375
54,0.017118130351562399,4.91729736328125
55,0.017304646328125006,6.19873046875
56,0.017719994296874875,5.25482177734375
57,0.017903906210937404,7.79144287109375
58,0.018318928671875012,5.5029296875
59,0.018500236523437463,6.83074951171875
60,0.018917863046874928,5.911865234375
61,0.019053274296874978,8.7542724609375
62,0.019519401484374921,6.3525390625
63,0.019693222656249842,7.47039794921875
64,0.020069835195312358,6.5032958984375
65,0.020253747109374887,9.21875
66,0.020671373632812351,6.8792724609375
67,0.02085528554687488,8.56719970703125
68,0.021270308007812488,7.10540771484375
69,0.021454219921875017,9.21875
70,0.021869567890624886,7.47528076171875
71,0.022056083867187493,9.1143798828125
72,0.022471106328124879,7.93914794921875
73,0.022649484609374992,9.26177978515625
74,0.023070040703125017,8.25775146484375
75,0.023170622617187497,9.2626953125
76,0.023593782773437377,9.1015625
77,0.023668975078124932,8.68988037109375
78,0.023920918124999968,8.59375
79,0.024153330703124976,8.79730224609375
80,0.024270513515624925,9.08599853515625
81,0.024289067460937508,8.59375
82,0.024329430429687493,8.90625
curve_id,40
index,Z indent (µm),Force indent (µN)
0,0,0.5126953125
1,0.00060902511718752272,0.51116943359375
2,0.0010360913671874084,0.4931640625
3,0.0012004728124999087,0.59173583984375
4,0.0016376298046874016,0.50872802734375
5,0.0018098234374999134,0.677490234375
6,0.0022365641796875391,0.56793212890625
7,0.0024087578125000508,0.73455810546875
8,0.0028381026171875323,0.6024169921875
9,0.0030002055078124368,0.91949462890625
10,0.0034373624999999297,0.6744384765625
11,0.0036092306249999595,0.92437744140625
12,0.004038900937499923,0.7562255859375
13,0.0041980742578124897,1.201171875
14,0.0046378353125000604,0.869140625
15,0.0048100289453125722,1.08001708984375
16,0.005206171953125116,0.94635009765625
17,0.0054011511328124762,1.49139404296875
18,0.0058025022656249536,1.05743408203125
19,0.0059952028906249399,1.34674072265625
20,0.006388741835937406,1.10565185546875
21,0.0065609354687499177,1.89239501953125
22,0.0069902802734376213,1.280517578125
23,0.0071598698437500552,1.64215087890625
24,0.0075892146484375367,1.40167236328125
25,0.0077591297265624526,2.29461669921875
26,0.0081884745312499341,1.54510498046875
27,0.0083606681640624458,2.022705078125
28,0.0087900129687499273,1.70684814453125
29,0.0089596025390625833,2.67913818359375
30,0.0093889473437500648,1.817626953125
31,0.0095611409765625766,2.5
32,0.009990485781250058,1.98944091796875
33,0.010160075351562492,3.1427001953125
34,0.010589420156249973,2.1466064453125
35,0.010761613789062485,3.08837890625
36,0.011188680039062593,2.36083984375
37,0.011360873671875105,3.5858154296875
38,0.011790218476562586,2.5445556640625
39,0.01195980804687502,3.68804931640625
40,0.012389152851562502,2.78411865234375
41,0.012561346484375013,4.0802001953125
42,0.012990691289062495,2.89031982421875
43,0.013060675468750116,4.4708251953125
44,0.013160280859374929,4.46014404296875
45,0.01358962566406241,3.25592041015625
46,0.014157962304687466,3.3856201171875
47,0.014348058867187596,5.3533935546875
48,0.014790423984375023,3.748779296875
49,0.014944714687499916,4.962158203125
50,0.01534085769531246,3.9300537109375
51,0.015543649062500053,6.2933349609375
52,0.015939792070312597,4.29656982421875
53,0.016111985703125109,5.435791015625
54,0.016541330507812591,4.55230712890625
55,0.016710920078125024,6.97601318359375
56,0.017140264882812506,4.86907958984375
57,0.017312458515625018,6.08123779296875
58,0.017741803320312499,5.12481689453125
59,0.017911392890624933,7.76336669921875
60,0.018341063203125119,5.57159423828125
61,0.018502840585937541,6.80908203125
62,0.018942601640625112,5.8203125
63,0.019112191210937546,8.69415283203125
64,0.019541536015625027,6.2518310546875
65,0.019713729648437539,7.46002197265625
66,0.020140470390624943,6.597900390625
67,0.020312664023437454,9.26025390625
68,0.020742008828124936,6.81854248046875
69,0.020914202460937448,8.55255126953125
70,0.021341268710937555,7.0953369140625
71,0.021513136835937585,9.21875
72,0.021942807148437549,7.40234375
73,0.022112396718749983,9.0777587890625
74,0.022508539726562526,7.91259765625
75,0.022692451640625055,9.2498779296875
76,0.023143279960937457,8.2232666015625
77,0.023213264140625078,9.26116943359375
78,0.023630565156250061,9.0533447265625
79,0.023709012539062435,8.65936279296875
80,0.02395607296875002,8.59375
81,0.024176441757812528,8.60748291015625
82,0.024292648046875032,9.034423828125
83,0.024316084609375066,8.59375
84,0.024359051640624907,7.89794921875
85,0.024359377148437611,8.90625
curve_id,41
index,Z indent (µm),Force indent (µN)
0,0,0.5157470703125
1,0.00059893437500013746,0.517578125
2,0.0010246985937500952,0.5072021484375
3,0.0012004728125001307,0.599365234375
4,0.0016236329687500106,0.52886962890625
5,0.0017994071875000461,0.7342529296875
6,0.0022254969140624858,0.58624267578125
7,0.0024009456250000394,0.77880859375
8,0.0028270353515624791,0.631103515625
9,0.0030002055078126588,0.95611572265625
10,0.0033849557421876675,0.69122314453125
11,0.0036017439453126521,0.95184326171875
12,0.004024904101562532,0.8099365234375
13,0.0042006783203125675,1.21246337890625
14,0.0046238384765626694,0.88409423828125
15,0.0047996126953124829,1.16912841796875
16,0.0051768762499999621,1.0089111328125
17,0.0054011511328124762,1.53289794921875
18,0.0057758106250000996,1.07421875
19,0.0059515848437501351,1.4239501953125
20,0.006375070507812497,1.18621826171875
21,0.0065505192187500505,1.94976806640625
22,0.0069766089453124902,1.3006591796875
23,0.0071523831640625257,1.7144775390625
24,0.0075755433203126277,1.4837646484375
25,0.0077513175390626632,2.32391357421875
26,0.0081744776953125431,1.58660888671875
27,0.0083528559765626564,2.11578369140625
28,0.0087760161328125363,1.790771484375
29,0.0089517903515625719,2.742919921875
30,0.0093752760156251558,1.8536376953125
31,0.0095507247265624873,2.6019287109375
32,0.009976814453125149,2.11456298828125
33,0.010152263164062481,3.21441650390625
34,0.010575748828125064,2.19085693359375
35,0.0107515230468751,3.1915283203125
36,0.011177287265625058,2.4468994140625
37,0.011353061484375093,3.6724853515625
38,0.011776221640624973,2.6458740234375
39,0.011951995859375009,3.79608154296875
40,0.012377760078124966,2.8668212890625
41,0.012553534296875002,4.14581298828125
42,0.012938610039062493,3.006591796875
43,0.013152468671875139,4.67864990234375
44,0.013534940351562552,3.319091796875
45,0.013751728554687537,4.51873779296875
46,0.014128992109375016,3.52996826171875
47,0.01435326699218753,5.56884765625
48,0.014730530546875009,3.8092041015625
49,0.014952201367187667,5.03997802734375
50,0.015326860859375069,4.07562255859375
51,0.015502635078125104,6.43402099609375
52,0.015928399296875062,4.36370849609375
53,0.016104173515625098,5.56121826171875
54,0.016527659179687459,4.7283935546875
55,0.016703107890625013,7.10052490234375
56,0.017129197617187675,4.91058349609375
57,0.017304646328125006,6.25518798828125
58,0.01772813199218759,5.32379150390625
59,0.017903906210937626,7.916259765625
60,0.018327066367187506,5.6268310546875
61,0.018505444648437619,6.87896728515625
62,0.018928604804687499,6.02294921875
63,0.019104379023437534,8.89892578125
64,0.019527864687500118,6.3262939453125
65,0.019703313398437672,7.608642578125
66,0.020129403125000112,6.7431640625
67,0.020304851835937665,9.21875
68,0.020728337500000027,6.85333251953125
69,0.020904111718750062,8.80218505859375
70,0.021288861953125071,7.259521484375
71,0.021505650156250056,9.21875
72,0.021928810312500158,7.51220703125
73,0.022104584531249971,9.20623779296875
74,0.022528070195312555,8.07708740234375
75,0.023080782460937588,8.39691162109375
76,0.023210334570312519,9.21875
77,0.023626984570312537,9.127197265625
78,0.023679716835937503,8.7945556640625
79,0.02392547523437516,8.59375
80,0.024159189843750095,8.720703125
81,0.024278976718750123,9.1796875
82,0.024302087773437675,8.90625
83,0.024337893632812468,8.90625
curve_id,42
index,Z indent (µm),Force indent (µN)
0,0,0.52703857421875
1,0.00058884363281253016,0.523681640625
2,0.0011903820703125234,0.63690185546875
3,0.0016291666015626483,0.49957275390625
4,0.0017893164453126609,0.693359375
5,0.0022281009765625637,0.5743408203125
6,0.0023911803906251361,0.7037353515625
7,0.0028296394140625569,0.63873291015625
8,0.0030002055078126588,0.921630859375
9,0.0033953719921875347,0.71319580078125
10,0.0035890491406249669,0.95489501953125
11,0.0040278336718750918,0.72906494140625
12,0.0042010038281250495,1.23016357421875
13,0.0045961703125001474,0.84808349609375
14,0.0047895219531250977,1.0906982421875
15,0.0051798058203125219,0.93597412109375
16,0.0053913858984375729,1.54571533203125
17,0.0057787401953126594,1.06658935546875
18,0.0059903202734374883,1.38275146484375
19,0.0063802786328126526,1.1529541015625
20,0.0065866505859375479,1.83135986328125
21,0.006979213007812568,1.32781982421875
22,0.0072012093359374862,1.65069580078125
23,0.0075807514453125613,1.385498046875
24,0.0077874489062501606,2.34466552734375
25,0.0081800113281249587,1.5740966796875
26,0.0083427652343750491,2.0269775390625
27,0.0087789457031250961,1.65985107421875
28,0.0089827135937501357,2.74871826171875
29,0.0093804841406250894,1.88140869140625
30,0.0095432380468749578,2.47772216796875
31,0.0099794185156250048,2.0458984375
32,0.010142497929687577,3.150634765625
33,0.010580956953124998,2.19696044921875
34,0.01074403636718757,3.09722900390625
35,0.011180216835937618,2.3687744140625
36,0.011342970742187486,3.553466796875
37,0.011781755273437611,2.5738525390625
38,0.011952321367187491,3.80767822265625
39,0.012380689648437526,2.80303955078125
40,0.012543443554687617,4.0594482421875
41,0.012979624023437664,2.92266845703125
42,0.013152794179687621,4.5111083984375
43,0.013540473984374968,3.27056884765625
44,0.013744241875000007,4.50408935546875
45,0.014131596171875094,3.47686767578125
46,0.014343176250000145,5.3924560546875
47,0.014740946796875098,3.7200927734375
48,0.014944714687500138,5.0067138671875
49,0.015332394492187484,3.9202880859375
50,0.015543649062500053,6.31256103515625
51,0.015931328867187622,4.35943603515625
52,0.016142908945312673,5.4949951171875
53,0.016532867304687615,4.52850341796875
54,0.016736635195312655,7.00714111328125
55,0.017131801679687531,4.86907958984375
56,0.017294881093750103,6.1529541015625
57,0.017730736054687668,5.17486572265625
58,0.017937433515625045,7.8125
59,0.018332600000000143,5.61309814453125
60,0.018492749843750156,6.8072509765625
61,0.018931534375000059,5.76629638671875
62,0.019104704531250016,8.75274658203125
63,0.019533072812500052,6.241455078125
64,0.019603708007812637,7.51617431640625
65,0.019742048828125025,9.2596435546875
66,0.020132007187499967,6.58935546875
67,0.020733545624999961,6.8304443359375
68,0.02133280550781258,7.041015625
69,0.021898538085937558,7.51251220703125
70,0.02249226433593754,7.9193115234375
71,0.023093802773437533,8.109130859375
72,0.023682646406250063,8.79119873046875
73,0.024284184843750056,9.0948486328125
74,0.024350913945312636,7.674560546875
curve_id,43
index,Z indent (µm),Force indent (µN)
0,0,0.5841064453125
1,0.00060153843749999325,0.6585693359375
2,0.0010575748828125509,0.51666259765625
3,0.0012004728125001307,0.64178466796875
4,0.0016591133203125441,0.57891845703125
5,0.0017994071875000461,0.84716796875
6,0.0022583732031251635,0.6427001953125
7,0.0023986670703126656,0.8233642578125
8,0.0028599116406251568,0.7427978515625
9,0.0030002055078126588,1.1285400390625
10,0.0034588460156250722,0.78765869140625
11,0.0035506392187500957,1.0504150390625
12,0.0040603844531250655,0.8734130859375
13,0.0041521776562500889,1.3861083984375
14,0.0046593188281252029,0.9326171875
15,0.0047511120312500044,1.27227783203125
16,0.0052585787109376003,1.0772705078125
17,0.0053500464062501418,1.69952392578125
18,0.0058601171484375936,1.2347412109375
19,0.0059515848437501351,1.5228271484375
20,0.006459051523437509,1.31134033203125
21,0.0065508447265625325,2.210693359375
22,0.0070605899609375022,1.44927978515625
23,0.0071523831640625257,1.822509765625
24,0.0076185103515626906,1.6357421875
25,0.0077513175390626632,2.51495361328125
26,0.0082099580468750766,1.68701171875
27,0.0083528559765626564,2.4688720703125
28,0.0088114964843750698,1.9000244140625
29,0.0089517903515625719,2.74658203125
30,0.0094104308593752073,2.09014892578125
31,0.0095533287890625651,2.9681396484375
32,0.010009690742187605,2.220458984375
33,0.010152588671875185,3.39996337890625
34,0.010611229179687598,2.44415283203125
35,0.0107515230468751,3.505859375
36,0.011210163554687513,2.66998291015625
37,0.01134785335937516,3.76800537109375
38,0.011811701992187507,2.747802734375
39,0.01190349519531253,4.351806640625
40,0.012410636367187644,3.10821533203125
41,0.012502429570312668,4.26239013671875
42,0.013012500312500119,3.22998046875
43,0.013103968007812661,5.067138671875
44,0.013611434687500035,3.56170654296875
45,0.013703227890625058,4.66766357421875
46,0.014212973125000028,3.8299560546875
47,0.014304766328125051,6.18988037109375
48,0.014803769804687672,5.1513671875
49,0.014811907500000165,4.00360107421875
50,0.015413445937500159,4.4012451171875
51,0.015502635078125104,6.810302734375
52,0.015963879648437596,4.600830078125
53,0.016104173515625098,5.92803955078125
54,0.016562814023437511,4.932861328125
55,0.016703433398437495,7.437744140625
56,0.017164677968750208,5.4052734375
57,0.01730497183593771,6.636962890625
58,0.017763612343750124,5.496826171875
59,0.017903906210937626,8.24188232421875
60,0.018362546718750039,6.0382080078125
61,0.018405513750000102,7.354736328125
62,0.018505444648437619,9.0655517578125
63,0.018964085156250032,6.32354736328125
64,0.01956301953125017,6.58172607421875
65,0.020162279414062567,6.98944091796875
66,0.02076381785156256,7.04833984375
67,0.021365356289062554,7.62176513671875
68,0.021964290664062691,7.98095703125
69,0.022563225039062607,8.33404541015625
70,0.023121470937500055,8.863525390625
71,0.023126028046875025,8.59375
72,0.023172575664062611,8.90625
curve_id,44
index,Z indent (µm),Force indent (µN)
0,0,0.498046875
1,0.00059893437500013746,0.58807373046875
2,0.0010546453124999911,0.49835205078125
3,0.0012004728125001307,0.6964111328125
4,0.0016561837499999843,0.546875
5,0.0017994071875000461,0.7586669921875
6,0.0022551181250001218,0.6182861328125
7,0.0023986670703124435,0.90789794921875
8,0.0028107599609374923,0.69183349609375
9,0.0030002055078124368,0.91339111328125
10,0.0034122983984374855,0.7769775390625
11,0.0035991398828125742,1.1956787109375
12,0.0040063501562499493,0.8477783203125
13,0.0042006783203125675,1.087646484375
14,0.0046052845312500867,0.93505859375
15,0.0047996126953124829,1.50299072265625
16,0.0052042189062500022,1.03240966796875
17,0.0053985470703126204,1.37969970703125
18,0.0058057573437499954,1.14410400390625
19,0.0060004110156250956,1.87103271484375
20,0.0064098998437500665,1.285400390625
21,0.006599345390625011,1.6693115234375
22,0.0070065556640626081,1.40899658203125
23,0.007190793085937619,2.22198486328125
24,0.0076054900390625235,1.5557861328125
25,0.0077897274609375344,2.06787109375
26,0.0082070284765625168,1.65740966796875
27,0.0083502519140625786,2.630615234375
28,0.0088059628515626542,1.80877685546875
29,0.0089517903515625719,2.54547119140625
30,0.0094075012890626475,1.99188232421875
31,0.0095507247265624873,3.1353759765625
32,0.010006761171875045,2.156982421875
33,0.010152588671874963,3.09173583984375
34,0.01060569554687496,2.37152099609375
35,0.0107515230468751,3.52935791015625
36,0.011163615937500149,2.55828857421875
37,0.011350457421875015,3.78173828125
38,0.011762550312500064,2.7154541015625
39,0.011951995859375009,3.953857421875
40,0.012361810195312462,2.95135498046875
41,0.012550930234375146,4.5941162109375
42,0.012960744570312599,3.15948486328125
43,0.013152794179687621,4.4134521484375
44,0.013557074882812437,3.4735107421875
45,0.013751728554687537,5.361328125
46,0.014158613320312652,3.7103271484375
47,0.014350662929687452,4.95269775390625
48,0.014757873203125049,3.91571044921875
49,0.01494959730468759,6.26739501953125
50,0.015356807578124965,4.26239013671875
51,0.015548857187499987,5.4815673828125
52,0.015958346015624958,4.52362060546875
53,0.01610156945312502,6.93389892578125
54,0.016557280390625095,4.83795166015625
55,0.016741517812500106,6.17462158203125
56,0.017158818828125089,5.19561767578125
57,0.017302367773437632,7.64862060546875
58,0.017758078710937486,5.484619140625
59,0.017903906210937626,6.83746337890625
60,0.018359617148437479,5.86273193359375
61,0.018502840585937541,8.6181640625
62,0.018958551523437617,6.22283935546875
63,0.019004448125000017,7.53631591796875
64,0.019150601132812639,9.2236328125
65,0.019519075976562439,6.54052734375
66,0.020118335859375058,6.83349609375
67,0.020758284218750145,7.027587890625
68,0.021318808671874967,7.421875
69,0.021910256367187575,7.87994384765625
70,0.02250919074218749,8.21807861328125
71,0.023110729179687484,8.64776611328125
72,0.023709663554687621,9.04296875
73,0.023768580468749967,7.49664306640625
curve_id,45
index,Z indent (µm),Force indent (µN)
0,0,0.555419921875
1,0.00060153843749999325,0.56365966796875
2,0.00096480515624985941,0.5584716796875
3,0.0012004728124999087,0.65948486328125
4,0.0015637395312499969,0.6146240234375
5,0.0018020112499999019,0.740966796875
6,0.0021652779687499901,0.68023681640625
7,0.0024009456249998173,0.87005615234375
8,0.0027642123437499055,0.72235107421875
9,0.0030002055078124368,0.9783935546875
10,0.003363472226562525,0.7550048828125
11,0.0035991398828123522,1.0430908203125
12,0.0039650106640625182,0.8685302734375
13,0.0041521776562498669,1.2298583984375
14,0.0045639450390624337,0.90240478515625
15,0.0047921260156249534,1.2274169921875
16,0.0051628794140623491,1.0833740234375
17,0.0053526504687499976,1.578369140625
18,0.0057644178515623423,1.1224365234375
19,0.005951584843749913,1.4801025390625
20,0.0063636777343749618,1.27685546875
21,0.0065531232812499063,1.98486328125
22,0.006965216171874955,1.3250732421875
23,0.0071497791015624479,1.7608642578125
24,0.0075641505468748704,1.5069580078125
25,0.007753921601562519,2.37548828125
26,0.0081246749999999146,1.59576416015625
27,0.0083528559765624344,2.13287353515625
28,0.00872360937499983,1.776123046875
29,0.0089517903515623498,2.83660888671875
30,0.0093228692578124495,1.92535400390625
31,0.0095533287890623431,2.6031494140625
32,0.0099139914453123534,2.14385986328125
33,0.010152588671874963,3.32244873046875
34,0.010518133945312425,2.24090576171875
35,0.010754127109374956,3.1817626953125
36,0.011114789765624966,2.48748779296875
37,0.011347853359374938,3.7933349609375
38,0.011716328203124959,2.6947021484375
39,0.011951995859375009,3.7823486328125
40,0.012315262578124875,2.92022705078125
41,0.012553534296875002,4.3109130859375
42,0.012916801015624868,3.2086181640625
43,0.013144981992187388,4.55841064453125
44,0.013515735390625006,3.43017578125
45,0.013743916367187525,4.71588134765625
46,0.014114995273437403,3.76617431640625
47,0.014304440820312347,5.46417236328125
48,0.014719137773437474,3.92669677734375
49,0.014903700703124967,5.218505859375
50,0.015315468085937534,4.38507080078125
51,0.01550523914062496,6.32476806640625
52,0.015917006523437527,4.5794677734375
53,0.016104173515624876,5.61798095703125
54,0.016515940898437442,4.94232177734375
55,0.016705711953124869,7.09991455078125
56,0.017117804843749918,5.2142333984375
57,0.017304646328125006,6.22894287109375
58,0.017675725234374884,5.58929443359375
59,0.017906510273437481,7.91839599609375
60,0.018272055546874943,5.8258056640625
61,0.018502840585937319,6.80755615234375
62,0.018868711367187485,6.182861328125
63,0.019104379023437534,8.905029296875
64,0.019467645742187401,6.47674560546875
65,0.019705917460937528,7.362060546875
66,0.020066580117187538,6.81488037109375
67,0.020304851835937443,9.21875
68,0.020668118554687531,6.9207763671875
69,0.020898903593749907,8.3209228515625
70,0.021267378437499929,7.25921630859375
71,0.0215004420312499,9.21875
72,0.021868916874999922,7.56103515625
73,0.022056083867187493,8.82080078125
74,0.022467851249999837,7.89337158203125
75,0.022649484609374992,9.21875
76,0.023069389687499831,8.284912109375
77,0.023169971601562533,9.1778564453125
78,0.023592480742187449,9.14764404296875
79,0.023670928124999824,8.64898681640625
80,0.023920592617187486,8.90625
81,0.02415105214843738,8.7884521484375
82,0.024267583945312365,9.0899658203125
83,0.02428646339843743,8.59375
84,0.024326175351562451,8.011474609375
curve_id,46
index,Z indent (µm),Force indent (µN)
0,0,0.6072998046875
1,0.00042608972656243971,0.50811767578125
2,0.00060153843749999325,0.7012939453125
3,0.0010250241015623551,0.54656982421875
4,0.0012004728124999087,0.7342529296875
5,0.0015832700000000255,0.57891845703125
6,0.0018020112499999019,0.8935546875
7,0.0021822043749999409,0.66192626953125
8,0.0024012711328125214,0.91796875
9,0.0027762561328124047,0.73822021484375
10,0.0030028095703125146,1.1431884765625
11,0.0033777945703123979,0.849609375
12,0.00360174394531243,1.1102294921875
13,0.0039767289453123134,0.93597412109375
14,0.0042006783203123454,1.51123046875
15,0.0045756633203124508,1.02691650390625
16,0.0047996126953124829,1.37176513671875
17,0.0051772017578124441,1.1151123046875
18,0.0054014766406249581,1.842041015625
19,0.0057764616406248415,1.2542724609375
20,0.0060004110156248736,1.630859375
21,0.0063780000781248347,1.3739013671875
22,0.0065534487890623883,2.22442626953125
23,0.0069769344531249722,1.54632568359375
24,0.0071497791015624479,2.04620361328125
25,0.0075758688281248876,1.666259765625
26,0.007753921601562519,2.64556884765625
27,0.0081774072656248808,1.8182373046875
28,0.0083528559765624344,2.5238037109375
29,0.0087766671484375003,1.95526123046875
30,0.0089517903515623498,3.1231689453125
31,0.0093782055859374935,2.12310791015625
32,0.009553654296874825,3.04229736328125
33,0.009977139960937409,2.3321533203125
34,0.010152588671874963,3.54217529296875
35,0.010530177734374924,2.55279541015625
36,0.010754127109374956,3.7188720703125
37,0.011129112109374839,2.68096923828125
38,0.011353061484374871,4.0277099609375
39,0.011730650546874832,2.96905517578125
40,0.011954599921874864,4.4903564453125
41,0.01232958492187497,3.17047119140625
42,0.012553859804687484,4.42413330078125
43,0.012928519296874885,3.36334228515625
44,0.013152794179687399,5.340576171875
45,0.013527779179687505,3.653564453125
46,0.013751728554687315,4.942626953125
47,0.014129317617187498,3.9361572265625
48,0.014350662929687452,6.2115478515625
49,0.014728251992187413,4.2315673828125
50,0.01494992281249985,5.4742431640625
51,0.015329790429687407,4.47967529296875
52,0.01550523914062496,6.94122314453125
53,0.015928724804687322,4.791259765625
54,0.016145187499999825,6.134033203125
55,0.016530588750000019,5.1513671875
56,0.016705711953124869,7.67242431640625
57,0.017129523124999935,5.43609619140625
58,0.017304971835937488,6.80877685546875
59,0.01772845749999985,5.8062744140625
60,0.017903906210937404,8.60992431640625
61,0.018329995937499843,6.2176513671875
62,0.018505444648437397,7.48016357421875
63,0.018888241835937514,6.514892578125
64,0.019104379023437312,9.23736572265625
65,0.019487176210937429,6.806640625
66,0.019705917460937528,8.6016845703125
67,0.020083506523437489,7.060546875
68,0.020305177343749925,9.26025390625
69,0.02068016234375003,7.36724853515625
70,0.020906715781249918,9.10980224609375
71,0.021281700781250024,7.79296875
72,0.021497837968749822,9.23004150390625
73,0.021880635156249939,8.2098388671875
74,0.022429115820312484,8.9581298828125
75,0.022479569531249854,8.5723876953125
76,0.022748764492187323,8.59375
77,0.022975968945312397,8.51898193359375
78,0.023081107968749848,9.05548095703125
79,0.023104544531249882,8.59375
80,0.023140024882812416,8.90625
curve_id,47
index,Z indent (µm),Force indent (µN)
0,0,0.57220458984375
1,4.2967031249840915e-05,0.4974365234375
2,0.0005680111328123516,0.5340576171875
3,0.00064190140624997838,0.5206298828125
4,0.001167271015624971,0.682373046875
5,0.0012437653515624536,0.56915283203125
6,0.0017688094531249643,0.62652587890625
7,0.001842699726562369,0.61859130859375
8,0.0023677438281248797,0.89508056640625
9,0.0024110363671874246,0.7025146484375
10,0.002969282265624873,0.8636474609375
11,0.0029995544921874728,0.77423095703125
12,0.0035682166406247884,1.11724853515625
13,0.0035936062499999366,0.83038330078125
14,0.0041700805859374857,1.107177734375
15,0.0041951446874999299,0.91033935546875
16,0.0047690149609374011,1.36474609375
17,0.0047940790624998453,0.9625244140625
18,0.0053679493359373165,1.3409423828125
19,0.0053933389453124647,1.1358642578125
20,0.0059567929687498467,1.60186767578125
21,0.005994877382812458,1.17523193359375
22,0.0065661435937498513,1.746826171875
23,0.0065964158203124512,1.37725830078125
24,0.0071497791015624479,1.94732666015625
25,0.0071953501953123666,1.43798828125
26,0.0077487134765623633,2.1221923828125
27,0.0077942845703125041,1.58111572265625
28,0.0083502519140623566,2.31475830078125
29,0.0083935444531249015,1.67572021484375
30,0.00892119261718749,2.642822265625
31,0.0089950828906248947,1.89361572265625
32,0.0095201269921874054,2.67578125
33,0.0095940172656248102,2.02911376953125
34,0.010119061367187321,3.22113037109375
35,0.010195555703124803,2.2161865234375
36,0.010720599804687314,3.10028076171875
37,0.010794490078124941,2.43438720703125
38,0.011319859687499934,3.9208984375
39,0.011357618593749841,2.63031005859375
40,0.011921398124999927,3.57208251953125
41,0.011961761093749912,2.813720703125
42,0.012520332499999842,4.55291748046875
43,0.01254572210937499,3.1011962890625
44,0.013121870937499835,4.17877197265625
45,0.013144656484374906,3.3551025390625
46,0.013720805312499973,5.0982666015625
47,0.013746194921874899,3.59527587890625
48,0.01432006519531237,4.89166259765625
49,0.014345129296874815,3.980712890625
50,0.014918999570312286,5.81085205078125
51,0.014946667734374808,4.12628173828125
52,0.015471711835937318,5.68634033203125
53,0.015545602109374945,4.59228515625
54,0.016070971718749938,6.3250732421875
55,0.01614746605468742,4.75616455078125
56,0.016672510156249931,6.4862060546875
57,0.016746400429687336,5.14129638671875
58,0.017271444531249847,6.8505859375
59,0.017347938867187329,5.40435791015625
60,0.01787298296874984,7.169189453125
61,0.017946873242187467,5.845947265625
62,0.018471917343749977,7.26593017578125
63,0.018545807617187382,6.0992431640625
64,0.019071177226562375,8.28948974609375
65,0.019147671562499857,6.361083984375
66,0.019672715664062368,7.921142578125
67,0.019715682695312431,6.70562744140625
68,0.020271650039062505,9.21966552734375
69,0.020312338515624973,6.9586181640625
70,0.020873188476562499,8.1170654296875
71,0.020898578085937425,7.09381103515625
72,0.02149751246093734,7.520751953125
73,0.021723089375000004,8.45611572265625
74,0.021823020273437299,8.53485107421875
75,0.021974055898437372,9.21875
76,0.022099050898437334,7.88299560546875
77,0.022697985273437471,8.17779541015625
78,0.023297245156249868,8.55438232421875
79,0.023898783593749862,8.97491455078125
80,0.023965187187499959,7.525634765625
curve_id,48
index,Z indent (µm),Force indent (µN)
0,0,0.49530029296875
1,0.0012004728124999087,0.548095703125
2,0.0016639959374999957,0.531005859375
3,0.0017994071874998241,0.5487060546875
4,0.0022629303124999112,0.59356689453125
5,0.0023986670703124435,0.67718505859375
6,0.0028644687499999044,0.64666748046875
7,0.0030002055078124368,0.74462890625
8,0.0034660071874998977,0.69976806640625
9,0.0035991398828123522,0.83221435546875
10,0.0040626630078124393,0.73577880859375
11,0.0042006783203123454,0.958251953125
12,0.0046642014453124325,0.77178955078125
13,0.0047996126953124829,0.96038818359375
14,0.0052631358203123479,0.86700439453125
15,0.0054014766406249581,1.22711181640625
16,0.0058646742578123412,0.97625732421875
17,0.0060004110156248736,1.18988037109375
18,0.0064636086328124787,1.05621337890625
19,0.006599345390624789,1.5802001953125
20,0.0070651470703124719,1.180419921875
21,0.0071933971484374748,1.42364501953125
22,0.0076233929687499202,1.25152587890625
23,0.0077513175390624411,1.9134521484375
24,0.0082223273437498356,1.38458251953125
25,0.0083938699609373835,1.710205078125
26,0.0088163791015622994,1.46087646484375
27,0.0089517903515623498,2.31353759765625
28,0.0094153134765624369,1.65374755859375
29,0.0095510502343749692,2.08465576171875
30,0.010014247851562352,1.76177978515625
31,0.010152588671874963,2.7752685546875
32,0.010615786289062346,1.954345703125
33,0.010751523046874878,2.5836181640625
34,0.011214720664062483,2.08099365234375
35,0.011353061484374871,3.23211669921875
36,0.011816584609374958,2.30377197265625
37,0.011951995859374787,3.138427734375
38,0.012415518984374874,2.4420166015625
39,0.012551255742187406,3.6529541015625
40,0.013014453359374789,2.6837158203125
41,0.013152794179687399,3.8037109375
42,0.013615991796874782,2.9071044921875
43,0.013751728554687315,4.11834716796875
44,0.01421492617187492,3.17840576171875
45,0.014353266992187308,4.58251953125
46,0.014816790117187395,3.43353271484375
47,0.014949597304687368,4.58526611328125
48,0.015374710507812361,3.65631103515625
49,0.015546253124999909,5.43670654296875
50,0.015976248945312355,3.9825439453125
51,0.016104173515624876,5.02410888671875
52,0.016575183320312492,4.21661376953125
53,0.016744121874999962,6.32415771484375
54,0.017169235078124956,4.5977783203125
55,0.017240846796874987,5.55206298828125
56,0.017768169453124871,4.86236572265625
57,0.017903906210937404,6.96441650390625
58,0.018367103828124787,5.2490234375
59,0.018502840585937319,6.229248046875
60,0.018966363710937406,5.43609619140625
61,0.019104379023437312,7.75238037109375
62,0.019567902148437399,5.87554931640625
63,0.019703638906249932,6.832275390625
64,0.020166836523437315,6.1090087890625
65,0.020305177343749925,8.599853515625
66,0.020768374960937308,6.5399169921875
67,0.020804180820312324,7.550048828125
68,0.020945125703124789,9.2449951171875
69,0.021367309335937446,6.6998291015625
70,0.021968847773437439,6.98028564453125
71,0.022568107656249836,7.1722412109375
72,0.023167042031249974,7.642822265625
73,0.023768580468749967,7.8662109375
74,0.024326500859374933,8.341064453125
75,0.024969053281249876,8.62548828125
76,0.025519486992187312,9.0484619140625
77,0.02557840390624988,7.53936767578125
curve_id,49
index,Z indent (µm),Force indent (µN)
0,0,0.56854248046875
1,0.00059893437500013746,0.5902099609375
2,0.0010097252343750363,0.5316162109375
3,0.0011978687500000529,0.65277099609375
4,0.0016112636718750295,0.5865478515625
5,0.0017535105859376454,0.71685791015625
6,0.002210198046875167,0.67413330078125
7,0.0023550490234376387,0.77545166015625
8,0.0027632358203124596,0.6988525390625
9,0.0029539833984375541,0.938720703125
10,0.0033647742578124529,0.76873779296875
11,0.0035532432812499515,0.98785400390625
12,0.0039611045703125125,0.80322265625
13,0.0041547817187501668,1.2481689453125
14,0.0045629685156249877,0.91827392578125
15,0.0047537160937500822,1.18560791015625
16,0.005164506953124981,0.98480224609375
17,0.0053526504687499976,1.54388427734375
18,0.0057634413281251184,1.1529541015625
19,0.0059541889062499909,1.37359619140625
20,0.0063649797656251117,1.20880126953125
21,0.0065557273437499841,1.91680908203125
22,0.0069639141406250271,1.36322021484375
23,0.0071549872265626036,1.6632080078125
24,0.0075631740234376466,1.4105224609375
25,0.0077565256640625968,2.34222412109375
26,0.0081647124609376398,1.5924072265625
27,0.0083554600390625122,2.08099365234375
28,0.0087636468359375552,1.67694091796875
29,0.0089517903515625719,2.76275634765625
30,0.0093651852734375485,1.9158935546875
31,0.0095022240625000087,2.4945068359375
32,0.0099615155859376081,2.02392578125
33,0.010103762500000002,3.19244384765625
34,0.010517157421874979,2.22442626953125
35,0.010703022382812621,3.126220703125
36,0.011116091796875116,2.3931884765625
37,0.011304560820312615,3.65753173828125
38,0.011717630234375109,2.58819580078125
39,0.01190349519531253,3.76983642578125
40,0.012314286054687651,2.8582763671875
41,0.012502429570312668,4.12689208984375
42,0.012913220429687566,3.0450439453125
43,0.013103968007812661,4.5196533203125
44,0.013512154804687482,3.3575439453125
45,0.013703227890625058,4.5306396484375
46,0.014113693242187475,3.56353759765625
47,0.014304766328125051,5.43548583984375
48,0.014712953125000094,3.92608642578125
49,0.014906304765625045,5.00457763671875
50,0.015314491562500088,4.134521484375
51,0.01550523914062496,6.31683349609375
52,0.015913425937500003,4.50653076171875
53,0.016104173515625098,5.4791259765625
54,0.016514964374999996,4.7576904296875
55,0.016705711953125091,7.0013427734375
56,0.017113898750000134,5.1593017578125
57,0.017307575898437566,6.12457275390625
58,0.017713158632812531,5.36407470703125
59,0.017901302148437548,7.73284912109375
60,0.018314697070312524,5.81268310546875
61,0.018502840585937541,6.80999755859375
62,0.018913631445312662,5.96466064453125
63,0.019055878359375056,8.6749267578125
64,0.019515169882812655,6.431884765625
65,0.019654812734374971,7.43499755859375
66,0.020070811718750026,6.67510986328125
67,0.020256351171874964,9.24285888671875
68,0.020669746093750163,6.89422607421875
69,0.020855285546875102,8.43231201171875
70,0.021266076406250001,7.147216796875
71,0.021457149492187577,9.23614501953125
72,0.021867614843749994,7.44720458984375
73,0.022056083867187493,8.98681640625
74,0.022464270664062536,7.8704833984375
75,0.02264915910156251,9.1705322265625
76,0.023065809101562529,8.17047119140625
77,0.023168669570312606,9.24896240234375
78,0.023590202187500076,8.81378173828125
79,0.023667347539062522,8.555908203125
80,0.023917012031249962,8.90625
81,0.02414779707031256,8.3917236328125
82,0.02426628191406266,8.98162841796875
83,0.024281255273437496,8.59375
84,0.02431966519531259,7.762451171875
85,0.024319990703125072,8.90625
curve_id,50
index,Z indent (µm),Force indent (µN)
0,0,0.49896240234375
1,0.00019400265625013624,0.58197021484375
2,0.00059893437500013746,0.5218505859375
3,0.00079293703125005166,0.5767822265625
4,0.001154576210937508,0.55023193359375
5,0.0013944754687500449,0.6451416015625
6,0.0017535105859376454,0.584716796875
7,0.0019908057812501045,0.70526123046875
8,0.0023524449609375608,0.6170654296875
9,0.0025926697265625798,0.78765869140625
10,0.0029517048437501803,0.70648193359375
11,0.003194208164062573,0.95001220703125
12,0.0035506392187500957,0.7562255859375
13,0.0037931425390624884,1.00677490234375
14,0.0041521776562500889,0.8673095703125
15,0.0043946809765624817,1.20849609375
16,0.0047537160937500822,0.90301513671875
17,0.0049451146875001406,1.1883544921875
18,0.0053500464062501418,1.004638671875
19,0.005544049062500056,1.5142822265625
20,0.0059519103515626171,1.0723876953125
21,0.0061455875000000493,1.40380859375
22,0.0065508447265625325,1.22406005859375
23,0.0067471259375000425,1.88140869140625
24,0.0071523831640625257,1.31134033203125
25,0.007346385820312662,1.73004150390625
26,0.007753921601562519,1.5008544921875
27,0.0079479242578126552,2.28271484375
28,0.0083043553125001779,1.568603515625
29,0.0085442545703124928,2.06146240234375
30,0.0089032896875000933,1.712646484375
31,0.0091457930078124861,2.6953125
32,0.0095048281250000866,1.82403564453125
33,0.0097473314453124793,2.52716064453125
34,0.010101483945312628,2.04803466796875
35,0.010346591328125099,3.1329345703125
36,0.010703022382812621,2.19390869140625
37,0.010948129765625092,3.08441162109375
38,0.011301956757812537,2.379150390625
39,0.011544460078125152,3.6383056640625
40,0.01190349519531253,2.589111328125
41,0.012145998515625145,3.73565673828125
42,0.012502429570312668,2.78717041015625
43,0.012696432226562582,4.09332275390625
44,0.013101689453125065,3.056640625
45,0.013295366601562497,4.4366455078125
46,0.013703227890625058,3.21319580078125
47,0.01389690503906249,4.569091796875
48,0.014302162265624974,3.597412109375
49,0.01449616492187511,5.31158447265625
50,0.014903700703125189,3.77777099609375
51,0.015097703359375103,5.05584716796875
52,0.015502635078125104,4.17510986328125
53,0.015699241796875096,6.265869140625
54,0.01610449902343758,4.36614990234375
55,0.016295572109375156,5.5316162109375
56,0.016703433398437495,4.7601318359375
57,0.016897110546875149,6.91802978515625
58,0.017304971835937488,5.0018310546875
59,0.017496370429687547,6.14959716796875
60,0.017855405546875147,5.4327392578125
61,0.01809790886718754,7.76214599609375
62,0.018454339921875063,5.6298828125
63,0.018696843242187677,6.7529296875
64,0.019055878359375056,6.1199951171875
65,0.019298381679687671,8.6480712890625
66,0.019654812734374971,6.27899169921875
67,0.019800314726562629,7.32452392578125
68,0.019897316054687586,9.25750732421875
69,0.020256351171875187,6.69158935546875
70,0.020855611054687584,6.86767578125
71,0.021454545429687499,7.07977294921875
72,0.022056083867187493,7.471923828125
73,0.02265501824218763,7.7435302734375
74,0.023256556679687623,8.2269287109375
75,0.023855816562500021,8.48175048828125
76,0.024454750937500158,8.934326171875
77,0.024511063789062648,7.38433837890625
